time_left_game,score_diff,b_hat,b_hat_se,tau_p_abs_ge_threshold
15.0,-10.0,0.0020397347398102283,0.0002845700946636498,0.9879400134086609
15.0,-9.0,0.0020397347398102283,0.0002845700946636498,0.9879400134086609
15.0,-8.0,-0.00182711414527148,0.0002843733527697623,0.9878799915313721
15.0,-7.0,0.00579505879431963,0.0002863788104150444,0.9890199899673462
15.0,-6.0,0.0011114416411146522,0.00029191593057475984,0.9891200065612793
15.0,-5.0,-0.013356717303395271,0.00030098113347776234,0.9894400238990784
15.0,-4.0,-0.02199113741517067,0.0003105364157818258,0.9904400110244751
15.0,-3.0,-0.03777426481246948,0.00033429896575398743,0.991320013999939
15.0,-2.0,-0.010137425735592842,0.00034325793967582285,0.9910399913787842
15.0,-1.0,0.006701136473566294,0.000348055298672989,0.9907699823379517
15.0,0.0,0.008670941926538944,0.00035210902569815516,0.9911699891090393
15.0,1.0,-0.0024896953254938126,0.0003435465332586318,0.9910200238227844
15.0,2.0,0.015122237615287304,0.000333287549437955,0.9898399710655212
15.0,3.0,0.0076479301787912846,0.00031916002626530826,0.9902200102806091
15.0,4.0,0.014513079077005386,0.0003039355215150863,0.9893199801445007
15.0,5.0,0.008809670805931091,0.0002959254779852927,0.9891600012779236
15.0,6.0,0.0039090318605303764,0.000288697105133906,0.9890199899673462
15.0,7.0,0.0052575236186385155,0.000287739239865914,0.9888899922370911
15.0,8.0,0.005646187346428633,0.0002870209573302418,0.9884799718856812
15.0,9.0,0.006839632522314787,0.00028712183120660484,0.98853999376297
15.0,10.0,0.006703554652631283,0.0002871196193154901,0.9882799983024597
19.830509185791016,-10.0,0.0036567142233252525,0.00028463301714509726,0.9883900284767151
19.830509185791016,-9.0,0.0036567142233252525,0.00028463301714509726,0.9883900284767151
19.830509185791016,-8.0,-0.00021013406512793154,0.00028443284099921584,0.9888899922370911
19.830509185791016,-7.0,0.008452514186501503,0.0002867607690859586,0.9891200065612793
19.830509185791016,-6.0,0.0037688976153731346,0.00029214107780717313,0.9896100163459778
19.830509185791016,-5.0,-0.009697395376861095,0.0003008709172718227,0.9894700050354004
19.830509185791016,-4.0,-0.012465058825910091,0.00031119241612032056,0.9899100065231323
19.830509185791016,-3.0,-0.026991162449121475,0.0003339901741128415,0.9908900260925293
19.830509185791016,-2.0,-0.0038207583129405975,0.0003430507204029709,0.9904599785804749
19.830509185791016,-1.0,0.008652105927467346,0.000348343892255798,0.9909800291061401
19.830509185791016,0.0,0.011082959361374378,0.0003526996006257832,0.9908000230789185
19.830509185791016,1.0,-0.0001840059703681618,0.00034380139550194144,0.9909700155258179
19.830509185791016,2.0,0.017427926883101463,0.00033350044395774603,0.9905099868774414
19.830509185791016,3.0,0.009953620843589306,0.0003197310143150389,0.989359974861145
19.830509185791016,4.0,0.016862154006958008,0.00030429946491494775,0.9893400073051453
19.830509185791016,5.0,0.010829412378370762,0.0002958394179586321,0.9889500141143799
19.830509185791016,6.0,0.006596163380891085,0.00028880633180961013,0.9886299967765808
19.830509185791016,7.0,0.007944655604660511,0.00028765955357812345,0.9881700277328491
19.830509185791016,8.0,0.008333317935466766,0.00028690637554973364,0.9883900284767151
19.830509185791016,9.0,0.009526764042675495,0.0002869988384190947,0.9882400035858154
19.830509185791016,10.0,0.009390686638653278,0.00028697829111479223,0.9883400201797485
24.6610164642334,-10.0,0.00597040168941021,0.0002849886368494481,0.9882500171661377
24.6610164642334,-9.0,0.00597040168941021,0.0002849886368494481,0.9882500171661377
24.6610164642334,-8.0,0.0021035526879131794,0.00028487498639151454,0.9884600043296814
24.6610164642334,-7.0,0.010766200721263885,0.0002870563475880772,0.9890599846839905
24.6610164642334,-6.0,0.012234245426952839,0.0002923244028352201,0.9897900223731995
24.6610164642334,-5.0,0.0029955676291137934,0.00030187980155460536,0.9893199801445007
24.6610164642334,-4.0,0.0002279067994095385,0.00031362377922050655,0.9895399808883667
24.6610164642334,-3.0,-0.014335589483380318,0.0003337833331897855,0.9908699989318848
24.6610164642334,-2.0,0.007570172660052776,0.0003444303583819419,0.9916399717330933
24.6610164642334,-1.0,0.013615861535072327,0.0003497789439279586,0.9909700155258179
24.6610164642334,0.0,0.010243010707199574,0.0003527087683323771,0.990559995174408
24.6610164642334,1.0,-0.0010518371127545834,0.00034394770045764744,0.9910699725151062
24.6610164642334,2.0,0.016592416912317276,0.00033402975532226264,0.9899799823760986
24.6610164642334,3.0,0.009343826211988926,0.0003205393149983138,0.9904099702835083
24.6610164642334,4.0,0.01596774347126484,0.0003053302934858948,0.988860011100769
24.6610164642334,5.0,0.009935008361935616,0.00029674271354451776,0.9887400269508362
24.6610164642334,6.0,0.0057017565704882145,0.00028978180489502847,0.9884700179100037
24.6610164642334,7.0,0.007050247862935066,0.00028855158598162234,0.9883700013160706
24.6610164642334,8.0,0.007438911125063896,0.00028785475296899676,0.9884200096130371
24.6610164642334,9.0,0.008632357232272625,0.0002879492531064898,0.9886299967765808
24.6610164642334,10.0,0.008496279828250408,0.00028792451485060155,0.9884600043296814
29.491525650024414,-10.0,0.005045141093432903,0.00028880833997391164,0.9880200028419495
29.491525650024414,-9.0,0.005045141093432903,0.00028880833997391164,0.9880200028419495
29.491525650024414,-8.0,0.0011782930232584476,0.0002887640439439565,0.9886500239372253
29.491525650024414,-7.0,0.009840941987931728,0.00029067607829347253,0.9893900156021118
29.491525650024414,-6.0,-8.471271576127037e-05,0.0002923236752394587,0.9891300201416016
29.491525650024414,-5.0,-0.00617484375834465,0.000302204949548468,0.9889000058174133
29.491525650024414,-4.0,-0.010003581643104553,0.00031369595672003925,0.989579975605011
29.491525650024414,-3.0,-0.02470225654542446,0.0003345479490235448,0.9907699823379517
29.491525650024414,-2.0,-0.0020574696827679873,0.0003453567624092102,0.9902200102806091
29.491525650024414,-1.0,0.002160467905923724,0.00035089513403363526,0.9906200170516968
29.491525650024414,0.0,0.008572190999984741,0.00035767783992923796,0.9905400276184082
29.491525650024414,1.0,-0.002555211540311575,0.0003488704387564212,0.9910600185394287
29.491525650024414,2.0,0.014736329205334187,0.00033917458495125175,0.9903600215911865
29.491525650024414,3.0,0.007337180897593498,0.00032519217347726226,0.9897599816322327
29.491525650024414,4.0,0.014110393822193146,0.0003099044261034578,0.9894800186157227
29.491525650024414,5.0,0.009210160933434963,0.00030170870013535023,0.9886199831962585
29.491525650024414,6.0,0.004713142290711403,0.00029434950556606054,0.9895899891853333
29.491525650024414,7.0,0.006061633117496967,0.0002931963244918734,0.9895600080490112
29.491525650024414,8.0,0.00645029591396451,0.00029253787943162024,0.9888700246810913
29.491525650024414,9.0,0.007643742021173239,0.00029263310716487467,0.9886800050735474
29.491525650024414,10.0,0.007507664617151022,0.0002926091547124088,0.9885799884796143
34.3220329284668,-10.0,-0.0032875228207558393,0.0002931552880909294,0.9886299967765808
34.3220329284668,-9.0,-0.0032875228207558393,0.0002931552880909294,0.9886299967765808
34.3220329284668,-8.0,-0.005514045245945454,0.0002934422227554023,0.9883400201797485
34.3220329284668,-7.0,-0.0008693949203006923,0.00029532911139540374,0.9887099862098694
34.3220329284668,-6.0,-0.003831495065242052,0.00029759376775473356,0.9884300231933594
34.3220329284668,-5.0,-0.0012882405426353216,0.0003086601209361106,0.9893100261688232
34.3220329284668,-4.0,-0.0034996643662452698,0.0003201802901457995,0.9903799891471863
34.3220329284668,-3.0,-0.017061421647667885,0.00034093516296707094,0.9907100200653076
34.3220329284668,-2.0,-0.0021687219850718975,0.00035158576793037355,0.9902200102806091
34.3220329284668,-1.0,0.0009883071761578321,0.00035671022487804294,0.9911199808120728
34.3220329284668,0.0,-0.0009191250428557396,0.00036231879494152963,0.991159975528717
34.3220329284668,1.0,-0.009276173077523708,0.0003539796161931008,0.9905800223350525
34.3220329284668,2.0,0.008275212720036507,0.00034366294858045876,0.9899799823760986
34.3220329284668,3.0,0.0013919250341132283,0.0003296215436421335,0.9897400140762329
34.3220329284668,4.0,0.010453218594193459,0.0003134621074423194,0.9899200201034546
34.3220329284668,5.0,0.00796581618487835,0.0003038388676941395,0.9888499975204468
34.3220329284668,6.0,0.0017546797171235085,0.00029691666713915765,0.9890199899673462
34.3220329284668,7.0,0.00310317100957036,0.00029547075973823667,0.9887800216674805
34.3220329284668,8.0,0.003491834504529834,0.00029478242504410446,0.9888200163841248
34.3220329284668,9.0,0.004685279913246632,0.00029484342667274177,0.9888399839401245
34.3220329284668,10.0,0.004549202509224415,0.00029481391538865864,0.9888399839401245
39.15254211425781,-10.0,0.0029961292166262865,0.0002931543567683548,0.9881899952888489
39.15254211425781,-9.0,0.0029961292166262865,0.0002931543567683548,0.9881899952888489
39.15254211425781,-8.0,0.0007696060929447412,0.0002935891388915479,0.9886500239372253
39.15254211425781,-7.0,0.00623265141621232,0.0002958668628707528,0.9887700080871582
39.15254211425781,-6.0,0.003270551562309265,0.00029777834424749017,0.9890099763870239
39.15254211425781,-5.0,0.005813805386424065,0.0003089148085564375,0.989870011806488
39.15254211425781,-4.0,0.003602382494136691,0.0003206300316378474,0.9904800057411194
39.15254211425781,-3.0,-0.00999146606773138,0.000340227474225685,0.9909899830818176
39.15254211425781,-2.0,0.003849125700071454,0.0003514908894430846,0.9909600019454956
39.15254211425781,-1.0,0.01171084027737379,0.0003575281298253685,0.9911900162696838
39.15254211425781,0.0,0.004573059268295765,0.0003623766824603081,0.9914100170135498
39.15254211425781,1.0,-0.0037839901633560658,0.0003539773460943252,0.9909899830818176
39.15254211425781,2.0,0.01362463366240263,0.00034364155726507306,0.9906200170516968
39.15254211425781,3.0,0.006897413171827793,0.0003297286748420447,0.9900799989700317
39.15254211425781,4.0,0.01595870591700077,0.00031355590908788145,0.9893100261688232
39.15254211425781,5.0,0.011104925535619259,0.00030402358970604837,0.9891999959945679
39.15254211425781,6.0,0.004577126353979111,0.00029691739473491907,0.9892399907112122
39.15254211425781,7.0,0.0059256176464259624,0.00029550609178841114,0.9890300035476685
39.15254211425781,8.0,0.006314280908554792,0.0002948253822978586,0.9882699847221375
39.15254211425781,9.0,0.007507726550102234,0.0002948824258055538,0.9885799884796143
39.15254211425781,10.0,0.007371649146080017,0.00029485076083801687,0.988569974899292
43.98305130004883,-10.0,0.004240777809172869,0.00030036832322366536,0.9890300035476685
43.98305130004883,-9.0,0.004240777809172869,0.00030036832322366536,0.9890300035476685
43.98305130004883,-8.0,0.0020142546854913235,0.0003013037203345448,0.9891700148582458
43.98305130004883,-7.0,0.003915324807167053,0.00030370932654477656,0.9887099862098694
43.98305130004883,-6.0,-0.0013786607887595892,0.0003038810973521322,0.9889600276947021
43.98305130004883,-5.0,0.0016537128249183297,0.0003156676539219916,0.9903600215911865
43.98305130004883,-4.0,0.0011770706623792648,0.0003283247060608119,0.9904800057411194
43.98305130004883,-3.0,-0.011940767988562584,0.0003463239409029484,0.9909899830818176
43.98305130004883,-2.0,-0.0036836497019976377,0.000358817633241415,0.9914699792861938
43.98305130004883,-1.0,-0.001835934934206307,0.0003640189243014902,0.9912400245666504
43.98305130004883,0.0,-0.0027434281073510647,0.00037079612957313657,0.9910299777984619
43.98305130004883,1.0,-0.009924381971359253,0.00036270616692490876,0.9911900162696838
43.98305130004883,2.0,0.007447866257280111,0.00035233463859185576,0.9903299808502197
43.98305130004883,3.0,0.0014880382223054767,0.0003349203325342387,0.9898099899291992
43.98305130004883,4.0,0.011209062300622463,0.00031795096583664417,0.989870011806488
43.98305130004883,5.0,0.005785312969237566,0.00030718499328941107,0.9893500208854675
43.98305130004883,6.0,0.001924920710735023,0.00029970816103741527,0.9890900254249573
43.98305130004883,7.0,0.0032179714180529118,0.00029835806344635785,0.9888799786567688
43.98305130004883,8.0,0.003606635145843029,0.00029764240025542676,0.9885500073432922
43.98305130004883,9.0,0.0048000807873904705,0.00029770570108667016,0.9886400103569031
43.98305130004883,10.0,0.004664003383368254,0.0002976729010697454,0.9886000156402588
48.813560485839844,-10.0,0.00909406691789627,0.00030072013032622635,0.9889199733734131
48.813560485839844,-9.0,0.00909406691789627,0.00030072013032622635,0.9889199733734131
48.813560485839844,-8.0,0.0059996601194143295,0.00030161227914504707,0.989579975605011
48.813560485839844,-7.0,0.007900730706751347,0.0003040762385353446,0.9895899891853333
48.813560485839844,-6.0,0.004019543994218111,0.0003044483601115644,0.9895899891853333
48.813560485839844,-5.0,0.0070519172586500645,0.0003162069187965244,0.9904299974441528
48.813560485839844,-4.0,0.006575275212526321,0.00032897110213525593,0.9907500147819519
48.813560485839844,-3.0,-0.006542562041431665,0.00034641477395780385,0.9908599853515625
48.813560485839844,-2.0,0.0010968548012897372,0.00035833806032314897,0.9914000034332275
48.813560485839844,-1.0,0.0029445693362504244,0.00036360867670737207,0.9915599822998047
48.813560485839844,0.0,0.0023553799837827682,0.0003705456620082259,0.9909499883651733
48.813560485839844,1.0,-0.00482557388022542,0.0003624673990998417,0.9910399913787842
48.813560485839844,2.0,0.012608416378498077,0.0003522893530316651,0.9905700087547302
48.813560485839844,3.0,0.00633028382435441,0.00033479477860964835,0.9896500110626221
48.813560485839844,4.0,0.016051309183239937,0.0003179077466484159,0.9900599718093872
48.813560485839844,5.0,0.010627557523548603,0.0003071131359320134,0.9890699982643127
48.813560485839844,6.0,0.00504930829629302,0.00029977873782627285,0.9885600209236145
48.813560485839844,7.0,0.006342359818518162,0.00029842572985216975,0.988860011100769
48.813560485839844,8.0,0.006731023080646992,0.00029770919354632497,0.9888499975204468
48.813560485839844,9.0,0.007924468256533146,0.0002977764524985105,0.9888200163841248
48.813560485839844,10.0,0.007788391783833504,0.0002977465628646314,0.988860011100769
53.64406967163086,-10.0,0.006535273045301437,0.00030193899874575436,0.9890699982643127
53.64406967163086,-9.0,0.006535273045301437,0.00030193899874575436,0.9890699982643127
53.64406967163086,-8.0,0.003440866945311427,0.0003028302744496614,0.9892100095748901
53.64406967163086,-7.0,0.0053419372998178005,0.00030530692311003804,0.9894400238990784
53.64406967163086,-6.0,0.00104869669303298,0.00030554106342606246,0.9888100028038025
53.64406967163086,-5.0,0.004081070423126221,0.00031721507548354566,0.9905800223350525
53.64406967163086,-4.0,0.0035566159058362246,0.00032993798959068954,0.9904099702835083
53.64406967163086,-3.0,-0.009561222046613693,0.00034729691105894744,0.9907400012016296
53.64406967163086,-2.0,-0.0018585383659228683,0.0003593123401515186,0.9905800223350525
53.64406967163086,-1.0,-1.0824041055457201e-05,0.000364619743777439,0.991379976272583
53.64406967163086,0.0,-0.00060001335805282,0.0003717602521646768,0.991379976272583
53.64406967163086,1.0,-0.007780967280268669,0.0003636289620772004,0.9907199740409851
53.64406967163086,2.0,0.010555589571595192,0.000352877308614552,0.9905999898910522
53.64406967163086,3.0,0.004277456551790237,0.00033550025545991957,0.989870011806488
53.64406967163086,4.0,0.013998481445014477,0.00031865626806393266,0.9892899990081787
53.64406967163086,5.0,0.008574729785323143,0.00030784684349782765,0.9888200163841248
53.64406967163086,6.0,0.0029964821878820658,0.00030056340619921684,0.9888399839401245
53.64406967163086,7.0,0.004289533477276564,0.00029916607309132814,0.9884600043296814
53.64406967163086,8.0,0.004678196273744106,0.0002984452876262367,0.9887800216674805
53.64406967163086,9.0,0.005871641915291548,0.0002985212777275592,0.9887700080871582
53.64406967163086,10.0,0.005735564976930618,0.0002984918828587979,0.9890199899673462
58.47457504272461,-10.0,0.002936338307335973,0.00029974390054121614,0.9887199997901917
58.47457504272461,-9.0,0.002936338307335973,0.00029974390054121614,0.9887199997901917
58.47457504272461,-8.0,-0.00015806799638085067,0.0003003862511832267,0.9894800186157227
58.47457504272461,-7.0,0.0017430022126063704,0.00030237328610382974,0.9884899854660034
58.47457504272461,-6.0,-0.0017585396999493241,0.0003032799868378788,0.9888100028038025
58.47457504272461,-5.0,0.001273833797313273,0.0003145333321299404,0.9895399808883667
58.47457504272461,-4.0,0.00019031204283237457,0.0003273257752880454,0.9901000261306763
58.47457504272461,-3.0,-0.012949309311807156,0.000347710883943364,0.9907400012016296
58.47457504272461,-2.0,-0.004497315268963575,0.0003601479984354228,0.9907500147819519
58.47457504272461,-1.0,-0.002530355006456375,0.0003660605289041996,0.9912199974060059
58.47457504272461,0.0,-0.0014755408046767116,0.00037370692007243633,0.9911400079727173
58.47457504272461,1.0,-0.008656495250761509,0.00036574542173184454,0.9910500049591064
58.47457504272461,2.0,0.009682499803602695,0.0003547114320099354,0.9904800057411194
58.47457504272461,3.0,0.004220494534820318,0.00033601780887693167,0.9902899861335754
58.47457504272461,4.0,0.014150027185678482,0.00031914093415252864,0.9892299771308899
58.47457504272461,5.0,0.008726274594664574,0.00030834722565487027,0.9892399907112122
58.47457504272461,6.0,0.002724942285567522,0.00030104033066891134,0.9886400103569031
58.47457504272461,7.0,0.004017993342131376,0.0002996980620082468,0.9883300065994263
58.47457504272461,8.0,0.0044066570699214935,0.0002989858330693096,0.9886599779129028
58.47457504272461,9.0,0.005600102711468935,0.0002990587963722646,0.9888700246810913
58.47457504272461,10.0,0.005464024841785431,0.0002990305656567216,0.9889900088310242
63.305084228515625,-10.0,0.0016024060314521194,0.00030028223409317434,0.988569974899292
63.305084228515625,-9.0,0.0016024060314521194,0.00030028223409317434,0.988569974899292
63.305084228515625,-8.0,-0.001491999952122569,0.00030090491054579616,0.9889299869537354
63.305084228515625,-7.0,0.0004090701986569911,0.0003028573701158166,0.9888100028038025
63.305084228515625,-6.0,-0.0030924722086638212,0.000303934357361868,0.9893699884414673
63.305084228515625,-5.0,3.2395053040090716e-06,0.00031522175413556397,0.9895899891853333
63.305084228515625,-4.0,-0.0010802821489050984,0.0003280563105363399,0.9896699786186218
63.305084228515625,-3.0,-0.01418501790612936,0.000348641537129879,0.9909899830818176
63.305084228515625,-2.0,-0.005778423044830561,0.00036113380338065326,0.990909993648529
63.305084228515625,-1.0,-0.0038311255630105734,0.0003669453726615757,0.9912300109863281
63.305084228515625,0.0,-0.0028561591170728207,0.00037495754077099264,0.9911999702453613
63.305084228515625,1.0,-0.010140948928892612,0.000366878230124712,0.990909993648529
63.305084228515625,2.0,0.009124599397182465,0.00035657320404425263,0.9902899861335754
63.305084228515625,3.0,0.003703505266457796,0.000337821344146505,0.9896399974822998
63.305084228515625,4.0,0.01363303605467081,0.0003208809648640454,0.9890499711036682
63.305084228515625,5.0,0.008209285326302052,0.0003101317270193249,0.9891200065612793
63.305084228515625,6.0,0.002207953017205,0.0003028005885425955,0.988569974899292
63.305084228515625,7.0,0.003501003608107567,0.00030150022939778864,0.9888499975204468
63.305084228515625,8.0,0.003889667335897684,0.00030075738322921097,0.988290011882782
63.305084228515625,9.0,0.005083112977445126,0.0003008626226801425,0.9881700277328491
63.305084228515625,10.0,0.0049470351077616215,0.00030083622550591826,0.9881100058555603
68.13558959960938,-10.0,0.003197828307747841,0.00030161539325490594,0.9883300065994263
68.13558959960938,-9.0,0.003197828307747841,0.00030161539325490594,0.9883300065994263
68.13558959960938,-8.0,0.00010342260065954179,0.00030235713347792625,0.989109992980957
68.13558959960938,-7.0,0.0020359321497380733,0.0003045480989385396,0.9891600012779236
68.13558959960938,-6.0,-0.0015634478768333793,0.0003054486878681928,0.9888100028038025
68.13558959960938,-5.0,0.001429449301213026,0.0003169391711708158,0.9896799921989441
68.13558959960938,-4.0,-0.0005214930861257017,0.0003299178497400135,0.9899399876594543
68.13558959960938,-3.0,-0.013613692484796047,0.00035010965075343847,0.9905400276184082
68.13558959960938,-2.0,-0.007710225414484739,0.0003628247359301895,0.9911500215530396
68.13558959960938,-1.0,-0.00535300187766552,0.0003686235286295414,0.9913600087165833
68.13558959960938,0.0,-0.003111157799139619,0.00037673162296414375,0.9915900230407715
68.13558959960938,1.0,-0.010395945981144905,0.00036857640952803195,0.9910100102424622
68.13558959960938,2.0,0.009803730063140392,0.00035767583176493645,0.9900299906730652
68.13558959960938,3.0,0.004720534663647413,0.0003377194225322455,0.9902200102806091
68.13558959960938,4.0,0.014618627727031708,0.00032076117349788547,0.9897699952125549
68.13558959960938,5.0,0.008027642965316772,0.0003101504116784781,0.9888799786567688
68.13558959960938,6.0,0.00207425095140934,0.00030278362100943923,0.9890000224113464
68.13558959960938,7.0,0.003367302007973194,0.00030153855914250016,0.9887999892234802
68.13558959960938,8.0,0.0037559650372713804,0.0003008018829859793,0.9883599877357483
68.13558959960938,9.0,0.004949410445988178,0.00030090645304881036,0.9882500171661377
68.13558959960938,10.0,0.004813333507627249,0.0003008800558745861,0.9881899952888489
72.96610260009766,-10.0,0.0012949099764227867,0.00030175718711689115,0.9886900186538696
72.96610260009766,-9.0,0.0012949099764227867,0.00030175718711689115,0.9886900186538696
72.96610260009766,-8.0,-0.001799496472813189,0.00030243484070524573,0.9889799952507019
72.96610260009766,-7.0,0.0001330130617134273,0.00030455950764007866,0.9892799854278564
72.96610260009766,-6.0,-0.003466366557404399,0.00030558687285520136,0.9891899824142456
72.96610260009766,-5.0,0.0001079136854968965,0.00031693640630692244,0.9898999929428101
72.96610260009766,-4.0,-0.0018430287018418312,0.00032996959635056555,0.9904099702835083
72.96610260009766,-3.0,-0.012873278930783272,0.00035063913674093783,0.9905700087547302
72.96610260009766,-2.0,-0.006969811860471964,0.00036351941525936127,0.991379976272583
72.96610260009766,-1.0,-0.004631416406482458,0.0003693541802931577,0.9914699792861938
72.96610260009766,0.0,-0.003047311445698142,0.000377436401322484,0.9917299747467041
72.96610260009766,1.0,-0.01033210102468729,0.0003693795879371464,0.9910299777984619
72.96610260009766,2.0,0.009946653619408607,0.00035842263605445623,0.9904900193214417
72.96610260009766,3.0,0.004863253328949213,0.000338481244398281,0.9901700019836426
72.96610260009766,4.0,0.014825870282948017,0.0003213548334315419,0.9893800020217896
72.96610260009766,5.0,0.007923499681055546,0.0003106412186753005,0.9892699718475342
72.96610260009766,6.0,0.0021880241110920906,0.0003031886008102447,0.9884899854660034
72.96610260009766,7.0,0.003481074934825301,0.00030195238650776446,0.9886999726295471
72.96610260009766,8.0,0.0038697386626154184,0.00030120377778075635,0.988569974899292
72.96610260009766,9.0,0.005063184071332216,0.000301307620247826,0.9885299801826477
72.96610260009766,10.0,0.004927107132971287,0.0003012818342540413,0.9884300231933594
77.7966079711914,-10.0,-0.0006268807337619364,0.0003014392568729818,0.9887800216674805
77.7966079711914,-9.0,-0.0006268807337619364,0.0003014392568729818,0.9887800216674805
77.7966079711914,-8.0,-0.0037212863098829985,0.00030208067619241774,0.9891499876976013
77.7966079711914,-7.0,-0.0017887772992253304,0.00030411800253205,0.9884499907493591
77.7966079711914,-6.0,-0.00538815651088953,0.0003053351247217506,0.9891999959945679
77.7966079711914,-5.0,-0.001813876791857183,0.0003166447568219155,0.9899299740791321
77.7966079711914,-4.0,-0.0037648191209882498,0.00032968755112960935,0.9896699786186218
77.7966079711914,-3.0,-0.013922746293246746,0.0003507896326482296,0.9908000230789185
77.7966079711914,-2.0,-0.008676830679178238,0.000363883504178375,0.9912099838256836
77.7966079711914,-1.0,-0.0063384356908500195,0.00036969935172237456,0.9906600117683411
77.7966079711914,0.0,-0.004723269958049059,0.0003778570971917361,0.991379976272583
77.7966079711914,1.0,-0.012446497566998005,0.00036958817509002984,0.991129994392395
77.7966079711914,2.0,0.00735674612224102,0.000358764169504866,0.9909700155258179
77.7966079711914,3.0,0.002273344434797764,0.00033890389022417367,0.9900599718093872
77.7966079711914,4.0,0.012455398216843605,0.000321562954923138,0.9895600080490112
77.7966079711914,5.0,0.005396468099206686,0.0003108505916316062,0.9894199967384338
77.7966079711914,6.0,-0.00033900811104103923,0.00030340265948325396,0.9887800216674805
77.7966079711914,7.0,0.0009540428291074932,0.0003021626907866448,0.9889799952507019
77.7966079711914,8.0,0.0018727948190644383,0.0003013979294337332,0.9882699847221375
77.7966079711914,9.0,0.003066240344196558,0.00030149167287163436,0.9887300133705139
77.7966079711914,10.0,0.002930162940174341,0.00030146646895445883,0.9887700080871582
82.62712097167969,-10.0,0.0013221690896898508,0.0003021684824489057,0.9884700179100037
82.62712097167969,-9.0,0.0013221690896898508,0.0003021684824489057,0.9884700179100037
82.62712097167969,-8.0,-0.0017722368938848376,0.00030283353407867253,0.9885200262069702
82.62712097167969,-7.0,0.0006476400885730982,0.00030480296118184924,0.9886900186538696
82.62712097167969,-6.0,-0.0030281133949756622,0.0003061337920371443,0.9893400073051453
82.62712097167969,-5.0,0.0005461671971715987,0.00031743684667162597,0.9892500042915344
82.62712097167969,-4.0,-0.0014047750737518072,0.00033051971695385873,0.989870011806488
82.62712097167969,-3.0,-0.011501115746796131,0.00035159412072971463,0.9906700253486633
82.62712097167969,-2.0,-0.006230581551790237,0.0003650938451755792,0.9914799928665161
82.62712097167969,-1.0,-0.0019313909579068422,0.00037131598219275475,0.9912599921226501
82.62712097167969,0.0,-0.0007666100864298642,0.0003809406189247966,0.9912700057029724
82.62712097167969,1.0,-0.008551424369215965,0.00037267489824444056,0.991100013256073
82.62712097167969,2.0,0.01155618391931057,0.0003620128845795989,0.9906899929046631
82.62712097167969,3.0,0.006472781300544739,0.00034228016738779843,0.9901999831199646
82.62712097167969,4.0,0.01660117879509926,0.00032484185067005455,0.9897900223731995
82.62712097167969,5.0,0.008834539912641048,0.00031368708005174994,0.9891200065612793
82.62712097167969,6.0,0.002227185061201453,0.0003052583197131753,0.9890599846839905
82.62712097167969,7.0,0.00352023565210402,0.0003039673320017755,0.9882400035858154
82.62712097167969,8.0,0.00443898793309927,0.00030319931101985276,0.9886599779129028
82.62712097167969,9.0,0.005632433574646711,0.00030333356698974967,0.9889199733734131
82.62712097167969,10.0,0.0054963561706244946,0.0003033050161320716,0.9887499809265137
87.45762634277344,-10.0,0.001652930281125009,0.00030268027330748737,0.9885600209236145
87.45762634277344,-9.0,0.001652930281125009,0.00030268027330748737,0.9885600209236145
87.45762634277344,-8.0,-0.0006676000775769353,0.00030353094916790724,0.989109992980957
87.45762634277344,-7.0,0.0017522770212963223,0.000305530964396894,0.9893100261688232
87.45762634277344,-6.0,-0.003357603447511792,0.00030758403590880334,0.989139974117279
87.45762634277344,-5.0,0.000134048837935552,0.0003187819675076753,0.989579975605011
87.45762634277344,-4.0,-0.0018168935785070062,0.0003319203096907586,0.9899600148200989
87.45762634277344,-3.0,-0.011994896456599236,0.00035306205973029137,0.9905300140380859
87.45762634277344,-2.0,-0.007291665766388178,0.00036646195803768933,0.9911699891090393
87.45762634277344,-1.0,-0.004139280878007412,0.0003728388692252338,0.9914199709892273
87.45762634277344,0.0,-0.003555797040462494,0.000382230500690639,0.991599977016449
87.45762634277344,1.0,-0.011473305523395538,0.0003740607644431293,0.9904900193214417
87.45762634277344,2.0,0.010708648711442947,0.00036198494490236044,0.9906700253486633
87.45762634277344,3.0,0.006281075533479452,0.0003423185262363404,0.9902099967002869
87.45762634277344,4.0,0.01640947349369526,0.0003248095454182476,0.9900400042533875
87.45762634277344,5.0,0.008875487372279167,0.00031370826764032245,0.9891800284385681
87.45762634277344,6.0,0.0022681336849927902,0.0003052600659430027,0.9891600012779236
87.45762634277344,7.0,0.003643812844529748,0.0003040819428861141,0.9883000254631042
87.45762634277344,8.0,0.00456256465986371,0.00030332128517329693,0.9886699914932251
87.45762634277344,9.0,0.005756010301411152,0.00030345606501214206,0.9888799786567688
87.45762634277344,10.0,0.005619932897388935,0.0003034263208974153,0.9887300133705139
92.28813934326172,-10.0,0.0022125153336673975,0.0003038609866052866,0.9886999726295471
92.28813934326172,-9.0,0.0022125153336673975,0.0003038609866052866,0.9886999726295471
92.28813934326172,-8.0,-0.00010801481403177604,0.0003047984791919589,0.9889600276947021
92.28813934326172,-7.0,0.0013129992876201868,0.00030693033477291465,0.9889199733734131
92.28813934326172,-6.0,-0.003456301521509886,0.0003093247360084206,0.9891899824142456
92.28813934326172,-5.0,3.5350865800864995e-05,0.0003204036329407245,0.9900000095367432
92.28813934326172,-4.0,-0.0015972538385540247,0.0003337198286317289,0.9904000163078308
92.28813934326172,-3.0,-0.011388106271624565,0.0003547377709764987,0.9909200072288513
92.28813934326172,-2.0,-0.008884968236088753,0.0003681856323964894,0.9911400079727173
92.28813934326172,-1.0,-0.005944047123193741,0.0003744055575225502,0.9916700124740601
92.28813934326172,0.0,-0.008710927329957485,0.00038347093504853547,0.9916099905967712
92.28813934326172,1.0,-0.01683916710317135,0.0003752108896151185,0.9916099905967712
92.28813934326172,2.0,0.0048837498761713505,0.0003631010768003762,0.9907500147819519
92.28813934326172,3.0,0.0004850881814491004,0.0003438047133386135,0.99031001329422
92.28813934326172,4.0,0.010613486170768738,0.00032624026061967015,0.9899200201034546
92.28813934326172,5.0,0.0051596201956272125,0.00031505056540481746,0.9890699982643127
92.28813934326172,6.0,0.0004552965401671827,0.00030651246197521687,0.9890099763870239
92.28813934326172,7.0,0.0018309755250811577,0.00030529117793776095,0.9885900020599365
92.28813934326172,8.0,0.0027497275732457638,0.0003044988843612373,0.9885200262069702
92.28813934326172,9.0,0.003943172749131918,0.00030463223811239004,0.9887999892234802
92.28813934326172,10.0,0.003807095577940345,0.0003045990888494998,0.9887199997901917
97.11864471435547,-10.0,-0.0058258953504264355,0.0003031111555173993,0.9887800216674805
97.11864471435547,-9.0,-0.0058258953504264355,0.0003031111555173993,0.9887800216674805
97.11864471435547,-8.0,-0.008146424777805805,0.00030342282843776047,0.9892600178718567
97.11864471435547,-7.0,-0.006209715735167265,0.00030448214965872467,0.9893800020217896
97.11864471435547,-6.0,-0.013475027866661549,0.0003110714314971119,0.989300012588501
97.11864471435547,-5.0,-0.010012122802436352,0.0003213799500372261,0.9893900156021118
97.11864471435547,-4.0,-0.011958880349993706,0.0003350703336764127,0.9904999732971191
97.11864471435547,-3.0,-0.020802395418286324,0.0003590562264434993,0.9909800291061401
97.11864471435547,-2.0,-0.015020039863884449,0.000371624220861122,0.9917399883270264
97.11864471435547,-1.0,-0.008976668119430542,0.0003771814808715135,0.991320013999939
97.11864471435547,0.0,-0.003378179855644703,0.00038707390194758773,0.9913700222969055
97.11864471435547,1.0,-0.011323423124849796,0.0003791221242863685,0.9916800260543823
97.11864471435547,2.0,0.009541320614516735,0.0003671932208817452,0.9909600019454956
97.11864471435547,3.0,0.008792984299361706,0.0003439199645072222,0.9897199869155884
97.11864471435547,4.0,0.020061055198311806,0.00032633484806865454,0.9897699952125549
97.11864471435547,5.0,0.011657839640974998,0.0003152809222228825,0.9895700216293335
97.11864471435547,6.0,0.003783539170399308,0.00030667168903164566,0.98853999376297
97.11864471435547,7.0,0.005159217398613691,0.0003055581182707101,0.9884099960327148
97.11864471435547,8.0,0.006077969446778297,0.0003047986829187721,0.988789975643158
97.11864471435547,9.0,0.007271415553987026,0.00030492583755403757,0.988510012626648
97.11864471435547,10.0,0.007135337684303522,0.0003048948710784316,0.9884499907493591
101.94915008544922,-10.0,-0.00513830641284585,0.0003037368878722191,0.9888700246810913
101.94915008544922,-9.0,-0.00513830641284585,0.0003037368878722191,0.9888700246810913
101.94915008544922,-8.0,-0.00745883584022522,0.00030404815333895385,0.9888499975204468
101.94915008544922,-7.0,-0.005522125866264105,0.000305115565424785,0.9891300201416016
101.94915008544922,-6.0,-0.012787441723048687,0.00031170426518656313,0.9894199967384338
101.94915008544922,-5.0,-0.009232524782419205,0.0003221303049940616,0.9900699853897095
101.94915008544922,-4.0,-0.011179281398653984,0.000335784163326025,0.990809977054596
101.94915008544922,-3.0,-0.020022796466946602,0.0003598455514293164,0.9905200004577637
101.94915008544922,-2.0,-0.014240440912544727,0.00037231799797154963,0.9915199875831604
101.94915008544922,-1.0,-0.008197070099413395,0.00037790052010677755,0.9911699891090393
101.94915008544922,0.0,-0.0020868368446826935,0.00038790234248153865,0.9913100004196167
101.94915008544922,1.0,-0.010032078251242638,0.00038002035580575466,0.9913100004196167
101.94915008544922,2.0,0.010785684920847416,0.0003680161898955703,0.990809977054596
101.94915008544922,3.0,0.010014528408646584,0.00034452456748113036,0.9896600246429443
101.94915008544922,4.0,0.02241603098809719,0.0003266709973104298,0.9902700185775757
101.94915008544922,5.0,0.014012813568115234,0.0003157170140184462,0.9898099899291992
101.94915008544922,6.0,0.006138513330370188,0.000307009118841961,0.9889600276947021
101.94915008544922,7.0,0.0075141917914152145,0.00030604598578065634,0.9888299703598022
101.94915008544922,8.0,0.008432943373918533,0.0003053220279980451,0.9889199733734131
101.94915008544922,9.0,0.009626387618482113,0.0003054443222936243,0.9884300231933594
101.94915008544922,10.0,0.009490312077105045,0.00030540823354385793,0.9885600209236145
106.7796630859375,-10.0,-0.005914768669754267,0.00030453165527433157,0.9894899725914001
106.7796630859375,-9.0,-0.005914768669754267,0.00030453165527433157,0.9894899725914001
106.7796630859375,-8.0,-0.008235299959778786,0.00030481236171908677,0.9890400171279907
106.7796630859375,-7.0,-0.006337246857583523,0.0003058841684833169,0.9889199733734131
106.7796630859375,-6.0,-0.013635351322591305,0.00031228543957695365,0.9895399808883667
106.7796630859375,-5.0,-0.010080438107252121,0.0003226343251299113,0.9896299839019775
106.7796630859375,-4.0,-0.012110906653106213,0.00033625916694290936,0.9906799793243408
106.7796630859375,-3.0,-0.02074524201452732,0.0003599811752792448,0.9908699989318848
106.7796630859375,-2.0,-0.01591080240905285,0.000372585462173447,0.9912499785423279
106.7796630859375,-1.0,-0.009913953021168709,0.00037830788642168045,0.9908000230789185
106.7796630859375,0.0,-0.004281245172023773,0.00038865068927407265,0.9913600087165833
106.7796630859375,1.0,-0.012728874571621418,0.000380642683012411,0.9912199974060059
106.7796630859375,2.0,0.008566927164793015,0.0003695125342346728,0.9901999831199646
106.7796630859375,3.0,0.00876282062381506,0.0003465685877017677,0.9907500147819519
106.7796630859375,4.0,0.019924532622098923,0.0003288102161604911,0.9897099733352661
106.7796630859375,5.0,0.011521718464791775,0.00031757826218381524,0.9896500110626221
106.7796630859375,6.0,0.004518392030149698,0.00030884818988852203,0.9886699914932251
106.7796630859375,7.0,0.005894070956856012,0.00030779308872297406,0.988789975643158
106.7796630859375,8.0,0.007287279237061739,0.00030726162367500365,0.9887700080871582
106.7796630859375,9.0,0.009213217534124851,0.00030747984419576824,0.9889199733734131
106.7796630859375,10.0,0.009077140130102634,0.00030745394178666174,0.9886999726295471
111.61016845703125,-10.0,-0.006368089467287064,0.0003061312309000641,0.9892200231552124
111.61016845703125,-9.0,-0.006368089467287064,0.0003061312309000641,0.9892200231552124
111.61016845703125,-8.0,-0.00868861936032772,0.00030644828802905977,0.9891899824142456
111.61016845703125,-7.0,-0.006790567189455032,0.0003075036802329123,0.989300012588501
111.61016845703125,-6.0,-0.014088675379753113,0.00031411979580298066,0.9894300103187561
111.61016845703125,-5.0,-0.010533759370446205,0.0003244722029194236,0.9897800087928772
111.61016845703125,-4.0,-0.01294028665870428,0.00033823048579506576,0.99058997631073
111.61016845703125,-3.0,-0.021702611818909645,0.0003622960939537734,0.9912899732589722
111.61016845703125,-2.0,-0.016868172213435173,0.0003747388254851103,0.9913300275802612
111.61016845703125,-1.0,-0.010669466108083725,0.00038051887531764805,0.9915099740028381
111.61016845703125,0.0,-0.005036759655922651,0.0003908761136699468,0.9918699860572815
111.61016845703125,1.0,-0.013005351647734642,0.00038275093538686633,0.9912999868392944
111.61016845703125,2.0,0.010084301233291626,0.0003719488740898669,0.9902999997138977
111.61016845703125,3.0,0.01130762044340372,0.00034872739342972636,0.9905999898910522
111.61016845703125,4.0,0.022469336166977882,0.0003311476903036237,0.9901599884033203
111.61016845703125,5.0,0.01332500483840704,0.00031926430528983474,0.9895399808883667
111.61016845703125,6.0,0.005921726580709219,0.00031013056286610663,0.989300012588501
111.61016845703125,7.0,0.007189611438661814,0.000309135764837265,0.9891300201416016
111.61016845703125,8.0,0.008582820184528828,0.0003086118958890438,0.9891300201416016
111.61016845703125,9.0,0.010508758947253227,0.00030884461011737585,0.9891999959945679
111.61016845703125,10.0,0.010372680611908436,0.0003088208322878927,0.9892600178718567
116.44068145751953,-10.0,-0.0064947702921926975,0.00030663245706819,0.9890199899673462
116.44068145751953,-9.0,-0.0064947702921926975,0.00030663245706819,0.9890199899673462
116.44068145751953,-8.0,-0.008815300650894642,0.0003069512895308435,0.9890300035476685
116.44068145751953,-7.0,-0.006917247083038092,0.00030799966771155596,0.9892799854278564
116.44068145751953,-6.0,-0.014215354807674885,0.0003146954986732453,0.9897500276565552
116.44068145751953,-5.0,-0.010660440661013126,0.0003250343434046954,0.989799976348877
116.44068145751953,-4.0,-0.013066967949271202,0.00033881698618642986,0.9904099702835083
116.44068145751953,-3.0,-0.02190401591360569,0.0003629066632129252,0.9914799928665161
116.44068145751953,-2.0,-0.01706957258284092,0.00037532715941779315,0.9911100268363953
116.44068145751953,-1.0,-0.010870869271457195,0.0003810828784480691,0.9916399717330933
116.44068145751953,0.0,-0.006509614177048206,0.0003912034153472632,0.9912899732589722
116.44068145751953,1.0,-0.014339132234454155,0.0003830993955489248,0.9916800260543823
116.44068145751953,2.0,0.0088887270539999,0.0003721375251188874,0.99058997631073
116.44068145751953,3.0,0.01014740951359272,0.00034888990921899676,0.9902600049972534
116.44068145751953,4.0,0.021309124305844307,0.00033128514769487083,0.9902799725532532
116.44068145751953,5.0,0.013329350389540195,0.0003196133766323328,0.989799976348877
116.44068145751953,6.0,0.0059260716661810875,0.00031049392418935895,0.9890400171279907
116.44068145751953,7.0,0.007193956524133682,0.0003095127467531711,0.9889600276947021
116.44068145751953,8.0,0.008587165735661983,0.0003089940291829407,0.9891499876976013
116.44068145751953,9.0,0.010513104498386383,0.00030922831501811743,0.9892100095748901
116.44068145751953,10.0,0.010377028025686741,0.0003092047991231084,0.989359974861145
121.27118682861328,-10.0,-0.010913148522377014,0.0003084970230702311,0.9889600276947021
121.27118682861328,-9.0,-0.010913148522377014,0.0003084970230702311,0.9889600276947021
121.27118682861328,-8.0,-0.013233678415417671,0.0003087454824708402,0.9892200231552124
121.27118682861328,-7.0,-0.011335625313222408,0.0003096449072472751,0.9886699914932251
121.27118682861328,-6.0,-0.018633732572197914,0.0003170270356349647,0.9902099967002869
121.27118682861328,-5.0,-0.015239366330206394,0.0003272400645073503,0.9899500012397766
121.27118682861328,-4.0,-0.017878198996186256,0.0003411771322134882,0.9905700087547302
121.27118682861328,-3.0,-0.026833120733499527,0.00036592790274880826,0.9912899732589722
121.27118682861328,-2.0,-0.022248854860663414,0.0003779408580157906,0.9917500019073486
121.27118682861328,-1.0,-0.016080059111118317,0.0003835275419987738,0.9918400049209595
121.27118682861328,0.0,-0.007981987670063972,0.0003924389311578125,0.9914000034332275
121.27118682861328,1.0,-0.015771830454468727,0.0003842099686153233,0.9911400079727173
121.27118682861328,2.0,0.006604208145290613,0.0003729047894012183,0.990880012512207
121.27118682861328,3.0,0.008081500418484211,0.0003500899765640497,0.9901900291442871
121.27118682861328,4.0,0.016968823969364166,0.00033250226988457143,0.989870011806488
121.27118682861328,5.0,0.009155950509011745,0.00032070750603452325,0.9891800284385681
121.27118682861328,6.0,0.001752672716975212,0.0003117196320090443,0.989329993724823
121.27118682861328,7.0,0.0030205578077584505,0.0003105458163190633,0.989109992980957
121.27118682861328,8.0,0.006349452305585146,0.000310069095576182,0.9888799786567688
121.27118682861328,9.0,0.008275391533970833,0.00031031601247377694,0.9887700080871582
121.27118682861328,10.0,0.008139314129948616,0.000310292758513242,0.9890199899673462
126.10169219970703,-10.0,-0.01029923465102911,0.00030872575007379055,0.9889000058174133
126.10169219970703,-9.0,-0.01029923465102911,0.00030872575007379055,0.9889000058174133
126.10169219970703,-8.0,-0.012619764544069767,0.00030897746910341084,0.9893100261688232
126.10169219970703,-7.0,-0.010721712373197079,0.0003099109744653106,0.9887700080871582
126.10169219970703,-6.0,-0.018019819632172585,0.0003171616408508271,0.9899799823760986
126.10169219970703,-5.0,-0.01462545432150364,0.0003274598275311291,0.9898099899291992
126.10169219970703,-4.0,-0.016574056819081306,0.0003412706428207457,0.9908900260925293
126.10169219970703,-3.0,-0.02562563680112362,0.00036594318225979805,0.9911800026893616
126.10169219970703,-2.0,-0.020635899156332016,0.0003779988328460604,0.9918699860572815
126.10169219970703,-1.0,-0.016378767788410187,0.0003840535646304488,0.9915800094604492
126.10169219970703,0.0,-0.008745907805860043,0.0003927433572243899,0.9911199808120728
126.10169219970703,1.0,-0.016535747796297073,0.00038457114715129137,0.9916899800300598
126.10169219970703,2.0,0.006764779798686504,0.0003730802272912115,0.9910799860954285
126.10169219970703,3.0,0.008242073468863964,0.00035026014666073024,0.9902999997138977
126.10169219970703,4.0,0.01712939701974392,0.0003327388549223542,0.9900199770927429
126.10169219970703,5.0,0.009781735949218273,0.000320911145536229,0.9889799952507019
126.10169219970703,6.0,0.002378457225859165,0.0003119362809229642,0.9890300035476685
126.10169219970703,7.0,0.0035573153290897608,0.00031065911753103137,0.9888399839401245
126.10169219970703,8.0,0.0068862102925777435,0.00031018356094136834,0.988860011100769
126.10169219970703,9.0,0.008812149055302143,0.0003104295174125582,0.9886400103569031
126.10169219970703,10.0,0.008676070719957352,0.00031040579779073596,0.988789975643158
130.9322052001953,-10.0,-0.009861411526799202,0.00030921606230549514,0.9888299703598022
130.9322052001953,-9.0,-0.009861411526799202,0.00030921606230549514,0.9888299703598022
130.9322052001953,-8.0,-0.012181942351162434,0.0003094543353654444,0.9892500042915344
130.9322052001953,-7.0,-0.01028388924896717,0.00031042456976138055,0.9887099862098694
130.9322052001953,-6.0,-0.017581995576620102,0.00031750270863994956,0.9896399974822998
130.9322052001953,-5.0,-0.014221307821571827,0.000327885354636237,0.9900799989700317
130.9322052001953,-4.0,-0.017530960962176323,0.0003418189298827201,0.9907199740409851
130.9322052001953,-3.0,-0.02661307156085968,0.00036649315734393895,0.9915400147438049
130.9322052001953,-2.0,-0.021623332053422928,0.00037849723594263196,0.9920799732208252
130.9322052001953,-1.0,-0.016005149111151695,0.000384349754313007,0.9916300177574158
130.9322052001953,0.0,-0.00839089136570692,0.0003929758386220783,0.9911199808120728
130.9322052001953,1.0,-0.01618073135614395,0.00038483814569190145,0.9918400049209595
130.9322052001953,2.0,0.007119798567146063,0.00037353066727519035,0.9909700155258179
130.9322052001953,3.0,0.008617077954113483,0.0003507508081384003,0.9905400276184082
130.9322052001953,4.0,0.017534930258989334,0.0003332840569783002,0.990090012550354
130.9322052001953,5.0,0.010187271051108837,0.00032141327392309904,0.9891499876976013
130.9322052001953,6.0,0.002783992327749729,0.0003124553186353296,0.9889299869537354
130.9322052001953,7.0,0.003962850198149681,0.00031117963953875005,0.9888299703598022
130.9322052001953,8.0,0.0072917453944683075,0.00031069116084836423,0.9890599846839905
130.9322052001953,9.0,0.009217684157192707,0.0003109305107500404,0.9889699816703796
130.9322052001953,10.0,0.00908160675317049,0.0003109089157078415,0.9890300035476685
135.76271057128906,-10.0,-0.009485606104135513,0.0003093702543992549,0.9890699982643127
135.76271057128906,-9.0,-0.009485606104135513,0.0003093702543992549,0.9890699982643127
135.76271057128906,-8.0,-0.01180613785982132,0.0003096203727182001,0.9898399710655212
135.76271057128906,-7.0,-0.009908083826303482,0.00031053999555297196,0.9883099794387817
135.76271057128906,-6.0,-0.017206192016601562,0.00031779130222275853,0.9895700216293335
135.76271057128906,-5.0,-0.013845501467585564,0.0003280796227045357,0.9900000095367432
135.76271057128906,-4.0,-0.017155153676867485,0.0003420780412852764,0.9906600117683411
135.76271057128906,-3.0,-0.0268155075609684,0.00036690817796625197,0.9917200207710266
135.76271057128906,-2.0,-0.02188478596508503,0.0003789627517107874,0.9923800230026245
135.76271057128906,-1.0,-0.016240419819951057,0.0003849280474241823,0.9912899732589722
135.76271057128906,0.0,-0.00877916906028986,0.00039375151391141117,0.9911400079727173
135.76271057128906,1.0,-0.016307532787322998,0.0003856368421111256,0.9919300079345703
135.76271057128906,2.0,0.005327002611011267,0.00037273793714120984,0.9905800223350525
135.76271057128906,3.0,0.006971144583076239,0.00034970033448189497,0.9908199906349182
135.76271057128906,4.0,0.01509119477123022,0.00033222712227143347,0.989579975605011
135.76271057128906,5.0,0.007563831750303507,0.0003201522631570697,0.9892500042915344
135.76271057128906,6.0,0.000791537226177752,0.0003117844753433019,0.9886299967765808
135.76271057128906,7.0,0.001970394980162382,0.00031044200295582414,0.9887599945068359
135.76271057128906,8.0,0.005299289710819721,0.0003099095483776182,0.9886599779129028
135.76271057128906,9.0,0.007209504954516888,0.00031007322832010686,0.9885799884796143
135.76271057128906,10.0,0.0070734270848333836,0.00031005070195533335,0.9886599779129028
140.5932159423828,-10.0,-0.008442063815891743,0.0003096704604104161,0.9892100095748901
140.5932159423828,-9.0,-0.008442063815891743,0.0003096704604104161,0.9892100095748901
140.5932159423828,-8.0,-0.010762595571577549,0.00030987191712483764,0.9894999861717224
140.5932159423828,-7.0,-0.008864542469382286,0.0003107774828094989,0.9886599779129028
140.5932159423828,-6.0,-0.016272520646452904,0.00031817430863156915,0.9896399974822998
140.5932159423828,-5.0,-0.012807341292500496,0.00032870500581339,0.9900199770927429
140.5932159423828,-4.0,-0.017462829127907753,0.000342976680258289,0.9907299876213074
140.5932159423828,-3.0,-0.02725933864712715,0.00036803664988838136,0.9912599921226501
140.5932159423828,-2.0,-0.02232861891388893,0.0003800365957431495,0.9922299981117249
140.5932159423828,-1.0,-0.015401230193674564,0.000385496998205781,0.9910799860954285
140.5932159423828,0.0,-0.008056152611970901,0.0003942246548831463,0.9913399815559387
140.5932159423828,1.0,-0.015435808338224888,0.00038614103686995804,0.992169976234436
140.5932159423828,2.0,0.006198725663125515,0.000373452523490414,0.9904699921607971
140.5932159423828,3.0,0.007842866703867912,0.00035029323771595955,0.9907500147819519
140.5932159423828,4.0,0.014956096187233925,0.00033304496901109815,0.9901599884033203
140.5932159423828,5.0,0.007428732234984636,0.00032098745577968657,0.9895700216293335
140.5932159423828,6.0,0.000656438001897186,0.00031268034945242107,0.9889199733734131
140.5932159423828,7.0,0.001857072114944458,0.00031099197803996503,0.9888799786567688
140.5932159423828,8.0,0.005185966845601797,0.00031041604233905673,0.9887499809265137
140.5932159423828,9.0,0.007096183020621538,0.00031057267915457487,0.9884499907493591
140.5932159423828,10.0,0.006960105150938034,0.0003105525975115597,0.988510012626648
145.42372131347656,-10.0,-0.0051695178262889385,0.000310623727273196,0.9891999959945679
145.42372131347656,-9.0,-0.0051695178262889385,0.000310623727273196,0.9891999959945679
145.42372131347656,-8.0,-0.00749004865065217,0.00031106919050216675,0.9898499846458435
145.42372131347656,-7.0,-0.005615617614239454,0.00031258646049536765,0.9893100261688232
145.42372131347656,-6.0,-0.013023595325648785,0.0003182879008818418,0.9887099862098694
145.42372131347656,-5.0,-0.009306560270488262,0.00032925879349932075,0.9894400238990784
145.42372131347656,-4.0,-0.013962047174572945,0.00034317548852413893,0.9904800057411194
145.42372131347656,-3.0,-0.02368714101612568,0.0003673950268421322,0.9912599921226501
145.42372131347656,-2.0,-0.020288050174713135,0.00038012006552889943,0.9921600222587585
145.42372131347656,-1.0,-0.012900566682219505,0.0003856296534650028,0.9917299747467041
145.42372131347656,0.0,-0.004385939799249172,0.0003945068456232548,0.9915400147438049
145.42372131347656,1.0,-0.011569706723093987,0.00038620817940682173,0.9913899898529053
145.42372131347656,2.0,0.01001484040170908,0.0003735712671186775,0.9915099740028381
145.42372131347656,3.0,0.011624762788414955,0.00035181298153474927,0.9903200268745422
145.42372131347656,4.0,0.01696474850177765,0.0003340808907523751,0.9905700087547302
145.42372131347656,5.0,0.009142125025391579,0.00032198213739320636,0.9894899725914001
145.42372131347656,6.0,0.0028318886179476976,0.00031353143276646733,0.988510012626648
145.42372131347656,7.0,0.004163474775850773,0.00031176756601780653,0.988860011100769
145.42372131347656,8.0,0.007492369506508112,0.00031122221844270825,0.9888100028038025
145.42372131347656,9.0,0.009402585215866566,0.0003113846469204873,0.9886000156402588
145.42372131347656,10.0,0.009266506880521774,0.000311361625790596,0.988569974899292
150.25424194335938,-10.0,-0.0009428978664800525,0.00031238418887369335,0.9884700179100037
150.25424194335938,-9.0,-0.0009428978664800525,0.00031238418887369335,0.9884700179100037
150.25424194335938,-8.0,-0.003263428108766675,0.00031265290454030037,0.9885600209236145
150.25424194335938,-7.0,-0.0013889981200918555,0.0003141624038107693,0.9896199703216553
150.25424194335938,-6.0,-0.008796975947916508,0.00032005945104174316,0.9891899824142456
150.25424194335938,-5.0,-0.004890688229352236,0.0003315920475870371,0.9897500276565552
150.25424194335938,-4.0,-0.007829826325178146,0.0003448784409556538,0.9902399778366089
150.25424194335938,-3.0,-0.01763579063117504,0.00036911253118887544,0.9908999800682068
150.25424194335938,-2.0,-0.014157401397824287,0.00038171306368894875,0.9918599724769592
150.25424194335938,-1.0,-0.00848018005490303,0.00038718522409908473,0.9915599822998047
150.25424194335938,0.0,0.0010645953007042408,0.00039597362047061324,0.9921500086784363
150.25424194335938,1.0,-0.006119170691817999,0.0003878520510625094,0.9916399717330933
150.25424194335938,2.0,0.015494439750909805,0.0003750370815396309,0.9911800026893616
150.25424194335938,3.0,0.016533203423023224,0.00035303435288369656,0.990149974822998
150.25424194335938,4.0,0.021755222231149673,0.00033538887510076165,0.9906100034713745
150.25424194335938,5.0,0.013575398363173008,0.00032359902979806066,0.9894000291824341
150.25424194335938,6.0,0.007265162188559771,0.0003150167176499963,0.9894300103187561
150.25424194335938,7.0,0.008596749044954777,0.0003134604776278138,0.989359974861145
150.25424194335938,8.0,0.011925643309950829,0.000313088035909459,0.9889799952507019
150.25424194335938,9.0,0.013835856691002846,0.000313288503093645,0.9889400005340576
150.25424194335938,10.0,0.013699780218303204,0.0003132732817903161,0.9889400005340576
155.08474731445312,-10.0,-0.0012269278522580862,0.0003127903037238866,0.989109992980957
155.08474731445312,-9.0,-0.0012269278522580862,0.0003127903037238866,0.989109992980957
155.08474731445312,-8.0,-0.0035474582109600306,0.0003130242694169283,0.9895200133323669
155.08474731445312,-7.0,-0.0016730277566239238,0.0003145028022117913,0.9894400238990784
155.08474731445312,-6.0,-0.009347164072096348,0.0003207073896192014,0.9891999959945679
155.08474731445312,-5.0,-0.005440875887870789,0.0003322046541143209,0.9898300170898438
155.08474731445312,-4.0,-0.008308542892336845,0.0003456677950453013,0.9905800223350525
155.08474731445312,-3.0,-0.01811450533568859,0.00036992054083384573,0.9910799860954285
155.08474731445312,-2.0,-0.014685861766338348,0.00038239805144257843,0.9915099740028381
155.08474731445312,-1.0,-0.008806632831692696,0.0003879856376443058,0.9922500252723694
155.08474731445312,0.0,-0.00020994438091292977,0.000396091490983963,0.9922599792480469
155.08474731445312,1.0,-0.007872217334806919,0.0003880186995957047,0.9914100170135498
155.08474731445312,2.0,0.012540081515908241,0.0003749564348254353,0.991159975528717
155.08474731445312,3.0,0.01387140341103077,0.0003519423771649599,0.9904900193214417
155.08474731445312,4.0,0.019226884469389915,0.0003346250159665942,0.9902499914169312
155.08474731445312,5.0,0.011047056876122952,0.0003229309222660959,0.9894599914550781
155.08474731445312,6.0,0.005751101300120354,0.0003144399670418352,0.9895399808883667
155.08474731445312,7.0,0.007082687225192785,0.00031290462356992066,0.9899700284004211
155.08474731445312,8.0,0.010411581955850124,0.0003125741786789149,0.9897500276565552
155.08474731445312,9.0,0.01232179719954729,0.00031274938373826444,0.9889100193977356
155.08474731445312,10.0,0.012185719795525074,0.00031273317290470004,0.9888899922370911
159.91525268554688,-10.0,-0.00817424338310957,0.00031296489760279655,0.9887199997901917
159.91525268554688,-9.0,-0.00817424338310957,0.00031296489760279655,0.9887199997901917
159.91525268554688,-8.0,-0.010494774207472801,0.00031322246650233865,0.9889299869537354
159.91525268554688,-7.0,-0.008620343171060085,0.00031469331588596106,0.9891499876976013
159.91525268554688,-6.0,-0.016386667266488075,0.00032073509646579623,0.9897400140762329
159.91525268554688,-5.0,-0.012480378150939941,0.00033212214475497603,0.9904400110244751
159.91525268554688,-4.0,-0.015319162979722023,0.000345670705428347,0.9912700057029724
159.91525268554688,-3.0,-0.025490418076515198,0.00036994367837905884,0.9918000102043152
159.91525268554688,-2.0,-0.021780697628855705,0.0003825789608526975,0.9914600253105164
159.91525268554688,-1.0,-0.016102518886327744,0.00038819669862277806,0.9915800094604492
159.91525268554688,0.0,-0.00760294497013092,0.0003965230716858059,0.9923800230026245
159.91525268554688,1.0,-0.015265216119587421,0.00038863890222273767,0.9918000102043152
159.91525268554688,2.0,0.006434836890548468,0.00037521819467656314,0.990559995174408
159.91525268554688,3.0,0.00776615971699357,0.000352205679519102,0.9900799989700317
159.91525268554688,4.0,0.01312164030969143,0.00033492178772576153,0.9902399778366089
159.91525268554688,5.0,0.004912931006401777,0.0003231738228350878,0.9896799921989441
159.91525268554688,6.0,-0.00038302585016936064,0.0003148031246382743,0.9893699884414673
159.91525268554688,7.0,0.0009485601913183928,0.00031311679049395025,0.9892200231552124
159.91525268554688,8.0,0.0042774551548063755,0.00031270767794921994,0.989300012588501
159.91525268554688,9.0,0.006187670398503542,0.0003128393436782062,0.9893100261688232
159.91525268554688,10.0,0.006051592528820038,0.0003128222597297281,0.9895300269126892
164.74575805664062,-10.0,-0.007975971326231956,0.000312975374981761,0.9898099899291992
164.74575805664062,-9.0,-0.007975971326231956,0.000312975374981761,0.9898099899291992
164.74575805664062,-8.0,-0.010296501219272614,0.00031319123809225857,0.9897000193595886
164.74575805664062,-7.0,-0.008422071114182472,0.00031458112061955035,0.9891700148582458
164.74575805664062,-6.0,-0.016188394278287888,0.00032093809568323195,0.9897300004959106
164.74575805664062,-5.0,-0.012282106094062328,0.00033220049226656556,0.9902099967002869
164.74575805664062,-4.0,-0.0152894277125597,0.00034581677755340934,0.9909700155258179
164.74575805664062,-3.0,-0.025460686534643173,0.0003702841931954026,0.9915300011634827
164.74575805664062,-2.0,-0.021813813596963882,0.00038287468487396836,0.9919400215148926
164.74575805664062,-1.0,-0.01826982945203781,0.00038819602923467755,0.9919499754905701
164.74575805664062,0.0,-0.006848201155662537,0.0003970250836573541,0.9922699928283691
164.74575805664062,1.0,-0.014510473236441612,0.00038907097768969834,0.9917700290679932
164.74575805664062,2.0,0.00712224468588829,0.0003757535305339843,0.9906299710273743
164.74575805664062,3.0,0.008453568443655968,0.00035269203362986445,0.990369975566864
164.74575805664062,4.0,0.01380904670804739,0.00033537944545969367,0.9899600148200989
164.74575805664062,5.0,0.005643636919558048,0.0003235943731851876,0.9899899959564209
164.74575805664062,6.0,-2.8406102501321584e-05,0.0003152384306304157,0.9889699816703796
164.74575805664062,7.0,0.0013031798880547285,0.0003135876322630793,0.9890999794006348
164.74575805664062,8.0,0.004632074385881424,0.00031324458541348577,0.9887700080871582
164.74575805664062,9.0,0.00654228962957859,0.0003134031721856445,0.9892100095748901
164.74575805664062,10.0,0.006406212691217661,0.0003133899881504476,0.9891999959945679
169.57627868652344,-10.0,-0.009743575006723404,0.00031412573298439384,0.989870011806488
169.57627868652344,-9.0,-0.009743575006723404,0.00031412573298439384,0.989870011806488
169.57627868652344,-8.0,-0.012064104899764061,0.00031432119430974126,0.9899600148200989
169.57627868652344,-7.0,-0.010189675725996494,0.00031573293381370604,0.9891700148582458
169.57627868652344,-6.0,-0.018038764595985413,0.0003222445666324347,0.9897500276565552
169.57627868652344,-5.0,-0.013982203789055347,0.0003333051281515509,0.9902700185775757
169.57627868652344,-4.0,-0.01698952354490757,0.00034695465001277626,0.9905300140380859
169.57627868652344,-3.0,-0.027160780504345894,0.00037142177461646497,0.991100013256073
169.57627868652344,-2.0,-0.02336055226624012,0.00038384165964089334,0.991890013217926
169.57627868652344,-1.0,-0.01986285112798214,0.0003891032829415053,0.992139995098114
169.57627868652344,0.0,-0.008733375929296017,0.00039771923911757767,0.9916899800300598
169.57627868652344,1.0,-0.016395648941397667,0.0003897554997820407,0.9919999837875366
169.57627868652344,2.0,0.006016946397721767,0.0003756794612854719,0.9907400012016296
169.57627868652344,3.0,0.007348270155489445,0.00035278842551633716,0.9904099702835083
169.57627868652344,4.0,0.012703748419880867,0.0003354724030941725,0.9903799891471863
169.57627868652344,5.0,0.004581777844578028,0.0003236774355173111,0.9897500276565552
169.57627868652344,6.0,-0.000759284885134548,0.0003154142468702048,0.9888799786567688
169.57627868652344,7.0,0.0005723012145608664,0.0003137180465273559,0.9889699816703796
169.57627868652344,8.0,0.003901196178048849,0.000313347001792863,0.9893900156021118
169.57627868652344,9.0,0.005811410956084728,0.00031349892378784716,0.9889000058174133
169.57627868652344,10.0,0.005675334483385086,0.0003134813450742513,0.9888700246810913
174.4067840576172,-10.0,-0.0076479376293718815,0.00031480030156672,0.9893199801445007
174.4067840576172,-9.0,-0.0076479376293718815,0.00031480030156672,0.9893199801445007
174.4067840576172,-8.0,-0.0099684689193964,0.000314991018967703,0.9893699884414673
174.4067840576172,-7.0,-0.008094037882983685,0.00031640491215512156,0.9891999959945679
174.4067840576172,-6.0,-0.015943124890327454,0.0003229049907531589,0.9899100065231323
174.4067840576172,-5.0,-0.011886564083397388,0.0003339625836815685,0.9899899959564209
174.4067840576172,-4.0,-0.014832720160484314,0.00034762738505378366,0.9909600019454956
174.4067840576172,-3.0,-0.025561755523085594,0.00037221371894702315,0.9911500215530396
174.4067840576172,-2.0,-0.021244414150714874,0.00038440924254246056,0.9913399815559387
174.4067840576172,-1.0,-0.017746709287166595,0.00038976152427494526,0.9923200011253357
174.4067840576172,0.0,-0.007417839951813221,0.0003981942718382925,0.9919099807739258
174.4067840576172,1.0,-0.015080112032592297,0.00039021880365908146,0.9917100071907043
174.4067840576172,2.0,0.0073324828408658504,0.00037616502959281206,0.9909399747848511
174.4067840576172,3.0,0.008663805201649666,0.0003532370028551668,0.9907900094985962
174.4067840576172,4.0,0.014067461714148521,0.0003359702823217958,0.9898099899291992
174.4067840576172,5.0,0.006390961818397045,0.00032419763738289475,0.9901900291442871
174.4067840576172,6.0,0.0010499003110453486,0.0003159578482154757,0.9891800284385681
174.4067840576172,7.0,0.0023814865853637457,0.00031425044289790094,0.9889000058174133
174.4067840576172,8.0,0.005710381083190441,0.00031389156356453896,0.9889500141143799
174.4067840576172,9.0,0.007620596326887608,0.00031404534820467234,0.9889799952507019
174.4067840576172,10.0,0.0074845184572041035,0.0003140294866170734,0.9891200065612793
179.23728942871094,-10.0,-0.0023063989356160164,0.00031614364706911147,0.989329993724823
179.23728942871094,-9.0,-0.0023063989356160164,0.00031614364706911147,0.989329993724823
179.23728942871094,-8.0,-0.004626929759979248,0.00031625127303414047,0.989300012588501
179.23728942871094,-7.0,-0.0027524991892278194,0.0003176051250193268,0.9894000291824341
179.23728942871094,-6.0,-0.010471933521330357,0.0003245075058657676,0.9897000193595886
179.23728942871094,-5.0,-0.0064153727144002914,0.0003354833461344242,0.9897800087928772
179.23728942871094,-4.0,-0.009293869137763977,0.0003491611569188535,0.9900500178337097
179.23728942871094,-3.0,-0.01997210830450058,0.00037381064612418413,0.9916599988937378
179.23728942871094,-2.0,-0.015356017276644707,0.0003858168493025005,0.9919599890708923
179.23728942871094,-1.0,-0.011858317069709301,0.0003909708757419139,0.9915500283241272
179.23728942871094,0.0,-0.0015294444747269154,0.00039925379678606987,0.9916499853134155
179.23728942871094,1.0,-0.009443456307053566,0.0003915249544661492,0.9912400245666504
179.23728942871094,2.0,0.011321263387799263,0.00037732653436250985,0.9910600185394287
179.23728942871094,3.0,0.012455692514777184,0.00035407557152211666,0.990369975566864
179.23728942871094,4.0,0.017822543159127235,0.0003367625758983195,0.9904099702835083
179.23728942871094,5.0,0.010343902744352818,0.0003251245943829417,0.9895399808883667
179.23728942871094,6.0,0.005002840422093868,0.0003168697003275156,0.9884300231933594
179.23728942871094,7.0,0.0063344263471663,0.0003152885474264622,0.9890999794006348
179.23728942871094,8.0,0.009663321077823639,0.00031502172350883484,0.9892799854278564
179.23728942871094,9.0,0.01157353539019823,0.0003151714336127043,0.9891300201416016
179.23728942871094,10.0,0.011437458917498589,0.0003151585697196424,0.9889900088310242
184.0677947998047,-10.0,-0.004201747942715883,0.0003170215350110084,0.9896900057792664
184.0677947998047,-9.0,-0.004201747942715883,0.0003170215350110084,0.9896900057792664
184.0677947998047,-8.0,-0.006522278301417828,0.0003171497373841703,0.9897699952125549
184.0677947998047,-7.0,-0.004614873789250851,0.00031856735586188734,0.9891999959945679
184.0677947998047,-6.0,-0.012334310449659824,0.0003254323382861912,0.9900100231170654
184.0677947998047,-5.0,-0.008150696754455566,0.0003365350712556392,0.9902700185775757
184.0677947998047,-4.0,-0.011052064597606659,0.00035025327815674245,0.9909200072288513
184.0677947998047,-3.0,-0.022327374666929245,0.00037498545134440064,0.9914199709892273
184.0677947998047,-2.0,-0.01699197106063366,0.0003868486965075135,0.9914600253105164
184.0677947998047,-1.0,-0.013529438525438309,0.0003920112212654203,0.9917100071907043
184.0677947998047,0.0,-0.005864302162081003,0.00040023945621214807,0.9917700290679932
184.0677947998047,1.0,-0.013778315857052803,0.00039246355299837887,0.9915800094604492
184.0677947998047,2.0,0.0064949654042720795,0.0003778895188588649,0.9913399815559387
184.0677947998047,3.0,0.007629392668604851,0.00035460363142192364,0.9909999966621399
184.0677947998047,4.0,0.012963269837200642,0.00033700180938467383,0.9898399710655212
184.0677947998047,5.0,0.007007745560258627,0.0003254240145906806,0.9895899891853333
184.0677947998047,6.0,0.002550646895542741,0.0003172606520820409,0.9893800020217896
184.0677947998047,7.0,0.003882233053445816,0.000315658951876685,0.989549994468689
184.0677947998047,8.0,0.007211127784103155,0.0003153231227770448,0.9886800050735474
184.0677947998047,9.0,0.009121342562139034,0.00031544582452625036,0.9886999726295471
184.0677947998047,10.0,0.008985265158116817,0.00031543325167149305,0.9889299869537354
188.89830017089844,-10.0,-0.005806796718388796,0.00031729869078844786,0.989549994468689
188.89830017089844,-9.0,-0.005806796718388796,0.00031729869078844786,0.989549994468689
188.89830017089844,-8.0,-0.008127328008413315,0.00031744185253046453,0.9895099997520447
188.89830017089844,-7.0,-0.006219922564923763,0.0003188234113622457,0.9892200231552124
188.89830017089844,-6.0,-0.01398021262139082,0.00032602399005554616,0.9901099801063538
188.89830017089844,-5.0,-0.009796598926186562,0.0003370280028320849,0.990559995174408
188.89830017089844,-4.0,-0.012795048765838146,0.0003507259825710207,0.9905400276184082
188.89830017089844,-3.0,-0.024070363491773605,0.0003754362987820059,0.9915300011634827
188.89830017089844,-2.0,-0.018081029877066612,0.0003870440705213696,0.9917299747467041
188.89830017089844,-1.0,-0.015131954103708267,0.00039245301741175354,0.9915000200271606
188.89830017089844,0.0,-0.009217774495482445,0.00040042426553554833,0.9916499853134155
188.89830017089844,1.0,-0.01738101616501808,0.00039229157846421003,0.9911500215530396
188.89830017089844,2.0,0.0011606109328567982,0.00037706794682890177,0.9910899996757507
188.89830017089844,3.0,0.002295037731528282,0.0003542598569765687,0.9908900260925293
188.89830017089844,4.0,0.007840273901820183,0.0003366484015714377,0.9899100065231323
188.89830017089844,5.0,0.003988813608884811,0.0003254337643738836,0.989870011806488
188.89830017089844,6.0,-0.0004682849976234138,0.00031721466802991927,0.9892899990081787
188.89830017089844,7.0,0.0008633013931103051,0.0003156343591399491,0.9890099763870239
188.89830017089844,8.0,0.00419219583272934,0.00031526063685305417,0.9891200065612793
188.89830017089844,9.0,0.00608241930603981,0.0003153796133119613,0.9890499711036682
188.89830017089844,10.0,0.005946340970695019,0.0003153654106426984,0.9890900254249573
193.72882080078125,-10.0,0.004831222351640463,0.0003180232597514987,0.9891700148582458
193.72882080078125,-9.0,0.004831222351640463,0.0003180232597514987,0.9891700148582458
193.72882080078125,-8.0,0.002510692225769162,0.00031839325674809515,0.9892100095748901
193.72882080078125,-7.0,0.004418096970766783,0.0003201176004949957,0.9892200231552124
193.72882080078125,-6.0,-0.0033421916887164116,0.0003259982040617615,0.9890199899673462
193.72882080078125,-5.0,0.00042167227366007864,0.0003371946804691106,0.9903799891471863
193.72882080078125,-4.0,-0.0025767770130187273,0.00035073651815764606,0.9908400177955627
193.72882080078125,-3.0,-0.013852088712155819,0.00037455474375747144,0.9915400147438049
193.72882080078125,-2.0,-0.008289555087685585,0.00038688964559696615,0.9915199875831604
193.72882080078125,-1.0,-0.006143760867416859,0.0003926533681806177,0.9919400215148926
193.72882080078125,0.0,-0.0017151759238913655,0.0004005644586868584,0.9917899966239929
193.72882080078125,1.0,-0.009028902277350426,0.00039242079947143793,0.9904800057411194
193.72882080078125,2.0,0.009456876665353775,0.0003773585776798427,0.9907900094985962
193.72882080078125,3.0,0.010397887788712978,0.0003558948519639671,0.9904699921607971
193.72882080078125,4.0,0.014692367054522038,0.00033813671325333416,0.9905300140380859
193.72882080078125,5.0,0.010777502320706844,0.0003267626743763685,0.9897900223731995
193.72882080078125,6.0,0.007280493155121803,0.00031858240254223347,0.9893900156021118
193.72882080078125,7.0,0.008612079545855522,0.00031684606801718473,0.9893500208854675
193.72882080078125,8.0,0.011940975673496723,0.00031627921271137893,0.9892500042915344
193.72882080078125,9.0,0.01383119635283947,0.00031635566847398877,0.989329993724823
193.72882080078125,10.0,0.013695120811462402,0.00031635159393772483,0.9894000291824341
198.559326171875,-10.0,0.0020813466981053352,0.0003178760234732181,0.9891899824142456
198.559326171875,-9.0,0.0020813466981053352,0.0003178760234732181,0.9891899824142456
198.559326171875,-8.0,-0.00023918367514852434,0.000318309263093397,0.9892899990081787
198.559326171875,-7.0,0.0016682208515703678,0.00032004748936742544,0.9894599914550781
198.559326171875,-6.0,-0.006092067342251539,0.000325857603456825,0.9892899990081787
198.559326171875,-5.0,-0.0023282032925635576,0.0003370663325767964,0.9903600215911865
198.559326171875,-4.0,-0.005326652899384499,0.0003507406509015709,0.990809977054596
198.559326171875,-3.0,-0.016601964831352234,0.00037469761446118355,0.9914100170135498
198.559326171875,-2.0,-0.00938001461327076,0.000387552980100736,0.9915900230407715
198.559326171875,-1.0,-0.0072145587764680386,0.00039343113894574344,0.9919599890708923
198.559326171875,0.0,-0.0036090912763029337,0.0004014694131910801,0.9921600222587585
198.559326171875,1.0,-0.011517031118273735,0.0003934015694539994,0.9913899898529053
198.559326171875,2.0,0.006521931849420071,0.0003782662097364664,0.9913100004196167
198.559326171875,3.0,0.007462943904101849,0.00035690757795237005,0.9908300042152405
198.559326171875,4.0,0.011757423169910908,0.00033916099346242845,0.990909993648529
198.559326171875,5.0,0.011220976710319519,0.0003275895433034748,0.990149974822998
198.559326171875,6.0,0.005453947931528091,0.00031922583002597094,0.9894800186157227
198.559326171875,7.0,0.006785533856600523,0.00031744386069476604,0.9892899990081787
198.559326171875,8.0,0.010114428587257862,0.0003168283437844366,0.9895099997520447
198.559326171875,9.0,0.012004649266600609,0.00031687202863395214,0.9895399808883667
198.559326171875,10.0,0.011868572793900967,0.0003168657422065735,0.9896000027656555
203.38983154296875,-10.0,0.0001497034972999245,0.0003188537957612425,0.9892899990081787
203.38983154296875,-9.0,0.0001497034972999245,0.0003188537957612425,0.9892899990081787
203.38983154296875,-8.0,-0.0021708267740905285,0.0003192775184288621,0.9895899891853333
203.38983154296875,-7.0,-0.0002634223201312125,0.00032096676295623183,0.9901400208473206
203.38983154296875,-6.0,-0.008023709990084171,0.00032706509227864444,0.9898800253868103
203.38983154296875,-5.0,-0.004259846638888121,0.0003381735004950315,0.9899100065231323
203.38983154296875,-4.0,-0.007500527426600456,0.00035178675898350775,0.9908599853515625
203.38983154296875,-3.0,-0.018519429489970207,0.00037542986683547497,0.9912099838256836
203.38983154296875,-2.0,-0.011224539950489998,0.00038831657730042934,0.991890013217926
203.38983154296875,-1.0,-0.009059084579348564,0.0003943065239582211,0.9922099709510803
203.38983154296875,0.0,0.00038025996764190495,0.00040225652628578246,0.9919499754905701
203.38983154296875,1.0,-0.0075276801362633705,0.0003940190654247999,0.9914100170135498
203.38983154296875,2.0,0.010291259735822678,0.00037904942291788757,0.991379976272583
203.38983154296875,3.0,0.011232270859181881,0.0003575839218683541,0.9909200072288513
203.38983154296875,4.0,0.01552675012499094,0.00034001495805568993,0.9906399846076965
203.38983154296875,5.0,0.012211683206260204,0.0003284884733147919,0.9898099899291992
203.38983154296875,6.0,0.006330570671707392,0.0003202053194399923,0.989139974117279
203.38983154296875,7.0,0.007662157062441111,0.00031840126030147076,0.9891899824142456
203.38983154296875,8.0,0.01099105179309845,0.0003178347251378,0.9901700019836426
203.38983154296875,9.0,0.012881274335086346,0.00031794392270967364,0.9893100261688232
203.38983154296875,10.0,0.012745196931064129,0.0003179393825121224,0.9893500208854675
208.2203369140625,-10.0,0.00997068453580141,0.00031962929642759264,0.9891600012779236
208.2203369140625,-9.0,0.00997068453580141,0.00031962929642759264,0.9891600012779236
208.2203369140625,-8.0,0.007650155108422041,0.0003200311621185392,0.9895399808883667
208.2203369140625,-7.0,0.009557558223605156,0.00032176688546314836,0.9892500042915344
208.2203369140625,-6.0,0.0020634287502616644,0.0003272596513852477,0.9898300170898438
208.2203369140625,-5.0,0.005827293265610933,0.0003383429429959506,0.9902099967002869
208.2203369140625,-4.0,0.0025866124778985977,0.00035208012559451163,0.9908400177955627
208.2203369140625,-3.0,-0.008250530809164047,0.000375494419131428,0.9910899996757507
208.2203369140625,-2.0,-0.001876851194538176,0.0003889811923727393,0.9919499754905701
208.2203369140625,-1.0,0.00045288223191164434,0.0003951521939598024,0.991919994354248
208.2203369140625,0.0,0.011445816606283188,0.0004036521422676742,0.9917799830436707
208.2203369140625,1.0,0.0033822308760136366,0.00039535501855425537,0.9920200109481812
208.2203369140625,2.0,0.020295247435569763,0.0003811303758993745,0.991379976272583
208.2203369140625,3.0,0.020931264385581017,0.0003594431036617607,0.9906100034713745
208.2203369140625,4.0,0.025225747376680374,0.0003420467546675354,0.9905200004577637
208.2203369140625,5.0,0.020092487335205078,0.0003301576944068074,0.990149974822998
208.2203369140625,6.0,0.014355994760990143,0.00032180832931771874,0.989109992980957
208.2203369140625,7.0,0.01568758115172386,0.00031984623637981713,0.9891999959945679
208.2203369140625,8.0,0.01901647448539734,0.0003191949217580259,0.9891800284385681
208.2203369140625,9.0,0.02090669982135296,0.00031928627868182957,0.9890499711036682
208.2203369140625,10.0,0.020770620554685593,0.0003192720760125667,0.9889799952507019
213.05084228515625,-10.0,-0.0030553643591701984,0.0003197762998752296,0.9894899725914001
213.05084228515625,-9.0,-0.0030553643591701984,0.0003197762998752296,0.9894899725914001
213.05084228515625,-8.0,-0.00537589518353343,0.0003201354411430657,0.9897500276565552
213.05084228515625,-7.0,-0.003468490205705166,0.0003218252386432141,0.9900000095367432
213.05084228515625,-6.0,-0.010962621308863163,0.0003273407928645611,0.9901400208473206
213.05084228515625,-5.0,-0.007351779844611883,0.0003385535383131355,0.9906700253486633
213.05084228515625,-4.0,-0.010592459701001644,0.000352032802766189,0.9910299777984619
213.05084228515625,-3.0,-0.021385304629802704,0.00037529648398049176,0.991569995880127
213.05084228515625,-2.0,-0.014873112551867962,0.0003883131721522659,0.991890013217926
213.05084228515625,-1.0,-0.012736430391669273,0.0003947639197576791,0.9919099807739258
213.05084228515625,0.0,-0.0033588663209229708,0.00040290530887432396,0.9917500019073486
213.05084228515625,1.0,-0.011691085062921047,0.0003949434030801058,0.9916300177574158
213.05084228515625,2.0,0.006334021221846342,0.0003804591833613813,0.9917700290679932
213.05084228515625,3.0,0.0068736900575459,0.0003588502877391875,0.9907100200653076
213.05084228515625,4.0,0.011168168857693672,0.00034124840749427676,0.9903200268745422
213.05084228515625,5.0,0.006034910678863525,0.0003295151109341532,0.9897599816322327
213.05084228515625,6.0,0.00029841973446309566,0.0003210494469385594,0.9894700050354004
213.05084228515625,7.0,0.0019812521059066057,0.00031887198565527797,0.9896100163459778
213.05084228515625,8.0,0.005310147535055876,0.0003182105137966573,0.9895200133323669
213.05084228515625,9.0,0.00720036868005991,0.000318292120937258,0.9896799921989441
213.05084228515625,10.0,0.007064292673021555,0.00031828563078306615,0.9895899891853333
217.88136291503906,-10.0,-0.005072772037237883,0.0003202466177754104,0.9895600080490112
217.88136291503906,-9.0,-0.005072772037237883,0.0003202466177754104,0.9895600080490112
217.88136291503906,-8.0,-0.007393302395939827,0.00032071166788227856,0.9899299740791321
217.88136291503906,-7.0,-0.005533167626708746,0.00032249055220745504,0.9900799989700317
217.88136291503906,-6.0,-0.013075610622763634,0.00032778020249679685,0.9897699952125549
217.88136291503906,-5.0,-0.00935161393135786,0.0003390036872588098,0.9903500080108643
217.88136291503906,-4.0,-0.01261445228010416,0.00035258985008113086,0.9912700057029724
217.88136291503906,-3.0,-0.023365462198853493,0.0003758348757401109,0.9918299913406372
217.88136291503906,-2.0,-0.01666634902358055,0.0003888946957886219,0.9918299913406372
217.88136291503906,-1.0,-0.014529668726027012,0.00039558132993988693,0.9915500283241272
217.88136291503906,0.0,-0.004851880017668009,0.00040413427632302046,0.9918699860572815
217.88136291503906,1.0,-0.013184096664190292,0.00039620924508199096,0.9916700124740601
217.88136291503906,2.0,0.0054977452382445335,0.00038132371264509857,0.9912499785423279
217.88136291503906,3.0,0.005913290195167065,0.00035997925442643464,0.9907699823379517
217.88136291503906,4.0,0.010207769460976124,0.00034212437458336353,0.990559995174408
217.88136291503906,5.0,0.004715682473033667,0.00033019029069691896,0.9902799725532532
217.88136291503906,6.0,-0.0010208090534433722,0.00032172712963074446,0.9888399839401245
217.88136291503906,7.0,0.0006620233762077987,0.0003194619785062969,0.9894999861717224
217.88136291503906,8.0,0.003990918397903442,0.0003187336551491171,0.989329993724823
217.88136291503906,9.0,0.005881140939891338,0.00031880984897725284,0.9892100095748901
217.88136291503906,10.0,0.005745063070207834,0.00031879154266789556,0.9892600178718567
222.7118682861328,-10.0,0.002213040366768837,0.0003210576542187482,0.9890900254249573
222.7118682861328,-9.0,0.002213040366768837,0.0003210576542187482,0.9890900254249573
222.7118682861328,-8.0,-0.00010748978820629418,0.0003215153992641717,0.9897300004959106
222.7118682861328,-7.0,0.0017526443116366863,0.00032326849759556353,0.9891999959945679
222.7118682861328,-6.0,-0.005789797753095627,0.0003285219718236476,0.9903799891471863
222.7118682861328,-5.0,-0.0020294005516916513,0.00033983265166170895,0.9906600117683411
222.7118682861328,-4.0,-0.004728622268885374,0.0003537055745255202,0.9908499717712402
222.7118682861328,-3.0,-0.015426352620124817,0.0003767194284591824,0.9916899800300598
222.7118682861328,-2.0,-0.008742586709558964,0.0003901052987203002,0.9915000200271606
222.7118682861328,-1.0,-0.007358326576650143,0.0003968442906625569,0.9916899800300598
222.7118682861328,0.0,0.00264281639829278,0.00040569566772319376,0.9918199777603149
222.7118682861328,1.0,-0.0056894016452133656,0.0003976792795583606,0.9916399717330933
222.7118682861328,2.0,0.012633983977138996,0.0003828787594102323,0.991320013999939
222.7118682861328,3.0,0.013049529865384102,0.0003614485322032124,0.9905200004577637
222.7118682861328,4.0,0.01734400913119316,0.00034364243037998676,0.9894999861717224
222.7118682861328,5.0,0.011798646301031113,0.00033165051718242466,0.9897800087928772
222.7118682861328,6.0,0.005809440277516842,0.0003230504225939512,0.989329993724823
222.7118682861328,7.0,0.007717956323176622,0.0003204291861038655,0.9894999861717224
222.7118682861328,8.0,0.011046851985156536,0.00031968814437277615,0.9891800284385681
222.7118682861328,9.0,0.012937073595821857,0.00031977190519683063,0.9898399710655212
222.7118682861328,10.0,0.01280099619179964,0.0003197543846908957,0.9897800087928772
227.54237365722656,-10.0,-0.0012345872819423676,0.0003207438567187637,0.9901999831199646
227.54237365722656,-9.0,-0.0012345872819423676,0.0003207438567187637,0.9901999831199646
227.54237365722656,-8.0,-0.0035551174078136683,0.0003211088478565216,0.989579975605011
227.54237365722656,-7.0,-0.0016949832206591964,0.00032271072268486023,0.9895300269126892
227.54237365722656,-6.0,-0.009237424470484257,0.00032889933208934963,0.9899799823760986
227.54237365722656,-5.0,-0.005477027967572212,0.0003400186833459884,0.9902200102806091
227.54237365722656,-4.0,-0.008196808397769928,0.0003541312471497804,0.9907500147819519
227.54237365722656,-3.0,-0.01789507456123829,0.00037750089541077614,0.9913300275802612
227.54237365722656,-2.0,-0.010833920910954475,0.00039084869786165655,0.991599977016449
227.54237365722656,-1.0,-0.009513028897345066,0.00039728463161736727,0.9915099740028381
227.54237365722656,0.0,0.0009351592743769288,0.0004057248879689723,0.9915400147438049
227.54237365722656,1.0,-0.007774015422910452,0.0003977146407123655,0.9915000200271606
227.54237365722656,2.0,0.009969232603907585,0.000382896774681285,0.9914100170135498
227.54237365722656,3.0,0.010384777560830116,0.00036115580587647855,0.9907100200653076
227.54237365722656,4.0,0.014679256826639175,0.00034329999471083283,0.9900400042533875
227.54237365722656,5.0,0.009133893996477127,0.00033139073639176786,0.9894999861717224
227.54237365722656,6.0,0.0033392421901226044,0.00032301369355991483,0.9893699884414673
227.54237365722656,7.0,0.005247758235782385,0.00032050773734226823,0.9891899824142456
227.54237365722656,8.0,0.008576653897762299,0.0003198166668880731,0.989329993724823
227.54237365722656,9.0,0.01046687364578247,0.00031990642310120165,0.9897300004959106
227.54237365722656,10.0,0.010330798104405403,0.00031989370472729206,0.9897900223731995
232.3728790283203,-10.0,-0.016728674992918968,0.00032586310408078134,0.9898899793624878
232.3728790283203,-9.0,-0.016728674992918968,0.00032586310408078134,0.9898899793624878
232.3728790283203,-8.0,-0.019049204885959625,0.0003262212558183819,0.990119993686676
232.3728790283203,-7.0,-0.01718907244503498,0.00032800366170704365,0.9902099967002869
232.3728790283203,-6.0,-0.024603407829999924,0.000333725824020803,0.9900500178337097
232.3728790283203,-5.0,-0.020843010395765305,0.00034484779462218285,0.9902999997138977
232.3728790283203,-4.0,-0.023963535204529762,0.0003574619477149099,0.9911699891090393
232.3728790283203,-3.0,-0.034112393856048584,0.00038043150561861694,0.9922500252723694
232.3728790283203,-2.0,-0.026951057836413383,0.0003943296615034342,0.991569995880127
232.3728790283203,-1.0,-0.025542348623275757,0.0004012505814898759,0.9921799898147583
232.3728790283203,0.0,-0.014907687902450562,0.0004106975393369794,0.9919999837875366
232.3728790283203,1.0,-0.023684266954660416,0.0004025809757877141,0.9922599792480469
232.3728790283203,2.0,-0.00603939313441515,0.0003876415139529854,0.9918400049209595
232.3728790283203,3.0,-0.005430048331618309,0.00036620799801312387,0.9911699891090393
232.3728790283203,4.0,-0.001507237902842462,0.00034765375312417746,0.9908599853515625
232.3728790283203,5.0,-0.0064137703739106655,0.000337247911375016,0.9901800155639648
232.3728790283203,6.0,-0.009309584274888039,0.00032643222948536277,0.9899500012397766
232.3728790283203,7.0,-0.0074010686948895454,0.00032399382325820625,0.9892899990081787
232.3728790283203,8.0,-0.004072173964232206,0.00032335473224520683,0.9892899990081787
232.3728790283203,9.0,-0.002181951655074954,0.000323405081871897,0.9895099997520447
232.3728790283203,10.0,-0.002318028826266527,0.0003233981260564178,0.9897199869155884
237.20338439941406,-10.0,-0.006944412365555763,0.000327432993799448,0.9900699853897095
237.20338439941406,-9.0,-0.006944412365555763,0.000327432993799448,0.9900699853897095
237.20338439941406,-8.0,-0.00926494225859642,0.0003277675714343786,0.9892600178718567
237.20338439941406,-7.0,-0.0074048093520104885,0.0003294309717603028,0.9902300238609314
237.20338439941406,-6.0,-0.014967422932386398,0.00033508322667330503,0.9899700284004211
237.20338439941406,-5.0,-0.011207026429474354,0.0003462166932877153,0.9906100034713745
237.20338439941406,-4.0,-0.014407357200980186,0.0003592221764847636,0.9908900260925293
237.20338439941406,-3.0,-0.024556217715144157,0.0003820794227067381,0.9915199875831604
237.20338439941406,-2.0,-0.017817340791225433,0.00039606806240044534,0.9919000267982483
237.20338439941406,-1.0,-0.01601371169090271,0.00040287189767695963,0.9918799996376038
237.20338439941406,0.0,-0.003773169359192252,0.000412726920330897,0.9920099973678589
237.20338439941406,1.0,-0.01254974864423275,0.0004046680696774274,0.9920899868011475
237.20338439941406,2.0,0.0044266944751143456,0.0003898262802977115,0.9920899868011475
237.20338439941406,3.0,0.005036040209233761,0.0003683138929773122,0.9911800026893616
237.20338439941406,4.0,0.008958849124610424,0.0003498383448459208,0.9904500246047974
237.20338439941406,5.0,0.004052318632602692,0.0003392795333638787,0.9902499914169312
237.20338439941406,6.0,0.004957112483680248,0.0003280645178165287,0.989579975605011
237.20338439941406,7.0,0.007013904396444559,0.0003259069344494492,0.9900699853897095
237.20338439941406,8.0,0.010342800058424473,0.00032591671333648264,0.9894700050354004
237.20338439941406,9.0,0.012233022600412369,0.00032600603299215436,0.9898499846458435
237.20338439941406,10.0,0.012096943333745003,0.00032600222039036453,0.9896000027656555
242.03390502929688,-10.0,-0.008265068754553795,0.0003273893380537629,0.9899299740791321
242.03390502929688,-9.0,-0.008265068754553795,0.0003273893380537629,0.9899299740791321
242.03390502929688,-8.0,-0.010585597716271877,0.0003276131465099752,0.9898599982261658
242.03390502929688,-7.0,-0.008725465275347233,0.0003291742759756744,0.9901999831199646
242.03390502929688,-6.0,-0.01628808118402958,0.000335184158757329,0.989870011806488
242.03390502929688,-5.0,-0.012527682818472385,0.00034635895281098783,0.9908499717712402
242.03390502929688,-4.0,-0.017727399244904518,0.0003598766925279051,0.9913399815559387
242.03390502929688,-3.0,-0.02787625789642334,0.0003831701760645956,0.9917100071907043
242.03390502929688,-2.0,-0.021403053775429726,0.0003968325036112219,0.992330014705658
242.03390502929688,-1.0,-0.0162422563880682,0.0004027578979730606,0.9920200109481812
242.03390502929688,0.0,-0.0032204401213675737,0.000412274181144312,0.9918299913406372
242.03390502929688,1.0,-0.011752606369554996,0.00040441451710648835,0.9919899702072144
242.03390502929688,2.0,0.005705613177269697,0.00038969790330156684,0.9920600056648254
242.03390502929688,3.0,0.0063149589113891125,0.00036776659544557333,0.9911999702453613
242.03390502929688,4.0,0.010237768292427063,0.000349406007444486,0.9901400208473206
242.03390502929688,5.0,0.0028382258024066687,0.00033912339131347835,0.9899500012397766
242.03390502929688,6.0,0.0019623900298029184,0.0003280751989223063,0.9894800186157227
242.03390502929688,7.0,0.0040191831067204475,0.0003257331845816225,0.9902399778366089
242.03390502929688,8.0,0.007348077837377787,0.0003256174095440656,0.9900400042533875
242.03390502929688,9.0,0.009238299913704395,0.0003256823110859841,0.9899399876594543
242.03390502929688,10.0,0.009102222509682178,0.00032567704329267144,0.9900299906730652
246.86441040039062,-10.0,-7.460942288162187e-05,0.0003290966269560158,0.9898800253868103
246.86441040039062,-9.0,-7.460942288162187e-05,0.0003290966269560158,0.9898800253868103
246.86441040039062,-8.0,-0.0023951397743076086,0.0003294637717772275,0.99031001329422
246.86441040039062,-7.0,-0.0007351547828875482,0.0003311404725536704,0.9899500012397766
246.86441040039062,-6.0,-0.008297770284116268,0.0003365354205016047,0.9899399876594543
246.86441040039062,-5.0,-0.004012722987681627,0.00034763538860715926,0.9906899929046631
246.86441040039062,-4.0,-0.010150915943086147,0.0003611928259488195,0.9908599853515625
246.86441040039062,-3.0,-0.019745588302612305,0.0003834728559013456,0.9919099807739258
246.86441040039062,-2.0,-0.02542450651526451,0.00039647147059440613,0.9924399852752686
246.86441040039062,-1.0,-0.020739706233143806,0.0004024508234579116,0.9919700026512146
246.86441040039062,0.0,-0.012187129817903042,0.0004116329364478588,0.9919599890708923
246.86441040039062,1.0,-0.019770147278904915,0.00040412976522929966,0.9925500154495239
246.86441040039062,2.0,-0.004300258122384548,0.0003891339583788067,0.9910399913787842
246.86441040039062,3.0,-0.0037569385021924973,0.0003673837927635759,0.9912800192832947
246.86441040039062,4.0,0.00016587090794928372,0.0003491971583571285,0.9904599785804749
246.86441040039062,5.0,-0.0019515864551067352,0.0003400262794457376,0.9902200102806091
246.86441040039062,6.0,-0.001966276206076145,0.00032884516986086965,0.9896699786186218
246.86441040039062,7.0,9.05168053577654e-05,0.00032649110653437674,0.9892899990081787
246.86441040039062,8.0,0.003419411601498723,0.0003262892132624984,0.9895600080490112
246.86441040039062,9.0,0.005309633910655975,0.0003263050166424364,0.9893400073051453
246.86441040039062,10.0,0.0051735565066337585,0.0003263033868279308,0.9893699884414673
251.69491577148438,-10.0,-0.006575599312782288,0.0003279466473031789,0.9896900057792664
251.69491577148438,-9.0,-0.006575599312782288,0.0003279466473031789,0.9896900057792664
251.69491577148438,-8.0,-0.00889613013714552,0.00032818311592563987,0.9898899793624878
251.69491577148438,-7.0,-0.007236145436763763,0.00032975157955661416,0.989799976348877
251.69491577148438,-6.0,-0.014540613628923893,0.0003350910556036979,0.9899299740791321
251.69491577148438,-5.0,-0.009037574753165245,0.0003465069748926908,0.9909600019454956
251.69491577148438,-4.0,-0.017088865861296654,0.00036007651942782104,0.9911800026893616
251.69491577148438,-3.0,-0.026547377929091454,0.0003822953731287271,0.9913300275802612
251.69491577148438,-2.0,-0.025624336674809456,0.00039492532960139215,0.9924700260162354
251.69491577148438,-1.0,-0.020914314314723015,0.00040105945663526654,0.9921000003814697
251.69491577148438,0.0,-0.0150709617882967,0.00041039829375222325,0.9920799732208252
251.69491577148438,1.0,-0.023503825068473816,0.00040300481487065554,0.9924899935722351
251.69491577148438,2.0,-0.005713942926377058,0.00038898218190297484,0.9921799898147583
251.69491577148438,3.0,-0.005170623771846294,0.00036690456909127533,0.9914100170135498
251.69491577148438,4.0,-0.0011282203486189246,0.0003491553361527622,0.9913300275802612
251.69491577148438,5.0,-0.0029383341316133738,0.0003397533728275448,0.9902099967002869
251.69491577148438,6.0,-0.003565301885828376,0.0003286886203568429,0.9899799823760986
251.69491577148438,7.0,-0.0017830487340688705,0.0003264633705839515,0.9899299740791321
251.69491577148438,8.0,0.0015458464622497559,0.0003262964601162821,0.9893800020217896
251.69491577148438,9.0,0.003436068771407008,0.0003263155522290617,0.9898899793624878
251.69491577148438,10.0,0.0032999911345541477,0.00032630786881782115,0.9898099899291992
256.5254211425781,-10.0,-0.007308315951377153,0.00032831710996106267,0.9901099801063538
256.5254211425781,-9.0,-0.007308315951377153,0.00032831710996106267,0.9901099801063538
256.5254211425781,-8.0,-0.009628845378756523,0.00032849962008185685,0.9902799725532532
256.5254211425781,-7.0,-0.007968860678374767,0.0003300992539152503,0.99031001329422
256.5254211425781,-6.0,-0.015273328870534897,0.0003355570079293102,0.9893100261688232
256.5254211425781,-5.0,-0.009770289994776249,0.0003471130330581218,0.9911699891090393
256.5254211425781,-4.0,-0.017821580171585083,0.0003602707292884588,0.9909300208091736
256.5254211425781,-3.0,-0.027280090376734734,0.00038273929385468364,0.9910699725151062
256.5254211425781,-2.0,-0.027090193703770638,0.00039552527596242726,0.992110013961792
256.5254211425781,-1.0,-0.02240259200334549,0.00040114775765687227,0.9920200109481812
256.5254211425781,0.0,-0.015646319836378098,0.00040980687481351197,0.9916499853134155
256.5254211425781,1.0,-0.024079179391264915,0.0004023913061246276,0.9924799799919128
256.5254211425781,2.0,-0.0064778742380440235,0.000387714768294245,0.9920300245285034
256.5254211425781,3.0,-0.00593455508351326,0.00036540726432576776,0.9909899830818176
256.5254211425781,4.0,-0.0018300393130630255,0.0003479693550616503,0.9912800192832947
256.5254211425781,5.0,-0.005163435824215412,0.00033898689434863627,0.9901900291442871
256.5254211425781,6.0,-0.004953455179929733,0.0003285669954493642,0.9900599718093872
256.5254211425781,7.0,-0.0031712017953395844,0.0003264916886109859,0.9892100095748901
256.5254211425781,8.0,0.00015769321180414408,0.0003264108672738075,0.9892299771308899
256.5254211425781,9.0,0.002047915244475007,0.00032642981386743486,0.9894700050354004
256.5254211425781,10.0,0.001911837956868112,0.0003264266415499151,0.989549994468689
261.3559265136719,-10.0,-0.010266485624015331,0.0003290909808129072,0.9901099801063538
261.3559265136719,-9.0,-0.010266485624015331,0.0003290909808129072,0.9901099801063538
261.3559265136719,-8.0,-0.012587017379701138,0.0003293863555882126,0.9904800057411194
261.3559265136719,-7.0,-0.010927032679319382,0.0003310236206743866,0.9896900057792664
261.3559265136719,-6.0,-0.018134506419301033,0.0003361700801178813,0.9902600049972534
261.3559265136719,-5.0,-0.012556204572319984,0.00034767627948895097,0.9908199906349182
261.3559265136719,-4.0,-0.020474037155508995,0.0003604761732276529,0.9911800026893616
261.3559265136719,-3.0,-0.029905743896961212,0.0003826766915153712,0.9918000102043152
261.3559265136719,-2.0,-0.030001260340213776,0.0003952553670387715,0.9914199709892273
261.3559265136719,-1.0,-0.025296181440353394,0.0004009180993307382,0.9923700094223022
261.3559265136719,0.0,-0.018667476251721382,0.0004091594892088324,0.9912599921226501
261.3559265136719,1.0,-0.02741638757288456,0.0004018187173642218,0.9929599761962891
261.3559265136719,2.0,-0.00981508195400238,0.0003871065273415297,0.9919300079345703
261.3559265136719,3.0,-0.00917776208370924,0.0003653412568382919,0.9915000200271606
261.3559265136719,4.0,-0.004176014102995396,0.00034771685022860765,0.9903799891471863
261.3559265136719,5.0,-0.007884534075856209,0.0003387820615898818,0.9897099733352661
261.3559265136719,6.0,-0.00767455343157053,0.00032855814788490534,0.9894499778747559
261.3559265136719,7.0,-0.005892300512641668,0.00032652050140313804,0.9894599914550781
261.3559265136719,8.0,-0.0025634055491536856,0.0003264377301093191,0.9896299839019775
261.3559265136719,9.0,-0.0006731833564117551,0.00032643612939864397,0.9898899793624878
261.3559265136719,10.0,-0.0008092607604339719,0.0003264358965680003,0.9899600148200989
266.1864318847656,-10.0,-0.006270145066082478,0.0003294633643236011,0.9902999997138977
266.1864318847656,-9.0,-0.006270145066082478,0.0003294633643236011,0.9902999997138977
266.1864318847656,-8.0,-0.00859067589044571,0.0003297525108791888,0.9899799823760986
266.1864318847656,-7.0,-0.006930690258741379,0.0003314065688755363,0.9900799989700317
266.1864318847656,-6.0,-0.01413816399872303,0.00033641152549535036,0.9904400110244751
266.1864318847656,-5.0,-0.00855986401438713,0.0003478879516478628,0.9906600117683411
266.1864318847656,-4.0,-0.015031302347779274,0.0003601231728680432,0.9906700253486633
266.1864318847656,-3.0,-0.024500994011759758,0.0003819953999482095,0.9919000267982483
266.1864318847656,-2.0,-0.024596508592367172,0.00039436580846086144,0.9918799996376038
266.1864318847656,-1.0,-0.021144840866327286,0.0004007752286270261,0.9918500185012817
266.1864318847656,0.0,-0.014283952303230762,0.0004095543990842998,0.9917500019073486
266.1864318847656,1.0,-0.023032866418361664,0.00040206554695032537,0.9921200275421143
266.1864318847656,2.0,-0.005749383009970188,0.0003877864801324904,0.9912499785423279
266.1864318847656,3.0,-0.00511206453666091,0.00036623593769036233,0.9914399981498718
266.1864318847656,4.0,-0.00011031561734853312,0.00034837721614167094,0.9903900027275085
266.1864318847656,5.0,-0.003818834898993373,0.0003393269143998623,0.9904900193214417
266.1864318847656,6.0,-0.003608855651691556,0.0003285800339654088,0.9899600148200989
266.1864318847656,7.0,-0.0018266020342707634,0.0003265126433689147,0.9897199869155884
266.1864318847656,8.0,0.0015022932784631848,0.0003263749822508544,0.9896900057792664
266.1864318847656,9.0,0.003392515005543828,0.0003264051047153771,0.989359974861145
266.1864318847656,10.0,0.0032564380671828985,0.0003264067054260522,0.989329993724823
271.0169372558594,-10.0,-0.00775192491710186,0.0003291937755420804,0.9901900291442871
271.0169372558594,-9.0,-0.00775192491710186,0.0003291937755420804,0.9901900291442871
271.0169372558594,-8.0,-0.010072455741465092,0.0003295458445791155,0.9901000261306763
271.0169372558594,-7.0,-0.008412471041083336,0.00033124451874755323,0.9901400208473206
271.0169372558594,-6.0,-0.015619946643710136,0.0003361990675330162,0.9902300238609314
271.0169372558594,-5.0,-0.010093924589455128,0.00034759065601974726,0.991100013256073
271.0169372558594,-4.0,-0.016565361991524696,0.00035941298119723797,0.9912999868392944
271.0169372558594,-3.0,-0.025838451460003853,0.00038133765337988734,0.9916700124740601
271.0169372558594,-2.0,-0.025916678830981255,0.00039402878610417247,0.9919899702072144
271.0169372558594,-1.0,-0.02243170142173767,0.00040109592373482883,0.9922500252723694
271.0169372558594,0.0,-0.01593858189880848,0.0004097983182873577,0.9922900199890137
271.0169372558594,1.0,-0.024687496945261955,0.0004023825458716601,0.9922199845314026
271.0169372558594,2.0,-0.006515343673527241,0.00038878145278431475,0.9918199777603149
271.0169372558594,3.0,-0.005878024268895388,0.0003676420310512185,0.9911999702453613
271.0169372558594,4.0,-0.0005232951370999217,0.00034973100991919637,0.9905700087547302
271.0169372558594,5.0,-0.0035809953697025776,0.0003403691225685179,0.9900400042533875
271.0169372558594,6.0,-0.00363263301551342,0.0003294546331744641,0.9900599718093872
271.0169372558594,7.0,-0.001850379747338593,0.000327388261212036,0.9895899891853333
271.0169372558594,8.0,0.0014785153325647116,0.0003272909962106496,0.9897500276565552
271.0169372558594,9.0,0.0033687374088913202,0.0003273548209108412,0.9891200065612793
271.0169372558594,10.0,0.0032326604705303907,0.00032735097920522094,0.9890999794006348
275.8474426269531,-10.0,0.0024676055181771517,0.00033214830909855664,0.9899899959564209
275.8474426269531,-9.0,0.0024676055181771517,0.00033214830909855664,0.9899899959564209
275.8474426269531,-8.0,0.00014707515947520733,0.00033253911533392966,0.9897599816322327
275.8474426269531,-7.0,0.002037678612396121,0.0003342180571053177,0.990119993686676
275.8474426269531,-6.0,-0.005169795360416174,0.00033905438613146544,0.9905499815940857
275.8474426269531,-5.0,0.0008552329381927848,0.00035041040973737836,0.9909999966621399
275.8474426269531,-4.0,-0.0031355691608041525,0.00036210729740560055,0.9908199906349182
275.8474426269531,-3.0,-0.012374497950077057,0.0003842336591333151,0.9921299815177917
275.8474426269531,-2.0,-0.014683464542031288,0.00039754423778504133,0.9919499754905701
275.8474426269531,-1.0,-0.011490058153867722,0.00040328167960979044,0.9923099875450134
275.8474426269531,0.0,-0.0005313940928317606,0.00041421482455916703,0.9924899935722351
275.8474426269531,1.0,-0.009757569059729576,0.0004066975961904973,0.9921000003814697
275.8474426269531,2.0,0.002649943809956312,0.00039406228461302817,0.9915099740028381
275.8474426269531,3.0,0.0034945711959153414,0.00037227116990834475,0.9912300109863281
275.8474426269531,4.0,0.00890619307756424,0.00035529458546079695,0.9906100034713745
275.8474426269531,5.0,0.005785796325653791,0.0003459303406998515,0.9904800057411194
275.8474426269531,6.0,0.005757121369242668,0.00033546637860126793,0.9900799989700317
275.8474426269531,7.0,0.007408422417938709,0.0003334636858198792,0.9902600049972534
275.8474426269531,8.0,0.01073731854557991,0.0003333785862196237,0.9906899929046631
275.8474426269531,9.0,0.0125063331797719,0.0003334932553116232,0.990369975566864
275.8474426269531,10.0,0.012370254844427109,0.00033345824340358377,0.9902300238609314
280.677978515625,-10.0,-0.009052138775587082,0.0003325271827634424,0.9901999831199646
280.677978515625,-9.0,-0.009052138775587082,0.0003325271827634424,0.9901999831199646
280.677978515625,-8.0,-0.006105685606598854,0.0003331263433210552,0.9905499815940857
280.677978515625,-7.0,-0.004215081688016653,0.00033503019949421287,0.9903500080108643
280.677978515625,-6.0,-0.011422554962337017,0.0003386984462849796,0.9907600283622742
280.677978515625,-5.0,-0.005397527012974024,0.000349692563759163,0.9904999732971191
280.677978515625,-4.0,-0.008557523600757122,0.0003612948057707399,0.9911900162696838
280.677978515625,-3.0,-0.01762263849377632,0.00038217793917283416,0.9919599890708923
280.677978515625,-2.0,-0.01937256194651127,0.00039599250885657966,0.9922199845314026
280.677978515625,-1.0,-0.017084956169128418,0.0004023601650260389,0.9916499853134155
280.677978515625,0.0,-0.018238555639982224,0.00041541250539012253,0.9921799898147583
280.677978515625,1.0,-0.03112727962434292,0.000407814426580444,0.9924499988555908
280.677978515625,2.0,-0.016293756663799286,0.00039508624467998743,0.9920899868011475
280.677978515625,3.0,-0.015515460632741451,0.0003749669122043997,0.9920300245285034
280.677978515625,4.0,-0.009979048743844032,0.0003570468397811055,0.9909200072288513
280.677978515625,5.0,-0.013028989546000957,0.00034721416886895895,0.9912199974060059
280.677978515625,6.0,-0.01123578567057848,0.00033524230821058154,0.9901400208473206
280.677978515625,7.0,-0.00958448275923729,0.0003330125182401389,0.9900799989700317
280.677978515625,8.0,-0.0043718512170016766,0.0003326120786368847,0.9904599785804749
280.677978515625,9.0,-0.002602835651487112,0.00033262729994021356,0.9903299808502197
280.677978515625,10.0,-0.002738913055509329,0.0003325847501400858,0.9902499914169312
285.50848388671875,-10.0,-0.014284567907452583,0.0003407372860237956,0.9896000027656555
285.50848388671875,-9.0,-0.014284567907452583,0.0003407372860237956,0.9896000027656555
285.50848388671875,-8.0,-0.013905522413551807,0.00034148720442317426,0.9899399876594543
285.50848388671875,-7.0,-0.011395416222512722,0.0003433758392930031,0.9901999831199646
285.50848388671875,-6.0,-0.018602890893816948,0.00034733465872704983,0.9909300208091736
285.50848388671875,-5.0,-0.012577862478792667,0.0003584813675843179,0.9910399913787842
285.50848388671875,-4.0,-0.01713470369577408,0.00036942644510418177,0.9917500019073486
285.50848388671875,-3.0,-0.02638658694922924,0.00038990683970041573,0.9919300079345703
285.50848388671875,-2.0,-0.02983008325099945,0.00040221327799372375,0.9927700161933899
285.50848388671875,-1.0,-0.027589738368988037,0.0004099718062207103,0.9918000102043152
285.50848388671875,0.0,-0.030110830441117287,0.00042184858466498554,0.9927800297737122
285.50848388671875,1.0,-0.04081211984157562,0.00041450359276495874,0.9929199814796448
285.50848388671875,2.0,-0.026438694447278976,0.00039995272527448833,0.9922699928283691
285.50848388671875,3.0,-0.02510080859065056,0.00038224164745770395,0.9914500117301941
285.50848388671875,4.0,-0.019564399495720863,0.0003631784929893911,0.9912899732589722
285.50848388671875,5.0,-0.022614341229200363,0.00035342120099812746,0.9908300042152405
285.50848388671875,6.0,-0.02183259092271328,0.0003425695176701993,0.9910799860954285
285.50848388671875,7.0,-0.018628718331456184,0.00033934065140783787,0.9910899996757507
285.50848388671875,8.0,-0.014942437410354614,0.0003387777542229742,0.9901999831199646
285.50848388671875,9.0,-0.012797284871339798,0.000338720012223348,0.9902700185775757
285.50848388671875,10.0,-0.012933362275362015,0.0003386765019968152,0.9902600049972534
290.3389892578125,-10.0,-0.001827147207222879,0.00034047613735310733,0.9907000064849854
290.3389892578125,-9.0,-0.001827147207222879,0.00034047613735310733,0.9907000064849854
290.3389892578125,-8.0,-0.0001716807164484635,0.00034115032758563757,0.9906100034713745
290.3389892578125,-7.0,0.002338425489142537,0.0003429047064855695,0.9907799959182739
290.3389892578125,-6.0,-0.0046311249025166035,0.0003463765897322446,0.9907900094985962
290.3389892578125,-5.0,0.001429434516467154,0.0003577193710952997,0.991349995136261
290.3389892578125,-4.0,-0.003089164849370718,0.0003685374977067113,0.9913300275802612
290.3389892578125,-3.0,-0.012799604795873165,0.0003891386731993407,0.9923700094223022
290.3389892578125,-2.0,-0.0162431001663208,0.00040169540443457663,0.9925699830055237
290.3389892578125,-1.0,-0.01537387166172266,0.0004090499132871628,0.9922800064086914
290.3389892578125,0.0,-0.021090803667902946,0.00042135166586376727,0.9925000071525574
290.3389892578125,1.0,-0.032932933419942856,0.0004145048151258379,0.9925699830055237
290.3389892578125,2.0,-0.019704001024365425,0.00039970254874788225,0.9923400282859802
290.3389892578125,3.0,-0.018424734473228455,0.00038185188896022737,0.9913600087165833
290.3389892578125,4.0,-0.011460644192993641,0.0003621361975092441,0.9910899996757507
290.3389892578125,5.0,-0.015124131925404072,0.0003530153480824083,0.990559995174408
290.3389892578125,6.0,-0.014342384412884712,0.00034207574208267033,0.9907299876213074
290.3389892578125,7.0,-0.011138511821627617,0.0003389007179066539,0.9906399846076965
290.3389892578125,8.0,-0.007452231366187334,0.0003383915463928133,0.9904699921607971
290.3389892578125,9.0,-0.0053070769645273685,0.000338294223183766,0.9902499914169312
290.3389892578125,10.0,-0.005443154834210873,0.00033824253478087485,0.990339994430542
295.16949462890625,-10.0,0.012544441036880016,0.00033997613354586065,0.9911199808120728
295.16949462890625,-9.0,0.012544441036880016,0.00033997613354586065,0.9911199808120728
295.16949462890625,-8.0,0.011638225056231022,0.0003401240974199027,0.9912700057029724
295.16949462890625,-7.0,0.014038384892046452,0.00034140865318477154,0.9907100200653076
295.16949462890625,-6.0,0.007178749889135361,0.00034488417441025376,0.9911400079727173
295.16949462890625,-5.0,0.013210054486989975,0.000356261502020061,0.9910200238227844
295.16949462890625,-4.0,0.008735105395317078,0.0003671145241241902,0.9909600019454956
295.16949462890625,-3.0,-0.0008296514279209077,0.00038805542862974107,0.9919300079345703
295.16949462890625,-2.0,-0.0034518411848694086,0.00040162651566788554,0.9918100237846375
295.16949462890625,-1.0,-0.0025888748932629824,0.0004075013566762209,0.9916200041770935
295.16949462890625,0.0,-0.004544950556010008,0.0004198592505417764,0.9929199814796448
295.16949462890625,1.0,-0.0163202453404665,0.0004129893204662949,0.9927600026130676
295.16949462890625,2.0,-0.006848581600934267,0.00039810140151530504,0.9915900230407715
295.16949462890625,3.0,-0.00556931784376502,0.00037858058931306005,0.9918299913406372
295.16949462890625,4.0,0.000989694963209331,0.0003600123163778335,0.9914100170135498
295.16949462890625,5.0,-0.0027096320409327745,0.00035098925582133234,0.9901000261306763
295.16949462890625,6.0,-0.0019278832478448749,0.00033944330061785877,0.9902700185775757
295.16949462890625,7.0,-0.00027658187900669873,0.00033734942553564906,0.9902700185775757
295.16949462890625,8.0,0.005711047910153866,0.00033703906228765845,0.9906499981880188
295.16949462890625,9.0,0.007856200449168682,0.0003370806516613811,0.9905999898910522
295.16949462890625,10.0,0.007720123510807753,0.00033703382359817624,0.9904999732971191
300.0,-10.0,0.041803207248449326,0.0003742511908058077,0.9928399920463562
300.0,-9.0,0.041803207248449326,0.0003742511908058077,0.9928399920463562
300.0,-8.0,0.043545547872781754,0.0003739650419447571,0.9930499792098999
300.0,-7.0,0.04594570770859718,0.00037379827699624,0.9931100010871887
300.0,-6.0,0.03908607363700867,0.00037512416020035744,0.9932799935340881
300.0,-5.0,0.04534801095724106,0.00038664674502797425,0.9936400055885315
300.0,-4.0,0.040780823677778244,0.0003987543750554323,0.9934399724006653
300.0,-3.0,0.02930281311273575,0.0004170472966507077,0.9931899905204773
300.0,-2.0,0.02216893620789051,0.0004318873689044267,0.9932299852371216
300.0,-1.0,0.02148587629199028,0.00043575066956691444,0.9934700131416321
300.0,0.0,0.011021517217159271,0.00044893057201988995,0.9933199882507324
300.0,1.0,-0.014198548160493374,0.00043817004188895226,0.993399977684021
300.0,2.0,-0.024269860237836838,0.0004167364095337689,0.9930499792098999
300.0,3.0,-0.023375073447823524,0.0003947739314753562,0.9925699830055237
300.0,4.0,-0.016815872862935066,0.000377957068849355,0.9923499822616577
300.0,5.0,-0.020019419491291046,0.00036934859235771,0.9922800064086914
300.0,6.0,-0.012079078704118729,0.0003572631976567209,0.9919099807739258
300.0,7.0,-0.010671229101717472,0.00035550855682231486,0.9918000102043152
300.0,8.0,-0.0027037858963012695,0.00035550902248360217,0.9917100071907043
300.0,9.0,-0.0005586333572864532,0.00035594834480434656,0.9912499785423279
300.0,10.0,-0.0006947105284780264,0.0003559071337804198,0.9914799928665161
