time_left_game,score_diff_offense,tau_catboost,sign_catboost,tau_xgb,sign_xgb,tau_lgbm,sign_lgbm,positive_share,negative_share,neutral_share,agreement_ratio,is_unanimous,has_pos_neg_conflict,mean_tau,std_tau,majority_positive,majority_negative,majority_neutral,majority_sign
0.0,-10.0,0.0027091761585325003,1,-0.005374412517994642,-1,-0.002831129590049386,-1,0.3333333333333333,0.6666666666666666,0.0,0.6666666666666666,False,True,-0.0018321219831705093,0.0033748692440617465,False,True,False,-1
0.0,-9.0,-0.001237446558661759,-1,-0.006502650678157806,-1,-0.0036812247708439827,-1,0.0,1.0,0.0,1.0,True,False,-0.0038071073358878493,0.0021513528178220102,False,True,False,-1
0.0,-8.0,0.0036208292003721,1,-0.008792025968432426,-1,-0.0025591510348021984,-1,0.3333333333333333,0.6666666666666666,0.0,0.6666666666666666,False,True,-0.002576782600954175,0.005067542238898001,False,True,False,-1
0.0,-7.0,0.0009874387178570032,1,-0.005111948121339083,-1,-0.002166211837902665,-1,0.3333333333333333,0.6666666666666666,0.0,0.6666666666666666,False,True,-0.0020969070804615817,0.002490546434766553,False,True,False,-1
0.0,-6.0,-0.00015297197387553751,-1,-0.005805903114378452,-1,-0.0017330215778201818,-1,0.0,1.0,0.0,1.0,True,False,-0.0025639655553580574,0.002381422339719374,False,True,False,-1
0.0,-5.0,-0.002187119098380208,-1,-0.01060642208904028,-1,-0.00509733147919178,-1,0.0,1.0,0.0,1.0,True,False,-0.005963624222204089,0.0034913238224281297,False,True,False,-1
0.0,-4.0,-0.006793201435357332,-1,-0.010462982580065727,-1,-0.010433279909193516,-1,0.0,1.0,0.0,1.0,True,False,-0.009229821308205525,0.00172299310614471,False,True,False,-1
0.0,-3.0,-0.005646432284265757,-1,-0.01076278742402792,-1,-0.006324728950858116,-1,0.0,1.0,0.0,1.0,True,False,-0.007577982886383931,0.0022689581381808823,False,True,False,-1
0.0,-2.0,-0.014023681171238422,-1,-0.019115976989269257,-1,-0.011686759069561958,-1,0.0,1.0,0.0,1.0,True,False,-0.014942139076689879,0.0031017192455894214,False,True,False,-1
0.0,-1.0,-0.04234853386878967,-1,-0.051157936453819275,-1,-0.04275110363960266,-1,0.0,1.0,0.0,1.0,True,False,-0.045419191320737205,0.004061232356641515,False,True,False,-1
0.0,0.0,-0.021082201972603798,-1,-0.028980497270822525,-1,-0.02027060091495514,-1,0.0,1.0,0.0,1.0,True,False,-0.023444433386127155,0.003928585544507116,False,True,False,-1
0.0,1.0,-0.017118854448199272,-1,-0.021088166162371635,-1,-0.018538959324359894,-1,0.0,1.0,0.0,1.0,True,False,-0.018915326644976933,0.00164217297933517,False,True,False,-1
0.0,2.0,-0.007985969074070454,-1,-0.00768567668274045,-1,-0.009119768626987934,-1,0.0,1.0,0.0,1.0,True,False,-0.008263804794599613,0.0006175486171632427,False,True,False,-1
0.0,3.0,0.0013743957970291376,1,-0.006682943552732468,-1,-0.00766046391800046,-1,0.3333333333333333,0.6666666666666666,0.0,0.6666666666666666,False,True,-0.004323003891234596,0.0040483872444879564,False,True,False,-1
0.0,4.0,0.004154655151069164,1,-0.0038879576604813337,-1,-0.004049732815474272,-1,0.3333333333333333,0.6666666666666666,0.0,0.6666666666666666,False,True,-0.001261011774962147,0.003830024281078413,False,True,False,-1
0.0,5.0,0.004850456025451422,1,-0.005226753186434507,-1,-0.003623593132942915,-1,0.3333333333333333,0.6666666666666666,0.0,0.6666666666666666,False,True,-0.0013332967646420002,0.004421284086930623,False,True,False,-1
0.0,6.0,0.008800949901342392,1,-0.005231135990470648,-1,-0.003566382685676217,-1,0.3333333333333333,0.6666666666666666,0.0,0.6666666666666666,False,True,1.1437417318423588e-06,0.006259408503817583,False,True,False,-1
0.0,7.0,0.008502288721501827,1,-0.006186095532029867,-1,-0.0037686717696487904,-1,0.3333333333333333,0.6666666666666666,0.0,0.6666666666666666,False,True,-0.0004841595267256101,0.006430561069366791,False,True,False,-1
0.0,8.0,0.007261428516358137,1,-0.006186095532029867,-1,-0.003875412978231907,-1,0.3333333333333333,0.6666666666666666,0.0,0.6666666666666666,False,True,-0.0009333599979678789,0.005870873447906694,False,True,False,-1
0.0,9.0,0.007261428516358137,1,-0.006186095532029867,-1,-0.003875412978231907,-1,0.3333333333333333,0.6666666666666666,0.0,0.6666666666666666,False,True,-0.0009333599979678789,0.005870873447906694,False,True,False,-1
0.0,10.0,0.007167079485952854,1,-0.006186095532029867,-1,-0.003875412978231907,-1,0.3333333333333333,0.6666666666666666,0.0,0.6666666666666666,False,True,-0.00096480967476964,0.005826979174942111,False,True,False,-1
1.0,-10.0,0.003418722888454795,1,-0.00349016347900033,-1,-0.002532141050323844,-1,0.3333333333333333,0.6666666666666666,0.0,0.6666666666666666,False,True,-0.0008678605469564596,0.003056201335538222,False,True,False,-1
1.0,-9.0,-7.905303937150165e-05,-1,-0.004618401639163494,-1,-0.0033822364639490843,-1,0.0,1.0,0.0,1.0,True,False,-0.0026932303808280267,0.0019161538672632296,False,True,False,-1
1.0,-8.0,0.0016472998540848494,1,-0.006907772738486528,-1,-0.0021610218100249767,-1,0.3333333333333333,0.6666666666666666,0.0,0.6666666666666666,False,True,-0.002473831564808885,0.0034995908544721305,False,True,False,-1
1.0,-7.0,-0.0002882141852751374,-1,-0.0032276948913931847,-1,-0.001768082962371409,-1,0.0,1.0,0.0,1.0,True,False,-0.0017613306796799104,0.0012000474713947007,False,True,False,-1
1.0,-6.0,-0.0005225691711530089,-1,-0.003921652212738991,-1,-0.0013348929351195693,-1,0.0,1.0,0.0,1.0,True,False,-0.001926371439670523,0.0014493277745007,False,True,False,-1
1.0,-5.0,-0.00255671632476151,-1,-0.008722171187400818,-1,-0.004575240425765514,-1,0.0,1.0,0.0,1.0,True,False,-0.005284709312642614,0.0025665434591937908,False,True,False,-1
1.0,-4.0,-0.007207806687802076,-1,-0.008578729815781116,-1,-0.013068017549812794,-1,0.0,1.0,0.0,1.0,True,False,-0.009618184684465328,0.0025027808073994524,False,True,False,-1
1.0,-3.0,-0.006061036605387926,-1,-0.008878524415194988,-1,-0.00895946566015482,-1,0.0,1.0,0.0,1.0,True,False,-0.007966342226912579,0.0013476597010729358,False,True,False,-1
1.0,-2.0,-0.012917272746562958,-1,-0.017231719568371773,-1,-0.014321497641503811,-1,0.0,1.0,0.0,1.0,True,False,-0.014823496652146181,0.0017967776897487877,False,True,False,-1
1.0,-1.0,-0.03948149085044861,-1,-0.04091823101043701,-1,-0.0335831418633461,-1,0.0,1.0,0.0,1.0,True,False,-0.03799428790807724,0.003173821318515086,False,True,False,-1
1.0,0.0,-0.020131420344114304,-1,-0.026339128613471985,-1,-0.016141140833497047,-1,0.0,1.0,0.0,1.0,True,False,-0.020870563263694446,0.0041959891866562,False,True,False,-1
1.0,1.0,-0.01616806536912918,-1,-0.01858859322965145,-1,-0.014409495517611504,-1,0.0,1.0,0.0,1.0,True,False,-0.01638871803879738,0.001713228944064036,False,True,False,-1
1.0,2.0,-0.007035185117274523,-1,-0.00518608745187521,-1,-0.007821099832654,-1,0.0,1.0,0.0,1.0,True,False,-0.006680790800601244,0.0011045418538869758,False,True,False,-1
1.0,3.0,0.0023538912646472454,1,-0.004183333832770586,-1,-0.00766046391800046,-1,0.3333333333333333,0.6666666666666666,0.0,0.6666666666666666,False,True,-0.003163302162041267,0.004151479727199598,False,True,False,-1
1.0,4.0,0.005134150851517916,1,-0.0013883603969588876,-1,-0.004049732815474272,-1,0.3333333333333333,0.6666666666666666,0.0,0.6666666666666666,False,True,-0.0001013141203050812,0.0038581771076418793,False,True,False,-1
1.0,5.0,0.0058299521915614605,1,-0.002727166749536991,-1,-0.003623593132942915,-1,0.3333333333333333,0.6666666666666666,0.0,0.6666666666666666,False,True,-0.00017360256363948187,0.004260899540334837,False,True,False,-1
1.0,6.0,0.008001556620001793,1,-0.002731553977355361,-1,-0.003566382685676217,-1,0.3333333333333333,0.6666666666666666,0.0,0.6666666666666666,False,True,0.0005678733189900717,0.00526744532057458,False,True,False,-1
1.0,7.0,0.00770289683714509,1,-0.0036865146830677986,-1,-0.0037686717696487904,-1,0.3333333333333333,0.6666666666666666,0.0,0.6666666666666666,False,True,8.257012814283371e-05,0.005388489077695698,False,True,False,-1
1.0,8.0,0.0073400079272687435,1,-0.0036865146830677986,-1,-0.003875412978231907,-1,0.3333333333333333,0.6666666666666666,0.0,0.6666666666666666,False,True,-7.397324467698733e-05,0.005243043534370301,False,True,False,-1
1.0,9.0,0.0073400079272687435,1,-0.0036865146830677986,-1,-0.003875412978231907,-1,0.3333333333333333,0.6666666666666666,0.0,0.6666666666666666,False,True,-7.397324467698733e-05,0.005243043534370301,False,True,False,-1
1.0,10.0,0.007245659828186035,1,-0.0036865146830677986,-1,-0.003875412978231907,-1,0.3333333333333333,0.6666666666666666,0.0,0.6666666666666666,False,True,-0.00010542261103789012,0.0051985722663489544,False,True,False,-1
2.0,-10.0,0.006414518691599369,1,0.0033356379717588425,1,0.002095278585329652,1,1.0,0.0,0.0,1.0,True,False,0.003948478416229288,0.0018157897880695072,True,False,False,1
2.0,-9.0,0.002040604129433632,1,0.0022074009757488966,1,0.0012451837537810206,1,1.0,0.0,0.0,1.0,True,False,0.0018310629529878497,0.00041983816249646004,True,False,False,1
2.0,-8.0,0.0018028842750936747,1,-8.196101407520473e-05,-1,0.002222714014351368,1,0.6666666666666666,0.3333333333333333,0.0,0.6666666666666666,False,True,0.0013145457584566127,0.0010022433592651772,True,False,False,1
2.0,-7.0,0.004199550487101078,1,0.003598115872591734,1,0.0026156532112509012,1,1.0,0.0,0.0,1.0,True,False,0.0034711065236479044,0.0006528303384242874,True,False,False,1
2.0,-6.0,0.0002189188526244834,1,0.0029157581739127636,1,0.0034713484346866608,1,1.0,0.0,0.0,1.0,True,False,0.002202008487074636,0.0014204819623785986,True,False,False,1
2.0,-5.0,0.0031758835539221764,1,0.00280284252949059,1,-0.0022982461377978325,-1,0.6666666666666666,0.3333333333333333,0.0,0.6666666666666666,False,True,0.0012268266485383113,0.0024972509569795597,True,False,False,1
2.0,-4.0,-0.006950460374355316,-1,-0.0029643841553479433,-1,-0.008142536506056786,-1,0.0,1.0,0.0,1.0,True,False,-0.006019127011920015,0.0022141743104788386,False,True,False,-1
2.0,-3.0,-0.004577265121042728,-1,-0.0021192084532231092,-1,-0.005482460372149944,-1,0.0,1.0,0.0,1.0,True,False,-0.004059644648805261,0.0014209888769212244,False,True,False,-1
2.0,-2.0,-0.004427813459187746,-1,-0.0076539525762200356,-1,-0.009271827526390553,-1,0.0,1.0,0.0,1.0,True,False,-0.007117864520599444,0.0020135641490234783,False,True,False,-1
2.0,-1.0,-0.01984228752553463,-1,-0.02838219702243805,-1,-0.011643897742033005,-1,0.0,1.0,0.0,1.0,True,False,-0.019956127430001896,0.006833856175590706,False,True,False,-1
2.0,0.0,-0.013497848063707352,-1,-0.018873021006584167,-1,-0.00984704215079546,-1,0.0,1.0,0.0,1.0,True,False,-0.01407263707369566,0.003707187647511135,False,True,False,-1
2.0,1.0,-0.010992619208991528,-1,-0.017819000408053398,-1,-0.00967528484761715,-1,0.0,1.0,0.0,1.0,True,False,-0.012828968154887358,0.0035692351067273427,False,True,False,-1
2.0,2.0,-0.005743839778006077,-1,-0.0035321777686476707,-1,-0.00475485110655427,-1,0.0,1.0,0.0,1.0,True,False,-0.004676956217736006,0.0009045856956595554,False,True,False,-1
2.0,3.0,0.0035799341276288033,1,-0.0029773744754493237,-1,-0.006213734857738018,-1,0.3333333333333333,0.6666666666666666,0.0,0.6666666666666666,False,True,-0.0018703917351861794,0.004074149902262996,False,True,False,-1
2.0,4.0,0.007698518224060535,1,-0.00018240704957861453,-1,-0.002603002591058612,-1,0.3333333333333333,0.6666666666666666,0.0,0.6666666666666666,False,True,0.001637702861141103,0.004398100562849707,False,True,False,-1
2.0,5.0,0.006554447114467621,1,-0.0016868084203451872,-1,-0.0021768626756966114,-1,0.3333333333333333,0.6666666666666666,0.0,0.6666666666666666,False,True,0.0008969253394752741,0.0040054714886166585,False,True,False,-1
2.0,6.0,0.005286748055368662,1,-0.0016912049613893032,-1,-0.002119652461260557,-1,0.3333333333333333,0.6666666666666666,0.0,0.6666666666666666,False,True,0.0004919635442396005,0.0033949335483097797,False,True,False,-1
2.0,7.0,0.0049880873411893845,1,-0.002646172419190407,-1,-0.002321941312402487,-1,0.3333333333333333,0.6666666666666666,0.0,0.6666666666666666,False,True,6.657869865496953e-06,0.003524888758148534,False,True,False,-1
2.0,8.0,0.004625201225280762,1,-0.002646172419190407,-1,-0.002428682753816247,-1,0.3333333333333333,0.6666666666666666,0.0,0.6666666666666666,False,True,-0.000149884649241964,0.0033776628280944,False,True,False,-1
2.0,9.0,0.004625201225280762,1,-0.002646172419190407,-1,-0.002428682753816247,-1,0.3333333333333333,0.6666666666666666,0.0,0.6666666666666666,False,True,-0.000149884649241964,0.0033776628280944,False,True,False,-1
2.0,10.0,0.004299637395888567,1,-0.002646172419190407,-1,-0.002428682753816247,-1,0.3333333333333333,0.6666666666666666,0.0,0.6666666666666666,False,True,-0.00025840592570602894,0.0032242461268525975,False,True,False,-1
3.0,-10.0,-0.005127325188368559,-1,-0.00799771398305893,-1,-0.004144501872360706,-1,0.0,1.0,0.0,1.0,True,False,-0.0057565136812627316,0.0016347720559149715,False,True,False,-1
3.0,-9.0,-0.009501240216195583,-1,-0.009125951677560806,-1,-0.005459150765091181,-1,0.0,1.0,0.0,1.0,True,False,-0.008028780886282524,0.0018234508660975818,False,True,False,-1
3.0,-8.0,-0.01366492360830307,-1,-0.012109479866921902,-1,-0.007415689527988434,-1,0.0,1.0,0.0,1.0,True,False,-0.011063364334404469,0.0026563132255279626,False,True,False,-1
3.0,-7.0,-0.006960044149309397,-1,-0.009869459085166454,-1,-0.004529321566224098,-1,0.0,1.0,0.0,1.0,True,False,-0.007119608266899983,0.0021830197297964433,False,True,False,-1
3.0,-6.0,-0.013632740825414658,-1,-0.010837108828127384,-1,-0.0014462711988016963,-1,0.0,1.0,0.0,1.0,True,False,-0.008638706950781247,0.005212308420193451,False,True,False,-1
3.0,-5.0,-0.02218795195221901,-1,-0.018711231648921967,-1,-0.011374230496585369,-1,0.0,1.0,0.0,1.0,True,False,-0.017424471365908783,0.004507472088984613,False,True,False,-1
3.0,-4.0,-0.03668155521154404,-1,-0.031146828085184097,-1,-0.027462365105748177,-1,0.0,1.0,0.0,1.0,True,False,-0.03176358280082544,0.0037889010135878404,False,True,False,-1
3.0,-3.0,-0.03693034499883652,-1,-0.032345350831747055,-1,-0.032746557146310806,-1,0.0,1.0,0.0,1.0,True,False,-0.03400741765896479,0.0020733016828782466,False,True,False,-1
3.0,-2.0,-0.03796473145484924,-1,-0.032345350831747055,-1,-0.03316802158951759,-1,0.0,1.0,0.0,1.0,True,False,-0.034492701292037964,0.0024779617810512704,False,True,False,-1
3.0,-1.0,-0.04597795009613037,-1,-0.04727251082658768,-1,-0.029903002083301544,-1,0.0,1.0,0.0,1.0,True,False,-0.041051154335339866,0.0079006306012951,False,True,False,-1
3.0,0.0,-0.014172255992889404,-1,-0.01988830417394638,-1,-0.006030641961842775,-1,0.0,1.0,0.0,1.0,True,False,-0.013363734042892853,0.0056861809857414085,False,True,False,-1
3.0,1.0,-0.009866402484476566,-1,-0.009697720408439636,-1,-0.003565959632396698,-1,0.0,1.0,0.0,1.0,True,False,-0.0077100275084376335,0.0029311075644563502,False,True,False,-1
3.0,2.0,-0.004177915398031473,-1,-0.006168097257614136,-1,-0.006742358207702637,-1,0.0,1.0,0.0,1.0,True,False,-0.005696123621116082,0.001098836070934584,False,True,False,-1
3.0,3.0,0.002517281798645854,1,-0.007137917913496494,-1,-0.006604691501706839,-1,0.3333333333333333,0.6666666666666666,0.0,0.6666666666666666,False,True,-0.0037417758721858263,0.004431172515761127,False,True,False,-1
3.0,4.0,0.008772003464400768,1,-0.0036488031037151814,-1,-0.002993960864841938,-1,0.3333333333333333,0.6666666666666666,0.0,0.6666666666666666,False,True,0.0007097464986145496,0.0057071414401157336,False,True,False,-1
3.0,5.0,0.007953114807605743,1,-0.005153199657797813,-1,-0.0025678204838186502,-1,0.3333333333333333,0.6666666666666666,0.0,0.6666666666666666,False,True,7.736488866309325e-05,0.0056681345524846275,False,True,False,-1
3.0,6.0,0.0055909911170601845,1,-0.005157573614269495,-1,-0.002510610269382596,-1,0.3333333333333333,0.6666666666666666,0.0,0.6666666666666666,False,True,-0.0006923975888639688,0.004572550999139329,False,True,False,-1
3.0,7.0,0.005121277179569006,1,-0.0061125424690544605,-1,-0.002712899586185813,-1,0.3333333333333333,0.6666666666666666,0.0,0.6666666666666666,False,True,-0.0012347216252237558,0.004703788086046899,False,True,False,-1
3.0,8.0,0.004932773765176535,1,-0.0061125424690544605,-1,-0.0028196407947689295,-1,0.3333333333333333,0.6666666666666666,0.0,0.6666666666666666,False,True,-0.0013331364995489519,0.00463012051270967,False,True,False,-1
3.0,9.0,0.004932773765176535,1,-0.0061125424690544605,-1,-0.0028196407947689295,-1,0.3333333333333333,0.6666666666666666,0.0,0.6666666666666666,False,True,-0.0013331364995489519,0.00463012051270967,False,True,False,-1
3.0,10.0,0.004607210401445627,1,-0.0061125424690544605,-1,-0.0028196407947689295,-1,0.3333333333333333,0.6666666666666666,0.0,0.6666666666666666,False,True,-0.0014416576207925875,0.004483481059918372,False,True,False,-1
4.0,-10.0,0.003369484329596162,1,0.0029197335243225098,1,0.00038428878178820014,1,1.0,0.0,0.0,1.0,True,False,0.0022245022119022906,0.0013141177136492947,True,False,False,1
4.0,-9.0,-0.0013517338084056973,-1,0.0017914968775585294,1,-0.001297289039939642,-1,0.3333333333333333,0.6666666666666666,0.0,0.6666666666666666,False,True,-0.00028584199026227,0.0014690685568351535,False,True,False,-1
4.0,-8.0,-0.007139446213841438,-1,-0.0011920160613954067,-1,-0.002821521135047078,-1,0.0,1.0,0.0,1.0,True,False,-0.0037176611367613077,0.0025093533737545934,False,True,False,-1
4.0,-7.0,0.0016806356143206358,1,0.0019284507725387812,1,0.0013277025427669287,1,1.0,0.0,0.0,1.0,True,False,0.0016455963098754485,0.00024650277014739004,True,False,False,1
4.0,-6.0,-0.00312227220274508,-1,0.00610717386007309,1,0.0034586547408252954,1,0.6666666666666666,0.3333333333333333,0.0,0.6666666666666666,False,True,0.002147852132717768,0.003880233778582898,True,False,False,1
4.0,-5.0,-0.008389180526137352,-1,0.0014598413836210966,1,-0.005725258029997349,-1,0.3333333333333333,0.6666666666666666,0.0,0.6666666666666666,False,True,-0.004218199057504535,0.0041596657080951276,False,True,False,-1
4.0,-4.0,-0.019319912418723106,-1,-0.006777024362236261,-1,-0.011809024959802628,-1,0.0,1.0,0.0,1.0,True,False,-0.012635320580253998,0.005153838927677951,False,True,False,-1
4.0,-3.0,-0.020609980449080467,-1,-0.007975563406944275,-1,-0.01423692237585783,-1,0.0,1.0,0.0,1.0,True,False,-0.014274155410627523,0.0051580463499800635,False,True,False,-1
4.0,-2.0,-0.018171461299061775,-1,-0.007251869421452284,-1,-0.013875510543584824,-1,0.0,1.0,0.0,1.0,True,False,-0.013099613754699627,0.004491538976315398,False,True,False,-1
4.0,-1.0,-0.011854307726025581,-1,-0.007695217616856098,-1,-0.005718085914850235,-1,0.0,1.0,0.0,1.0,True,False,-0.008422537085910639,0.002557348853342115,False,True,False,-1
4.0,0.0,-0.009924404323101044,-1,-0.008582241833209991,-1,0.0011157322442159057,1,0.3333333333333333,0.6666666666666666,0.0,0.6666666666666666,False,True,-0.00579697130403171,0.004918634823931265,False,True,False,-1
4.0,1.0,-0.004706133157014847,-1,-0.0037531168200075626,-1,-0.0013835693243891,-1,0.0,1.0,0.0,1.0,True,False,-0.00328093976713717,0.0013969182706732703,False,True,False,-1
4.0,2.0,-0.005300257820636034,-1,-0.005416921805590391,-1,-0.00574543746188283,-1,0.0,1.0,0.0,1.0,True,False,-0.005487539029369752,0.00018847868573729077,False,True,False,-1
4.0,3.0,-0.004310495685786009,-1,-0.00638674758374691,-1,-0.005607771221548319,-1,0.0,1.0,0.0,1.0,True,False,-0.005435004830360413,0.0008563845146465579,False,True,False,-1
4.0,4.0,0.0017821821384131908,1,-0.002897632075473666,-1,-0.001997040119022131,-1,0.3333333333333333,0.6666666666666666,0.0,0.6666666666666666,False,True,-0.0010374966853608687,0.0020274298952016726,False,True,False,-1
4.0,5.0,0.0011562337167561054,1,-0.004402020946145058,-1,-0.0015709000872448087,-1,0.3333333333333333,0.6666666666666666,0.0,0.6666666666666666,False,True,-0.0016055624388779204,0.002269280331350475,False,True,False,-1
4.0,6.0,0.0001403750356985256,1,-0.004406399093568325,-1,-0.0015136897563934326,-1,0.3333333333333333,0.6666666666666666,0.0,0.6666666666666666,False,True,-0.0019265712714210774,0.0018790320388844225,False,True,False,-1
4.0,7.0,-0.00011812437151093036,-1,-0.005361366551369429,-1,-0.001715978723950684,-1,0.0,1.0,0.0,1.0,True,False,-0.002398489882277014,0.0021942748612532245,False,True,False,-1
4.0,8.0,-0.00030662710196338594,-1,-0.005361366551369429,-1,-0.0018227199325338006,-1,0.0,1.0,0.0,1.0,True,False,-0.002496904528622205,0.002117937892943289,False,True,False,-1
4.0,9.0,-0.00030662710196338594,-1,-0.005361366551369429,-1,-0.0018227199325338006,-1,0.0,1.0,0.0,1.0,True,False,-0.002496904528622205,0.002117937892943289,False,True,False,-1
4.0,10.0,-0.0006321906112134457,-1,-0.005361366551369429,-1,-0.0018227199325338006,-1,0.0,1.0,0.0,1.0,True,False,-0.002605425698372225,0.00200844010866561,False,True,False,-1
5.0,-10.0,0.006868157535791397,1,0.0033323047682642937,1,-0.0005055832443758845,-1,0.6666666666666666,0.3333333333333333,0.0,0.6666666666666666,False,True,0.003231626353226602,0.003011158733856052,True,False,False,1
5.0,-9.0,0.0021469395142048597,1,0.0022040714975446463,1,-0.002187161473557353,-1,0.6666666666666666,0.3333333333333333,0.0,0.6666666666666666,False,True,0.0007212831793973843,0.0020567131934806134,True,False,False,1
5.0,-8.0,-0.002884739777073264,-1,-0.0017260200111195445,-1,-0.003285609185695648,-1,0.0,1.0,0.0,1.0,True,False,-0.002632122991296152,0.0006612821025381994,False,True,False,-1
5.0,-7.0,0.008070207200944424,1,0.0019522440852597356,1,0.0008636134443804622,1,1.0,0.0,0.0,1.0,True,False,0.0036286882435282073,0.003171918153092965,True,False,False,1
5.0,-6.0,0.00326730078086257,1,0.006048377137631178,1,-1.2013115338049829e-05,-1,0.6666666666666666,0.3333333333333333,0.0,0.6666666666666666,False,True,0.003101221601051899,0.0024769294465858387,True,False,False,1
5.0,-5.0,-0.0011599221033975482,-1,0.008629287593066692,1,-0.011393426917493343,-1,0.3333333333333333,0.6666666666666666,0.0,0.6666666666666666,False,True,-0.0013080204759413998,0.00817490974216476,False,True,False,-1
5.0,-4.0,-0.009469405747950077,-1,0.005034852772951126,1,-0.003294084221124649,-1,0.3333333333333333,0.6666666666666666,0.0,0.6666666666666666,False,True,-0.0025762123987078667,0.005943056664452997,False,True,False,-1
5.0,-3.0,-0.012570247985422611,-1,0.0038363132625818253,1,0.0007074009045027196,1,0.6666666666666666,0.3333333333333333,0.0,0.6666666666666666,False,True,-0.0026755112727793553,0.007112284400740863,True,False,False,1
5.0,-2.0,-0.008678607642650604,-1,0.005125465802848339,1,0.002614539349451661,1,0.6666666666666666,0.3333333333333333,0.0,0.6666666666666666,False,True,-0.0003128674967835347,0.006003631903812935,True,False,False,1
5.0,-1.0,-0.00012903714377898723,-1,0.0030147621873766184,1,0.013574271462857723,1,0.6666666666666666,0.3333333333333333,0.0,0.6666666666666666,False,True,0.0054866655021517845,0.005861052021061196,True,False,False,1
5.0,0.0,-0.0010828720405697823,-1,-0.0034163380041718483,-1,0.0019729335326701403,1,0.3333333333333333,0.6666666666666666,0.0,0.6666666666666666,False,True,-0.0008420921706904968,0.0022067386393738184,False,True,False,-1
5.0,1.0,-0.001214211923070252,-1,-0.0014281847979873419,-1,-0.0010618472006171942,-1,0.0,1.0,0.0,1.0,True,False,-0.001234747973891596,0.00015026000987008203,False,True,False,-1
5.0,2.0,-0.002139851450920105,-1,-0.003092080820351839,-1,-0.005736209452152252,-1,0.0,1.0,0.0,1.0,True,False,-0.003656047241141399,0.0015214009576900412,False,True,False,-1
5.0,3.0,-0.003459361381828785,-1,-0.004619704093784094,-1,-0.005447703413665295,-1,0.0,1.0,0.0,1.0,True,False,-0.004508922963092725,0.0008155081659431247,False,True,False,-1
5.0,4.0,0.0022010644897818565,1,-0.0011305813677608967,-1,-0.001757067278958857,-1,0.3333333333333333,0.6666666666666666,0.0,0.6666666666666666,False,True,-0.00022886138564596573,0.0017371482318803684,False,True,False,-1
5.0,5.0,0.001982651650905609,1,-0.002634990494698286,-1,-0.0008705165819264948,-1,0.3333333333333333,0.6666666666666666,0.0,0.6666666666666666,False,True,-0.0005076184752397239,0.0019025291978647736,False,True,False,-1
5.0,6.0,-4.2608804506016895e-05,-1,-0.002639378421008587,-1,-0.0008133063674904406,-1,0.0,1.0,0.0,1.0,True,False,-0.0011650978643350147,0.0010889202766155826,False,True,False,-1
5.0,7.0,-0.0003011080261785537,-1,-0.0035943465773016214,-1,-0.001015595393255353,-1,0.0,1.0,0.0,1.0,True,False,-0.0016370166655785094,0.0014144441398001755,False,True,False,-1
5.0,8.0,-0.0004896108293905854,-1,-0.0035943465773016214,-1,-0.001122336252592504,-1,0.0,1.0,0.0,1.0,True,False,-0.0017354312197615702,0.0013395920013609128,False,True,False,-1
5.0,9.0,-0.0004896108293905854,-1,-0.0035943465773016214,-1,-0.001122336252592504,-1,0.0,1.0,0.0,1.0,True,False,-0.0017354312197615702,0.0013395920013609128,False,True,False,-1
5.0,10.0,-0.0008151743677444756,-1,-0.0035943465773016214,-1,-0.001122336252592504,-1,0.0,1.0,0.0,1.0,True,False,-0.001843952399212867,0.0012440516977176104,False,True,False,-1
6.0,-10.0,0.009028371423482895,1,0.0033332372549921274,1,0.002240861998870969,1,1.0,0.0,0.0,1.0,True,False,0.004867490225781997,0.0029757934718975467,True,False,False,1
6.0,-9.0,0.004307151306420565,1,0.00220500398427248,1,0.0005592841189354658,1,1.0,0.0,0.0,1.0,True,False,0.00235714646987617,0.0015338378044850152,True,False,False,1
6.0,-8.0,-6.525440403493121e-05,-1,-0.0017250883392989635,-1,-0.0003319995303172618,-1,0.0,1.0,0.0,1.0,True,False,-0.0007074474245503856,0.0007277742388619271,False,True,False,-1
6.0,-7.0,0.010889695025980473,1,0.004020637832581997,1,0.004203598480671644,1,1.0,0.0,0.0,1.0,True,False,0.006371310446411371,0.0031958533608780434,True,False,False,1
6.0,-6.0,0.008129235357046127,1,0.008116771467030048,1,0.006620626896619797,1,1.0,0.0,0.0,1.0,True,False,0.007622211240231991,0.0007082453601049971,True,False,False,1
6.0,-5.0,0.003947168122977018,1,0.009063955396413803,1,-0.004041108302772045,-1,0.6666666666666666,0.3333333333333333,0.0,0.6666666666666666,False,True,0.0029900050722062588,0.0053927602375314415,True,False,False,1
6.0,-4.0,-0.005416580475866795,-1,0.005469514988362789,1,-0.002246315823867917,-1,0.3333333333333333,0.6666666666666666,0.0,0.6666666666666666,False,True,-0.0007311271037906408,0.004571550886163035,False,True,False,-1
6.0,-3.0,-0.008890422061085701,-1,0.004270969890058041,1,-0.0006715490017086267,-1,0.3333333333333333,0.6666666666666666,0.0,0.6666666666666666,False,True,-0.0017636670575787623,0.005428326992660875,False,True,False,-1
6.0,-2.0,-0.004586284980177879,-1,0.005560121964663267,1,0.0023021928500384092,1,0.6666666666666666,0.3333333333333333,0.0,0.6666666666666666,False,True,0.0010920099448412657,0.004229720280003057,True,False,False,1
6.0,-1.0,0.004333278629928827,1,0.003449422772973776,1,0.013725453987717628,1,1.0,0.0,0.0,1.0,True,False,0.007169385130206744,0.004649862323573784,True,False,False,1
6.0,0.0,0.0018472422380000353,1,-0.0029816788155585527,-1,0.004391897469758987,1,0.6666666666666666,0.3333333333333333,0.0,0.6666666666666666,False,True,0.0010858202974001567,0.0030580199844092437,True,False,False,1
6.0,1.0,0.0026105304714292288,1,1.4982872926339041e-05,1,0.0005137076368555427,1,1.0,0.0,0.0,1.0,True,False,0.0010464069937370368,0.001124586824168473,True,False,False,1
6.0,2.0,0.0016848909435793757,1,-0.0016489458503201604,-1,-0.0041606551967561245,-1,0.3333333333333333,0.6666666666666666,0.0,0.6666666666666666,False,True,-0.001374903367832303,0.0023942886043463096,False,True,False,-1
6.0,3.0,-0.0019452947890385985,-1,-0.00461877416819334,-1,-0.0040351576171815395,-1,0.0,1.0,0.0,1.0,True,False,-0.003533075524804493,0.0011477333657563767,False,True,False,-1
6.0,4.0,0.003715130500495434,1,-0.0011296519078314304,-1,-0.00034452183172106743,-1,0.3333333333333333,0.6666666666666666,0.0,0.6666666666666666,False,True,0.0007469855869809786,0.002123129840560796,False,True,False,-1
6.0,5.0,0.0026254167314618826,1,-0.0026340633630752563,-1,0.0005420286324806511,1,0.6666666666666666,0.3333333333333333,0.0,0.6666666666666666,False,True,0.00017779400028909245,0.0021625652771147955,True,False,False,1
6.0,6.0,-2.076021883112844e-05,-1,-0.002638449426740408,-1,0.0005992390215396881,1,0.3333333333333333,0.6666666666666666,0.0,0.6666666666666666,False,True,-0.0006866568746772828,0.001403144181052423,False,True,False,-1
6.0,7.0,-0.00027925943140871823,-1,-0.00359341804869473,-1,0.0003969499666709453,1,0.3333333333333333,0.6666666666666666,0.0,0.6666666666666666,False,True,-0.0011585758378108342,0.0017436852222499522,False,True,False,-1
6.0,8.0,-0.0004677622055169195,-1,-0.00359341804869473,-1,0.0002902088745031506,1,0.3333333333333333,0.6666666666666666,0.0,0.6666666666666666,False,True,-0.001256990459902833,0.0016808332155586081,False,True,False,-1
6.0,9.0,-0.0004677622055169195,-1,-0.00359341804869473,-1,0.0002902088745031506,1,0.3333333333333333,0.6666666666666666,0.0,0.6666666666666666,False,True,-0.001256990459902833,0.0016808332155586081,False,True,False,-1
6.0,10.0,-0.0007933257147669792,-1,-0.00359341804869473,-1,0.0002902088745031506,1,0.3333333333333333,0.6666666666666666,0.0,0.6666666666666666,False,True,-0.0013655116296528529,0.0016362939956992644,False,True,False,-1
7.0,-10.0,0.009454715996980667,1,0.003357723355293274,1,0.0020414022728800774,1,1.0,0.0,0.0,1.0,True,False,0.004951280541718006,0.0032294347774586363,True,False,False,1
7.0,-9.0,0.004699280951172113,1,0.0022294900845736265,1,0.00035982465487904847,1,1.0,0.0,0.0,1.0,True,False,0.0024295318968749293,0.0017772136959973747,True,False,False,1
7.0,-8.0,0.00032687486964277923,1,-0.0017006025882437825,-1,-0.000531459110789001,-1,0.3333333333333333,0.6666666666666666,0.0,0.6666666666666666,False,True,-0.0006350622764633348,0.0008309498270103702,False,True,False,-1
7.0,-7.0,0.011281822808086872,1,0.0040451237000525,1,0.004004139918833971,1,1.0,0.0,0.0,1.0,True,False,0.006443695475657781,0.0034211135595669058,True,False,False,1
7.0,-6.0,0.008521364070475101,1,0.008141256868839264,1,0.006421167869120836,1,1.0,0.0,0.0,1.0,True,False,0.0076945962694784,0.0009137232583635578,True,False,False,1
7.0,-5.0,0.004339298233389854,1,0.009088440798223019,1,-0.0013588578440248966,-1,0.6666666666666666,0.3333333333333333,0.0,0.6666666666666666,False,True,0.0040229603958626585,0.004270953402591926,True,False,False,1
7.0,-4.0,-0.005024451296776533,-1,0.005494002718478441,1,0.000435934605775401,1,0.6666666666666666,0.3333333333333333,0.0,0.6666666666666666,False,True,0.0003018286758257697,0.004295187773783906,True,False,False,1
7.0,-3.0,-0.008738268166780472,-1,0.004295456223189831,1,-0.00029669562354683876,-1,0.3333333333333333,0.6666666666666666,0.0,0.6666666666666666,False,True,-0.0015798358557124932,0.005397797668801495,False,True,False,-1
7.0,-2.0,-0.004434129688888788,-1,0.005584608763456345,1,0.0026770459953695536,1,0.6666666666666666,0.3333333333333333,0.0,0.6666666666666666,False,True,0.0012758416899790366,0.004208428857519825,True,False,False,1
7.0,-1.0,0.004485433455556631,1,0.0034739093389362097,1,0.014100311324000359,1,1.0,0.0,0.0,1.0,True,False,0.007353218039497733,0.0047887539159967634,True,False,False,1
7.0,0.0,0.0019993975292891264,1,-0.0029571931809186935,-1,0.004192436579614878,1,0.6666666666666666,0.3333333333333333,0.0,0.6666666666666666,False,True,0.0010782136426617701,0.0029906227047125423,True,False,False,1
7.0,1.0,0.0027626859955489635,1,3.946895958506502e-05,1,0.0003142481727991253,1,1.0,0.0,0.0,1.0,True,False,0.0010388010426443846,0.0012241215631741131,True,False,False,1
7.0,2.0,0.0013079942436888814,1,-0.001624460332095623,-1,-0.00436011515557766,-1,0.3333333333333333,0.6666666666666666,0.0,0.6666666666666666,False,True,-0.001558860414661467,0.00231446085188883,False,True,False,-1
7.0,3.0,-0.0023221923038363457,-1,-0.004594289232045412,-1,-0.004234617110341787,-1,0.0,1.0,0.0,1.0,True,False,-0.003717032882074515,0.000997171395433951,False,True,False,-1
7.0,4.0,0.0033382344990968704,1,-0.0011051661567762494,-1,-0.0005439813830889761,-1,0.3333333333333333,0.6666666666666666,0.0,0.6666666666666666,False,True,0.0005630289864105483,0.001975695036485139,False,True,False,-1
7.0,5.0,0.0022485191002488136,1,-0.0026095781940966845,-1,0.0003425690811127424,1,0.6666666666666666,0.3333333333333333,0.0,0.6666666666666666,False,True,-6.163337578376134e-06,0.0019985808390315996,True,False,False,1
7.0,6.0,-0.00039765736437402666,-1,-0.002613963559269905,-1,0.0003997794119641185,1,0.3333333333333333,0.6666666666666666,0.0,0.6666666666666666,False,True,-0.0008706138372266045,0.001274997396879822,False,True,False,-1
7.0,7.0,-0.0006561566842719913,-1,-0.0035689317155629396,-1,0.00019749037164729089,1,0.3333333333333333,0.6666666666666666,0.0,0.6666666666666666,False,True,-0.0013425326760625467,0.001612413891517129,False,True,False,-1
7.0,8.0,-0.0008446595165878534,-1,-0.0035689317155629396,-1,9.074931585928425e-05,1,0.3333333333333333,0.6666666666666666,0.0,0.6666666666666666,False,True,-0.0014409473054305029,0.0015524143901849683,False,True,False,-1
7.0,9.0,-0.0008446595165878534,-1,-0.0035689317155629396,-1,9.074931585928425e-05,1,0.3333333333333333,0.6666666666666666,0.0,0.6666666666666666,False,True,-0.0014409473054305029,0.0015524143901849683,False,True,False,-1
7.0,10.0,-0.0011702229967340827,-1,-0.0035689317155629396,-1,9.074931585928425e-05,1,0.3333333333333333,0.6666666666666666,0.0,0.6666666666666666,False,True,-0.001549468465479246,0.0015179342667170433,False,True,False,-1
8.0,-10.0,0.009436571970582008,1,0.0017735454021021724,1,0.0027118814177811146,1,1.0,0.0,0.0,1.0,True,False,0.0046406662634884315,0.0034127850096443333,True,False,False,1
8.0,-9.0,0.004681137856096029,1,0.0006453141686506569,1,0.0010303034214302897,1,1.0,0.0,0.0,1.0,True,False,0.002118918482058992,0.0018185672513835382,True,False,False,1
8.0,-8.0,0.0003087302320636809,1,-0.0032847807742655277,-1,0.00013901953934691846,1,0.6666666666666666,0.3333333333333333,0.0,0.6666666666666666,False,True,-0.0009456770009516428,0.0016554466218222483,True,False,False,1
8.0,-7.0,0.011263678781688213,1,0.002460929797962308,1,0.005172488279640675,1,1.0,0.0,0.0,1.0,True,False,0.006299032286430399,0.0036809349778778805,True,False,False,1
8.0,-6.0,0.008503220044076443,1,0.006557068321853876,1,0.00254380633123219,1,1.0,0.0,0.0,1.0,True,False,0.005868031565720837,0.0024812270739408737,True,False,False,1
8.0,-5.0,0.0043211523443460464,1,0.0083944546058774,1,0.0014822682132944465,1,1.0,0.0,0.0,1.0,True,False,0.004732625054505964,0.0028368483128120656,True,False,False,1
8.0,-4.0,-0.005042595788836479,-1,0.005494002718478441,1,-0.0001408036914654076,-1,0.3333333333333333,0.6666666666666666,0.0,0.6666666666666666,False,True,0.00010353441272551815,0.004305016674993448,False,True,False,-1
8.0,-3.0,-0.008756411261856556,-1,0.004295456223189831,1,-0.00029669562354683876,-1,0.3333333333333333,0.6666666666666666,0.0,0.6666666666666666,False,True,-0.001585883554071188,0.0054058188002657544,False,True,False,-1
8.0,-2.0,-0.004452273715287447,-1,0.005584608763456345,1,0.0026770459953695536,1,0.6666666666666666,0.3333333333333333,0.0,0.6666666666666666,False,True,0.0012697936811794837,0.0042166354502038315,True,False,False,1
8.0,-1.0,0.004467288963496685,1,0.0034739093389362097,1,0.014100311324000359,1,1.0,0.0,0.0,1.0,True,False,0.007347169875477751,0.004792382172951742,True,False,False,1
8.0,0.0,0.0019812530372291803,1,-0.0029571931809186935,-1,0.004192436579614878,1,0.6666666666666666,0.3333333333333333,0.0,0.6666666666666666,False,True,0.0010721654786417882,0.0029887713830335726,True,False,False,1
8.0,1.0,0.002744541969150305,1,3.946895958506502e-05,1,0.0003142481727991253,1,1.0,0.0,0.0,1.0,True,False,0.0010327530338448316,0.001215604629606002,True,False,False,1
8.0,2.0,0.001289849285967648,1,-0.001624460332095623,-1,-0.00436011515557766,-1,0.3333333333333333,0.6666666666666666,0.0,0.6666666666666666,False,True,-0.0015649087339018781,0.0023069726688624017,False,True,False,-1
8.0,3.0,-0.002340336563065648,-1,-0.004594289232045412,-1,-0.004234617110341787,-1,0.0,1.0,0.0,1.0,True,False,-0.0037230809684842825,0.0009887121511744782,False,True,False,-1
8.0,4.0,0.003320089541375637,1,-0.0011051661567762494,-1,-0.0005439813830889761,-1,0.3333333333333333,0.6666666666666666,0.0,0.6666666666666666,False,True,0.0005569806671701372,0.001967199375692848,False,True,False,-1
8.0,5.0,0.0022303748410195112,1,-0.0026095781940966845,-1,0.0003425690811127424,1,0.6666666666666666,0.3333333333333333,0.0,0.6666666666666666,False,True,-1.2211423988143602e-05,0.001991764418906404,True,False,False,1
8.0,6.0,-0.00041580176912248135,-1,-0.002613963559269905,-1,0.0003997794119641185,1,0.3333333333333333,0.6666666666666666,0.0,0.6666666666666666,False,True,-0.000876661972142756,0.0012727806224199405,False,True,False,-1
8.0,7.0,-0.0006743010599166155,-1,-0.0035689317155629396,-1,0.00019749037164729089,1,0.3333333333333333,0.6666666666666666,0.0,0.6666666666666666,False,True,-0.0013485808012774214,0.0016098599756839025,False,True,False,-1
8.0,8.0,-0.0007295040995813906,-1,-0.0035689317155629396,-1,9.074931585928425e-05,1,0.3333333333333333,0.6666666666666666,0.0,0.6666666666666666,False,True,-0.0014025621664283487,0.0015680288441115556,False,True,False,-1
8.0,9.0,-0.0007295040995813906,-1,-0.0035689317155629396,-1,9.074931585928425e-05,1,0.3333333333333333,0.6666666666666666,0.0,0.6666666666666666,False,True,-0.0014025621664283487,0.0015680288441115556,False,True,False,-1
8.0,10.0,-0.0010550677543506026,-1,-0.0035689317155629396,-1,9.074931585928425e-05,1,0.3333333333333333,0.6666666666666666,0.0,0.6666666666666666,False,True,-0.0015110833846847527,0.0015284587017143985,False,True,False,-1
9.0,-10.0,0.007584528066217899,1,0.0027248954866081476,1,0.003146423026919365,1,1.0,0.0,0.0,1.0,True,False,0.00448528219324847,0.00219824401172826,True,False,False,1
9.0,-9.0,0.0036226543597877026,1,0.0015966742066666484,1,0.0020403575617820024,1,1.0,0.0,0.0,1.0,True,False,0.0024198953760787845,0.0008695537589557019,True,False,False,1
9.0,-8.0,-0.0007497522747144103,-1,-0.0019186416175216436,-1,0.0011245479108765721,1,0.3333333333333333,0.6666666666666666,0.0,0.6666666666666666,False,True,-0.0005146153271198273,0.0012534532738349184,False,True,False,-1
9.0,-7.0,0.010192964226007462,1,0.004169272258877754,1,0.0059335073456168175,1,1.0,0.0,0.0,1.0,True,False,0.006765247943500678,0.0025285121508299294,True,False,False,1
9.0,-6.0,0.007432505954056978,1,0.006834321655333042,1,-0.0009871991351246834,-1,0.6666666666666666,0.3333333333333333,0.0,0.6666666666666666,False,True,0.004426542824755113,0.003835875182183097,True,False,False,1
9.0,-5.0,0.0032504377886652946,1,0.00836238358169794,1,0.00169934646692127,1,1.0,0.0,0.0,1.0,True,False,0.004437389279094835,0.002846712288318759,True,False,False,1
9.0,-4.0,-0.004210000857710838,-1,0.005494002718478441,1,-1.015430643747095e-05,-1,0.3333333333333333,0.6666666666666666,0.0,0.6666666666666666,False,True,0.0004246158514433773,0.003973553419741696,False,True,False,-1
9.0,-3.0,-0.007923816330730915,-1,0.004295456223189831,1,-0.00016604643315076828,-1,0.3333333333333333,0.6666666666666666,0.0,0.6666666666666666,False,True,-0.0012648021802306175,0.005048637016103519,False,True,False,-1
9.0,-2.0,-0.0036196785513311625,-1,0.005584608763456345,1,0.0028076949529349804,1,0.6666666666666666,0.3333333333333333,0.0,0.6666666666666666,False,True,0.0015908750550200541,0.003854885579042161,True,False,False,1
9.0,-1.0,0.007319190539419651,1,0.0034739093389362097,1,0.014230956323444843,1,1.0,0.0,0.0,1.0,True,False,0.008341352067266902,0.0044506273414347515,True,False,False,1
9.0,0.0,0.001999087631702423,1,-0.0029571931809186935,-1,0.004323085770010948,1,0.6666666666666666,0.3333333333333333,0.0,0.6666666666666666,False,True,0.0011216600735982258,0.0030362284433847445,True,False,False,1
9.0,1.0,0.0027623765636235476,1,3.946895958506502e-05,1,0.0004448973631951958,1,1.0,0.0,0.0,1.0,True,False,0.0010822476288012695,0.0011995048911484958,True,False,False,1
9.0,2.0,0.000719771662261337,1,-0.001624460332095623,-1,-0.004229464568197727,-1,0.3333333333333333,0.6666666666666666,0.0,0.6666666666666666,False,True,-0.0017113844126773377,0.002021451897863001,False,True,False,-1
9.0,3.0,-0.0029104147106409073,-1,-0.004594289232045412,-1,-0.0041039688512682915,-1,0.0,1.0,0.0,1.0,True,False,-0.0038695575979848704,0.0007071396975177491,False,True,False,-1
9.0,4.0,0.0027500116266310215,1,-0.0011051661567762494,-1,-0.00041333219269290566,-1,0.3333333333333333,0.6666666666666666,0.0,0.6666666666666666,False,True,0.0004105044257206221,0.0016782190988859841,False,True,False,-1
9.0,5.0,0.0017342751380056143,1,-0.0026095781940966845,-1,0.0004732182715088129,1,0.6666666666666666,0.3333333333333333,0.0,0.6666666666666666,False,True,-0.0001340282615274191,0.0018246144262313712,True,False,False,1
9.0,6.0,-0.0009119013557210565,-1,-0.002613963559269905,-1,0.000530428544152528,1,0.3333333333333333,0.6666666666666666,0.0,0.6666666666666666,False,True,-0.0009984787902794778,0.0012851516549023509,False,True,False,-1
9.0,7.0,-0.0011704006465151906,-1,-0.0035689317155629396,-1,0.00032813954749144614,1,0.3333333333333333,0.6666666666666666,0.0,0.6666666666666666,False,True,-0.001470397604862228,0.0016050523851459764,False,True,False,-1
9.0,8.0,-0.000990218366496265,-1,-0.0035689317155629396,-1,0.00022139849897939712,1,0.3333333333333333,0.6666666666666666,0.0,0.6666666666666666,False,True,-0.0014459171943599358,0.0015805899426280432,False,True,False,-1
9.0,9.0,-0.000990218366496265,-1,-0.0035689317155629396,-1,0.00022139849897939712,1,0.3333333333333333,0.6666666666666666,0.0,0.6666666666666666,False,True,-0.0014459171943599358,0.0015805899426280432,False,True,False,-1
9.0,10.0,-0.001315781963057816,-1,-0.0035689317155629396,-1,0.00022139849897939712,1,0.3333333333333333,0.6666666666666666,0.0,0.6666666666666666,False,True,-0.0015544383932137862,0.0015565706863827787,False,True,False,-1
10.0,-10.0,0.007584528066217899,1,0.0027248954866081476,1,0.003146423026919365,1,1.0,0.0,0.0,1.0,True,False,0.00448528219324847,0.00219824401172826,True,False,False,1
10.0,-9.0,0.0036226543597877026,1,0.0015966742066666484,1,0.0020403575617820024,1,1.0,0.0,0.0,1.0,True,False,0.0024198953760787845,0.0008695537589557019,True,False,False,1
10.0,-8.0,-0.0007497522747144103,-1,-0.0019186416175216436,-1,0.0011245479108765721,1,0.3333333333333333,0.6666666666666666,0.0,0.6666666666666666,False,True,-0.0005146153271198273,0.0012534532738349184,False,True,False,-1
10.0,-7.0,0.010192964226007462,1,0.004169272258877754,1,0.0059335073456168175,1,1.0,0.0,0.0,1.0,True,False,0.006765247943500678,0.0025285121508299294,True,False,False,1
10.0,-6.0,0.007432505954056978,1,0.006834321655333042,1,-0.0009871991351246834,-1,0.6666666666666666,0.3333333333333333,0.0,0.6666666666666666,False,True,0.004426542824755113,0.003835875182183097,True,False,False,1
10.0,-5.0,0.0032504377886652946,1,0.00836238358169794,1,-0.00013605733693111688,-1,0.6666666666666666,0.3333333333333333,0.0,0.6666666666666666,False,True,0.0038255880111440397,0.003493228959541605,True,False,False,1
10.0,-4.0,-0.004210000857710838,-1,0.005494002718478441,1,-1.015430643747095e-05,-1,0.3333333333333333,0.6666666666666666,0.0,0.6666666666666666,False,True,0.0004246158514433773,0.003973553419741696,False,True,False,-1
10.0,-3.0,-0.007923816330730915,-1,0.004295456223189831,1,-0.00016604643315076828,-1,0.3333333333333333,0.6666666666666666,0.0,0.6666666666666666,False,True,-0.0012648021802306175,0.005048637016103519,False,True,False,-1
10.0,-2.0,-0.0036196785513311625,-1,0.005584608763456345,1,0.0028076949529349804,1,0.6666666666666666,0.3333333333333333,0.0,0.6666666666666666,False,True,0.0015908750550200541,0.003854885579042161,True,False,False,1
10.0,-1.0,0.007319190539419651,1,0.0034739093389362097,1,0.014230956323444843,1,1.0,0.0,0.0,1.0,True,False,0.008341352067266902,0.0044506273414347515,True,False,False,1
10.0,0.0,0.001999087631702423,1,-0.0029571931809186935,-1,0.004323085770010948,1,0.6666666666666666,0.3333333333333333,0.0,0.6666666666666666,False,True,0.0011216600735982258,0.0030362284433847445,True,False,False,1
10.0,1.0,0.0027623765636235476,1,3.946895958506502e-05,1,0.0004448973631951958,1,1.0,0.0,0.0,1.0,True,False,0.0010822476288012695,0.0011995048911484958,True,False,False,1
10.0,2.0,0.000719771662261337,1,-0.001624460332095623,-1,-0.004229464568197727,-1,0.3333333333333333,0.6666666666666666,0.0,0.6666666666666666,False,True,-0.0017113844126773377,0.002021451897863001,False,True,False,-1
10.0,3.0,-0.0029104147106409073,-1,-0.004594289232045412,-1,-0.0041039688512682915,-1,0.0,1.0,0.0,1.0,True,False,-0.0038695575979848704,0.0007071396975177491,False,True,False,-1
10.0,4.0,0.0027500116266310215,1,-0.0011051661567762494,-1,-0.00041333219269290566,-1,0.3333333333333333,0.6666666666666666,0.0,0.6666666666666666,False,True,0.0004105044257206221,0.0016782190988859841,False,True,False,-1
10.0,5.0,0.0017342751380056143,1,-0.0026095781940966845,-1,0.0004732182715088129,1,0.6666666666666666,0.3333333333333333,0.0,0.6666666666666666,False,True,-0.0001340282615274191,0.0018246144262313712,True,False,False,1
10.0,6.0,-0.0009119013557210565,-1,-0.002613963559269905,-1,0.000530428544152528,1,0.3333333333333333,0.6666666666666666,0.0,0.6666666666666666,False,True,-0.0009984787902794778,0.0012851516549023509,False,True,False,-1
10.0,7.0,-0.0011704006465151906,-1,-0.0035689317155629396,-1,0.00032813954749144614,1,0.3333333333333333,0.6666666666666666,0.0,0.6666666666666666,False,True,-0.001470397604862228,0.0016050523851459764,False,True,False,-1
10.0,8.0,-0.000990218366496265,-1,-0.0035689317155629396,-1,0.00022139849897939712,1,0.3333333333333333,0.6666666666666666,0.0,0.6666666666666666,False,True,-0.0014459171943599358,0.0015805899426280432,False,True,False,-1
10.0,9.0,-0.000990218366496265,-1,-0.0035689317155629396,-1,0.00022139849897939712,1,0.3333333333333333,0.6666666666666666,0.0,0.6666666666666666,False,True,-0.0014459171943599358,0.0015805899426280432,False,True,False,-1
10.0,10.0,-0.001315781963057816,-1,-0.0035689317155629396,-1,0.00022139849897939712,1,0.3333333333333333,0.6666666666666666,0.0,0.6666666666666666,False,True,-0.0015544383932137862,0.0015565706863827787,False,True,False,-1
11.0,-10.0,0.009366156533360481,1,0.006776018533855677,1,0.004295571241527796,1,1.0,0.0,0.0,1.0,True,False,0.006812582102914651,0.002070219226937772,True,False,False,1
11.0,-9.0,0.005145338363945484,1,0.00564779806882143,1,0.0031895048450678587,1,1.0,0.0,0.0,1.0,True,False,0.004660880425944924,0.0010604483371847958,True,False,False,1
11.0,-8.0,0.0007729307981207967,1,0.002132477005943656,1,0.0019446259830147028,1,1.0,0.0,0.0,1.0,True,False,0.001616677929026385,0.0006015280084293237,True,False,False,1
11.0,-7.0,0.011715645901858807,1,0.009109871461987495,1,0.00890087615698576,1,1.0,0.0,0.0,1.0,True,False,0.009908797840277353,0.0012804802998897672,True,False,False,1
11.0,-6.0,0.008955887518823147,1,0.011774935759603977,1,0.011331739835441113,1,1.0,0.0,0.0,1.0,True,False,0.01068752103795608,0.001237745703617985,True,False,False,1
11.0,-5.0,0.004773819353431463,1,0.010693270713090897,1,0.011451846919953823,1,1.0,0.0,0.0,1.0,True,False,0.008972978995492062,0.0029853604740508305,True,False,False,1
11.0,-4.0,-0.006007443647831678,-1,0.005494002718478441,1,0.0029329373501241207,1,0.6666666666666666,0.3333333333333333,0.0,0.6666666666666666,False,True,0.0008064988069236279,0.004930322693143154,True,False,False,1
11.0,-3.0,-0.009721260517835617,-1,0.004295456223189831,1,-0.00016604643315076828,-1,0.3333333333333333,0.6666666666666666,0.0,0.6666666666666666,False,True,-0.0018639502425988514,0.005846893480538162,False,True,False,-1
11.0,-2.0,-0.00630598422139883,-1,0.005584608763456345,1,0.0028076949529349804,1,0.6666666666666666,0.3333333333333333,0.0,0.6666666666666666,False,True,0.0006954398316641649,0.005078895329752515,True,False,False,1
11.0,-1.0,0.00624478654935956,1,0.0034739093389362097,1,0.014230956323444843,1,1.0,0.0,0.0,1.0,True,False,0.007983217403913537,0.004560345113678753,True,False,False,1
11.0,0.0,0.0004889336996711791,1,-0.0029571931809186935,-1,0.004323085770010948,1,0.6666666666666666,0.3333333333333333,0.0,0.6666666666666666,False,True,0.0006182754295878112,0.002973568267604952,True,False,False,1
11.0,1.0,0.0012522219913080335,1,3.946895958506502e-05,1,0.0004448973631951958,1,1.0,0.0,0.0,1.0,True,False,0.0005788627713627648,0.0005040849974144178,True,False,False,1
11.0,2.0,-0.0007903827936388552,-1,-0.001624460332095623,-1,-0.004229464568197727,-1,0.0,1.0,0.0,1.0,True,False,-0.002214769231310735,0.001464734176200621,False,True,False,-1
11.0,3.0,-0.0033621143084019423,-1,-0.004594289232045412,-1,-0.0041039688512682915,-1,0.0,1.0,0.0,1.0,True,False,-0.004020124130571882,0.000506515030053694,False,True,False,-1
11.0,4.0,0.0022983113303780556,1,-0.0011051661567762494,-1,-0.00041333219269290566,-1,0.3333333333333333,0.6666666666666666,0.0,0.6666666666666666,False,True,0.00025993766030296683,0.0014687600150254541,False,True,False,-1
11.0,5.0,0.0012825751909986138,1,-0.0026095781940966845,-1,0.0004732182715088129,1,0.6666666666666666,0.3333333333333333,0.0,0.6666666666666666,False,True,-0.00028459491052975255,0.0016768870181441881,True,False,False,1
11.0,6.0,-0.001363601302728057,-1,-0.002613963559269905,-1,0.000530428544152528,1,0.3333333333333333,0.6666666666666666,0.0,0.6666666666666666,False,True,-0.0011490454392818112,0.0012926268058803647,False,True,False,-1
11.0,7.0,-0.0016221003606915474,-1,-0.0035689317155629396,-1,0.00032813954749144614,1,0.3333333333333333,0.6666666666666666,0.0,0.6666666666666666,False,True,-0.001620964176254347,0.0015909728838077626,False,True,False,-1
11.0,8.0,-0.0011108022881671786,-1,-0.0035689317155629396,-1,0.00022139849897939712,1,0.3333333333333333,0.6666666666666666,0.0,0.6666666666666666,False,True,-0.0014861118349169071,0.0015699880521263536,False,True,False,-1
11.0,9.0,-0.0011108022881671786,-1,-0.0035689317155629396,-1,0.00022139849897939712,1,0.3333333333333333,0.6666666666666666,0.0,0.6666666666666666,False,True,-0.0014861118349169071,0.0015699880521263536,False,True,False,-1
11.0,10.0,-0.001436365651898086,-1,-0.0035689317155629396,-1,0.00022139849897939712,1,0.3333333333333333,0.6666666666666666,0.0,0.6666666666666666,False,True,-0.0015946329561605428,0.0015514374385317677,False,True,False,-1
12.0,-10.0,0.008515209890902042,1,0.006776018533855677,1,0.0035802375059574842,1,1.0,0.0,0.0,1.0,True,False,0.006290488643571734,0.0020437371921410213,True,False,False,1
12.0,-9.0,0.004294392187148333,1,0.00564779806882143,1,0.002474170411005616,1,1.0,0.0,0.0,1.0,True,False,0.004138786888991793,0.0013002917324519043,True,False,False,1
12.0,-8.0,-7.801550236763433e-05,-1,0.002132477005943656,1,-0.0016887447563931346,-1,0.3333333333333333,0.6666666666666666,0.0,0.6666666666666666,False,True,0.00012190558239429568,0.0015663993252761487,False,True,False,-1
12.0,-7.0,0.010864702053368092,1,0.009109871461987495,1,0.005667358171194792,1,1.0,0.0,0.0,1.0,True,False,0.00854731056218346,0.0021587730978316214,True,False,False,1
12.0,-6.0,0.008104940876364708,1,0.011774935759603977,1,0.008898013271391392,1,1.0,0.0,0.0,1.0,True,False,0.009592629969120026,0.0015767233700141523,True,False,False,1
12.0,-5.0,0.003922873176634312,1,0.010693270713090897,1,0.011232604272663593,1,1.0,0.0,0.0,1.0,True,False,0.008616249387462934,0.003326014167578501,True,False,False,1
12.0,-4.0,-0.005660747643560171,-1,0.005494002718478441,1,0.002713690046221018,1,0.6666666666666666,0.3333333333333333,0.0,0.6666666666666666,False,True,0.0008489817070464293,0.004740953968875222,True,False,False,1
12.0,-3.0,-0.009099151007831097,-1,0.004295456223189831,1,-0.0003852935624308884,-1,0.3333333333333333,0.6666666666666666,0.0,0.6666666666666666,False,True,-0.0017296627823573847,0.0055503376574729734,False,True,False,-1
12.0,-2.0,-0.005683876108378172,-1,0.005584608763456345,1,0.002588449278846383,1,0.6666666666666666,0.3333333333333333,0.0,0.6666666666666666,False,True,0.0008297273113081852,0.004765467101695762,True,False,False,1
12.0,-1.0,0.006615310907363892,1,0.0034739093389362097,1,0.014011711813509464,1,1.0,0.0,0.0,1.0,True,False,0.008033644019936522,0.00441739530054726,True,False,False,1
12.0,0.0,0.000859457824844867,1,-0.0029571931809186935,-1,0.004103839863091707,1,0.6666666666666666,0.3333333333333333,0.0,0.6666666666666666,False,True,0.0006687015023392936,0.0028858087131205337,True,False,False,1
12.0,1.0,0.0011719157919287682,1,3.946895958506502e-05,1,0.00022565096151083708,1,1.0,0.0,0.0,1.0,True,False,0.00047901190434155677,0.00049581769669599,True,False,False,1
12.0,2.0,-0.0008706892258487642,-1,-0.001624460332095623,-1,-0.00444871187210083,-1,0.0,1.0,0.0,1.0,True,False,-0.002314620476681739,0.0015400870718143408,False,True,False,-1
12.0,3.0,-0.003442420857027173,-1,-0.004594289232045412,-1,-0.004323214292526245,-1,0.0,1.0,0.0,1.0,True,False,-0.004119974793866277,0.0004917180145187931,False,True,False,-1
12.0,4.0,0.002218004781752825,1,-0.0011051661567762494,-1,-0.0006325786234810948,-1,0.3333333333333333,0.6666666666666666,0.0,0.6666666666666666,False,True,0.00016008666716516018,0.0014679021241026336,False,True,False,-1
12.0,5.0,0.0012022688752040267,1,-0.0026095781940966845,-1,0.00025397175340913236,1,0.6666666666666666,0.3333333333333333,0.0,0.6666666666666666,False,True,-0.00038444585516117513,0.0016203348012336994,True,False,False,1
12.0,6.0,-0.0014439078513532877,-1,-0.002613963559269905,-1,0.00031118205515667796,1,0.3333333333333333,0.6666666666666666,0.0,0.6666666666666666,False,True,-0.0012488964518221717,0.0012021207096516505,False,True,False,-1
12.0,7.0,-0.0017024072585627437,-1,-0.0035689317155629396,-1,0.00010889308759942651,1,0.3333333333333333,0.6666666666666666,0.0,0.6666666666666666,False,True,-0.0017208152955087523,0.0015015221082970503,False,True,False,-1
12.0,8.0,-0.0011911086039617658,-1,-0.0035689317155629396,-1,2.1519883830478648e-06,1,0.3333333333333333,0.6666666666666666,0.0,0.6666666666666666,False,True,-0.0015859627770472191,0.001484383613636627,False,True,False,-1
12.0,9.0,-0.0011911086039617658,-1,-0.0035689317155629396,-1,2.1519883830478648e-06,1,0.3333333333333333,0.6666666666666666,0.0,0.6666666666666666,False,True,-0.0015859627770472191,0.001484383613636627,False,True,False,-1
12.0,10.0,-0.0015166722005233169,-1,-0.0035689317155629396,-1,2.1519883830478648e-06,1,0.3333333333333333,0.6666666666666666,0.0,0.6666666666666666,False,True,-0.0016944839759010695,0.001463300487652118,False,True,False,-1
13.0,-10.0,0.008515209890902042,1,0.006776018533855677,1,0.0035802375059574842,1,1.0,0.0,0.0,1.0,True,False,0.006290488643571734,0.0020437371921410213,True,False,False,1
13.0,-9.0,0.004294392187148333,1,0.00564779806882143,1,0.002474170411005616,1,1.0,0.0,0.0,1.0,True,False,0.004138786888991793,0.0013002917324519043,True,False,False,1
13.0,-8.0,-7.801550236763433e-05,-1,0.002132477005943656,1,-0.001535561284981668,-1,0.3333333333333333,0.6666666666666666,0.0,0.6666666666666666,False,True,0.00017296673953145122,0.0015079501075378479,False,True,False,-1
13.0,-7.0,0.010864702053368092,1,0.009109871461987495,1,0.006369269918650389,1,1.0,0.0,0.0,1.0,True,False,0.00878128114466866,0.0018499020184755573,True,False,False,1
13.0,-6.0,0.008104940876364708,1,0.011774935759603977,1,0.00628138892352581,1,1.0,0.0,0.0,1.0,True,False,0.008720421853164831,0.002284568060509212,True,False,False,1
13.0,-5.0,0.003922873176634312,1,0.010693270713090897,1,0.005467663519084454,1,1.0,0.0,0.0,1.0,True,False,0.006694602469603221,0.002896964513836212,True,False,False,1
13.0,-4.0,-0.005660747643560171,-1,0.005494002718478441,1,-0.0011407622369006276,-1,0.3333333333333333,0.6666666666666666,0.0,0.6666666666666666,False,True,-0.00043583572066078585,0.004581106486052154,False,True,False,-1
13.0,-3.0,-0.009099151007831097,-1,0.004295456223189831,1,-0.000514404266141355,-1,0.3333333333333333,0.6666666666666666,0.0,0.6666666666666666,False,True,-0.001772699683594207,0.00554023803559117,False,True,False,-1
13.0,-2.0,-0.005683876108378172,-1,0.005584608763456345,1,0.0024593384005129337,1,0.6666666666666666,0.3333333333333333,0.0,0.6666666666666666,False,True,0.0007866903518637022,0.004749947469722053,True,False,False,1
13.0,-1.0,0.006615310907363892,1,0.0034739093389362097,1,0.013882601633667946,1,1.0,0.0,0.0,1.0,True,False,0.007990607293322682,0.004359189445567868,True,False,False,1
13.0,0.0,0.000859457824844867,1,-0.0029571931809186935,-1,0.004103839863091707,1,0.6666666666666666,0.3333333333333333,0.0,0.6666666666666666,False,True,0.0006687015023392936,0.0028858087131205337,True,False,False,1
13.0,1.0,0.0011719157919287682,1,3.946895958506502e-05,1,0.00022565096151083708,1,1.0,0.0,0.0,1.0,True,False,0.00047901190434155677,0.00049581769669599,True,False,False,1
13.0,2.0,-0.0008706892258487642,-1,-0.001624460332095623,-1,-0.00444871187210083,-1,0.0,1.0,0.0,1.0,True,False,-0.002314620476681739,0.0015400870718143408,False,True,False,-1
13.0,3.0,-0.003442420857027173,-1,-0.004594289232045412,-1,-0.004323214292526245,-1,0.0,1.0,0.0,1.0,True,False,-0.004119974793866277,0.0004917180145187931,False,True,False,-1
13.0,4.0,0.002218004781752825,1,-0.0011051661567762494,-1,-0.0006325786234810948,-1,0.3333333333333333,0.6666666666666666,0.0,0.6666666666666666,False,True,0.00016008666716516018,0.0014679021241026336,False,True,False,-1
13.0,5.0,0.0012022688752040267,1,-0.0026095781940966845,-1,0.00025397175340913236,1,0.6666666666666666,0.3333333333333333,0.0,0.6666666666666666,False,True,-0.00038444585516117513,0.0016203348012336994,True,False,False,1
13.0,6.0,-0.0014439078513532877,-1,-0.002613963559269905,-1,0.00031118205515667796,1,0.3333333333333333,0.6666666666666666,0.0,0.6666666666666666,False,True,-0.0012488964518221717,0.0012021207096516505,False,True,False,-1
13.0,7.0,-0.0017024072585627437,-1,-0.0035689317155629396,-1,0.00010889308759942651,1,0.3333333333333333,0.6666666666666666,0.0,0.6666666666666666,False,True,-0.0017208152955087523,0.0015015221082970503,False,True,False,-1
13.0,8.0,-0.0011911086039617658,-1,-0.0035689317155629396,-1,2.1519883830478648e-06,1,0.3333333333333333,0.6666666666666666,0.0,0.6666666666666666,False,True,-0.0015859627770472191,0.001484383613636627,False,True,False,-1
13.0,9.0,-0.0011911086039617658,-1,-0.0035689317155629396,-1,2.1519883830478648e-06,1,0.3333333333333333,0.6666666666666666,0.0,0.6666666666666666,False,True,-0.0015859627770472191,0.001484383613636627,False,True,False,-1
13.0,10.0,-0.0015166722005233169,-1,-0.0035689317155629396,-1,2.1519883830478648e-06,1,0.3333333333333333,0.6666666666666666,0.0,0.6666666666666666,False,True,-0.0016944839759010695,0.001463300487652118,False,True,False,-1
14.0,-10.0,0.008752661757171154,1,0.006776018533855677,1,0.0035802375059574842,1,1.0,0.0,0.0,1.0,True,False,0.006369639265661438,0.002131095374191308,True,False,False,1
14.0,-9.0,0.0045318445190787315,1,0.00564779806882143,1,0.002474170411005616,1,1.0,0.0,0.0,1.0,True,False,0.004217937666301926,0.0013145040285924196,True,False,False,1
14.0,-8.0,0.000159438161063008,1,0.002132477005943656,1,-0.001535561284981668,-1,0.6666666666666666,0.3333333333333333,0.0,0.6666666666666666,False,True,0.00025211796067499864,0.0014989036848901004,True,False,False,1
14.0,-7.0,0.011102153919637203,1,0.009109871461987495,1,0.006369269918650389,1,1.0,0.0,0.0,1.0,True,False,0.008860431766758362,0.0019402255646988132,True,False,False,1
14.0,-6.0,0.008342397399246693,1,0.011774935759603977,1,0.00802022684365511,1,1.0,0.0,0.0,1.0,True,False,0.009379186667501926,0.0016991485614768745,True,False,False,1
14.0,-5.0,0.004160326439887285,1,0.010693270713090897,1,0.006351329851895571,1,1.0,0.0,0.0,1.0,True,False,0.007068309001624584,0.002714821608019647,True,False,False,1
14.0,-4.0,-0.005423294845968485,-1,0.005494002718478441,1,0.001084385672584176,1,0.6666666666666666,0.3333333333333333,0.0,0.6666666666666666,False,True,0.0003850311816980441,0.004484318532814223,True,False,False,1
14.0,-3.0,-0.008861696347594261,-1,0.004295456223189831,1,0.00011120179988211021,1,0.6666666666666666,0.3333333333333333,0.0,0.6666666666666666,False,True,-0.0014850127748407733,0.005488690898513714,True,False,False,1
14.0,-2.0,-0.005471875425428152,-1,0.005584608763456345,1,0.003084943862631917,1,0.6666666666666666,0.3333333333333333,0.0,0.6666666666666666,False,True,0.0010658924002200365,0.004734193860321866,True,False,False,1
14.0,-1.0,0.006827312987297773,1,0.0034739093389362097,1,0.013882601633667946,1,1.0,0.0,0.0,1.0,True,False,0.008061274653300643,0.004337988386835185,True,False,False,1
14.0,0.0,0.0010714587988331914,1,-0.0029571931809186935,-1,0.004103839863091707,1,0.6666666666666666,0.3333333333333333,0.0,0.6666666666666666,False,True,0.000739368493668735,0.0028922032997053602,True,False,False,1
14.0,1.0,0.0013839163584634662,1,3.946895958506502e-05,1,0.00022565096151083708,1,1.0,0.0,0.0,1.0,True,False,0.0005496787598531228,0.0005947717840548236,True,False,False,1
14.0,2.0,-0.0006586884846910834,-1,-0.001624460332095623,-1,-0.00444871187210083,-1,0.0,1.0,0.0,1.0,True,False,-0.002243953562962512,0.0016080833760713687,False,True,False,-1
14.0,3.0,-0.0032304199412465096,-1,-0.004594289232045412,-1,-0.004323214292526245,-1,0.0,1.0,0.0,1.0,True,False,-0.004049307821939389,0.0005895215159025647,False,True,False,-1
14.0,4.0,0.0024300061631947756,1,-0.0011051661567762494,-1,-0.0006325786234810948,-1,0.3333333333333333,0.6666666666666666,0.0,0.6666666666666666,False,True,0.0002307537943124771,0.001567028606563454,False,True,False,-1
14.0,5.0,0.0014142695581540465,1,-0.0026095781940966845,-1,0.00025397175340913236,1,0.6666666666666666,0.3333333333333333,0.0,0.6666666666666666,False,True,-0.00031377896084450185,0.0016910732959622514,True,False,False,1
14.0,6.0,-0.0012319067027419806,-1,-0.002613963559269905,-1,0.00031118205515667796,1,0.3333333333333333,0.6666666666666666,0.0,0.6666666666666666,False,True,-0.0011782294022850692,0.0011947887277221928,False,True,False,-1
14.0,7.0,-0.0014904061099514365,-1,-0.0035689317155629396,-1,0.00010889308759942651,1,0.3333333333333333,0.6666666666666666,0.0,0.6666666666666666,False,True,-0.0016501482459716499,0.001505708467400933,False,True,False,-1
14.0,8.0,-0.0009791075717657804,-1,-0.0035689317155629396,-1,2.1519883830478648e-06,1,0.3333333333333333,0.6666666666666666,0.0,0.6666666666666666,False,True,-0.001515295766315224,0.0015063826517251612,False,True,False,-1
14.0,9.0,-0.0009791075717657804,-1,-0.0035689317155629396,-1,2.1519883830478648e-06,1,0.3333333333333333,0.6666666666666666,0.0,0.6666666666666666,False,True,-0.001515295766315224,0.0015063826517251612,False,True,False,-1
14.0,10.0,-0.0013046711683273315,-1,-0.0035689317155629396,-1,2.1519883830478648e-06,1,0.3333333333333333,0.6666666666666666,0.0,0.6666666666666666,False,True,-0.0016238169651690744,0.0014752514440773503,False,True,False,-1
15.0,-10.0,0.008752661757171154,1,0.005769351962953806,1,0.0040506417863070965,1,1.0,0.0,0.0,1.0,True,False,0.006190885168810685,0.0019425954518514817,True,False,False,1
15.0,-9.0,0.0045318445190787315,1,0.004641120787709951,1,0.0029445753898471594,1,1.0,0.0,0.0,1.0,True,False,0.0040391802322119474,0.0007752871065688385,True,False,False,1
15.0,-8.0,0.000159438161063008,1,0.0011257940204814076,1,-0.001409771852195263,-1,0.6666666666666666,0.3333333333333333,0.0,0.6666666666666666,False,True,-4.151322355028242e-05,0.0010448475703515004,True,False,False,1
15.0,-7.0,0.011102153919637203,1,0.00954322051256895,1,0.007316996343433857,1,1.0,0.0,0.0,1.0,True,False,0.00932079025854667,0.0015532677130490008,True,False,False,1
15.0,-6.0,0.008342397399246693,1,0.012208287604153156,1,0.009442688897252083,1,1.0,0.0,0.0,1.0,True,False,0.00999779130021731,0.0016263211608681441,True,False,False,1
15.0,-5.0,0.004160326439887285,1,0.01112662348896265,1,0.006533702835440636,1,1.0,0.0,0.0,1.0,True,False,0.00727355092143019,0.002891695585263179,True,False,False,1
15.0,-4.0,-0.005423294845968485,-1,0.005927354097366333,1,0.0050370837561786175,1,0.6666666666666666,0.3333333333333333,0.0,0.6666666666666666,False,True,0.0018470476691921551,0.005153740100542769,True,False,False,1
15.0,-3.0,-0.008861696347594261,-1,0.005247142165899277,1,0.0036959010176360607,1,0.6666666666666666,0.3333333333333333,0.0,0.6666666666666666,False,True,2.711561198035876e-05,0.006317162908274771,True,False,False,1
15.0,-2.0,-0.005471875425428152,-1,0.006536293309181929,1,0.005462619010359049,1,0.6666666666666666,0.3333333333333333,0.0,0.6666666666666666,False,True,0.002175678964704275,0.005425373120042131,True,False,False,1
15.0,-1.0,0.006827312987297773,1,0.004425594117492437,1,0.01626027561724186,1,1.0,0.0,0.0,1.0,True,False,0.009171060907344023,0.0051078232339989114,True,False,False,1
15.0,0.0,0.0010714587988331914,1,-0.002005510963499546,-1,0.004156091250479221,1,0.6666666666666666,0.3333333333333333,0.0,0.6666666666666666,False,True,0.0010740130286042888,0.0025154642187734523,True,False,False,1
15.0,1.0,0.0013839163584634662,1,0.0009911330416798592,1,0.00027790290187112987,1,1.0,0.0,0.0,1.0,True,False,0.0008843174340048184,0.00045780171986940164,True,False,False,1
15.0,2.0,-0.0006586884846910834,-1,-0.0007117738132365048,-1,-0.004396459553390741,-1,0.0,1.0,0.0,1.0,True,False,-0.0019223072837727766,0.0017496240744739973,False,True,False,-1
15.0,3.0,-0.0032304199412465096,-1,-0.0036815954372286797,-1,-0.004270962439477444,-1,0.0,1.0,0.0,1.0,True,False,-0.0037276592726508775,0.00042604661744658954,False,True,False,-1
15.0,4.0,0.0024300061631947756,1,-0.00019248027820140123,-1,-0.0005803265376016498,-1,0.3333333333333333,0.6666666666666666,0.0,0.6666666666666666,False,True,0.0005523997824639082,0.0013370765300843581,False,True,False,-1
15.0,5.0,0.0014142695581540465,1,-0.0016968903364613652,-1,0.0003062238683924079,1,0.6666666666666666,0.3333333333333333,0.0,0.6666666666666666,False,True,7.867696695029736e-06,0.0012875276764295934,True,False,False,1
15.0,6.0,-0.0012319067027419806,-1,-0.0017012784956023097,-1,0.00036343419924378395,1,0.3333333333333333,0.6666666666666666,0.0,0.6666666666666666,False,True,-0.0008565836663668355,0.0008837081585719909,False,True,False,-1
15.0,7.0,-0.0014904061099514365,-1,-0.0026562472339719534,-1,0.00016114527534227818,1,0.3333333333333333,0.6666666666666666,0.0,0.6666666666666666,False,True,-0.0013285026895270373,0.0011558790813471292,False,True,False,-1
15.0,8.0,-0.0009791075717657804,-1,-0.0026562472339719534,-1,5.44041431567166e-05,1,0.3333333333333333,0.6666666666666666,0.0,0.6666666666666666,False,True,-0.001193650220860339,0.0011169688546218204,False,True,False,-1
15.0,9.0,-0.0009791075717657804,-1,-0.0026562472339719534,-1,5.44041431567166e-05,1,0.3333333333333333,0.6666666666666666,0.0,0.6666666666666666,False,True,-0.001193650220860339,0.0011169688546218204,False,True,False,-1
15.0,10.0,-0.0013046711683273315,-1,-0.0026562472339719534,-1,5.44041431567166e-05,1,0.3333333333333333,0.6666666666666666,0.0,0.6666666666666666,False,True,-0.0013021714197141894,0.0011066202024301247,False,True,False,-1
16.0,-10.0,0.007628093007951975,1,0.005769351962953806,1,0.003751870710402727,1,1.0,0.0,0.0,1.0,True,False,0.00571643856043617,0.0015829033864240287,True,False,False,1
16.0,-9.0,0.0034072748385369778,1,0.004641120787709951,1,0.0026458045467734337,1,1.0,0.0,0.0,1.0,True,False,0.0035647333910067878,0.0008221583878814247,True,False,False,1
16.0,-8.0,-0.0009651312720961869,-1,0.0011257940204814076,1,-0.002258049324154854,-1,0.3333333333333333,0.6666666666666666,0.0,0.6666666666666666,False,True,-0.0006991288585898777,0.0013941943691018997,False,True,False,-1
16.0,-7.0,0.009977584704756737,1,0.00954322051256895,1,0.006468719802796841,1,1.0,0.0,0.0,1.0,True,False,0.00866317500670751,0.001561813752093315,True,False,False,1
16.0,-6.0,0.008006652817130089,1,0.012208287604153156,1,0.009442688897252083,1,1.0,0.0,0.0,1.0,True,False,0.009885876439511776,0.0017437020233000886,True,False,False,1
16.0,-5.0,0.004742192104458809,1,0.01112662348896265,1,0.006533702835440636,1,1.0,0.0,0.0,1.0,True,False,0.007467506142954032,0.0026887707834252227,True,False,False,1
16.0,-4.0,-7.947285484988242e-05,-1,0.005927354097366333,1,0.005742098670452833,1,0.6666666666666666,0.3333333333333333,0.0,0.6666666666666666,False,True,0.003863326637656428,0.002789005888828639,True,False,False,1
16.0,-3.0,-0.003517876146361232,-1,0.005247142165899277,1,0.004400916863232851,1,0.6666666666666666,0.3333333333333333,0.0,0.6666666666666666,False,True,0.002043394294256965,0.00394755797939169,True,False,False,1
16.0,-2.0,-0.0001280536816921085,-1,0.006536293309181929,1,0.006167634855955839,1,0.6666666666666666,0.3333333333333333,0.0,0.6666666666666666,False,True,0.004191958161148553,0.0030584150585443695,True,False,False,1
16.0,-1.0,0.01067159790545702,1,0.004425594117492437,1,0.016965292394161224,1,1.0,0.0,0.0,1.0,True,False,0.01068749480570356,0.00511932272545569,True,False,False,1
16.0,0.0,0.0015961306635290384,1,-0.002005510963499546,-1,0.004156091250479221,1,0.6666666666666666,0.3333333333333333,0.0,0.6666666666666666,False,True,0.0012489036501695712,0.002527417708509605,True,False,False,1
16.0,1.0,0.0019085895037278533,1,0.0009911330416798592,1,0.00027790290187112987,1,1.0,0.0,0.0,1.0,True,False,0.0010592084824262808,0.000667463056452501,True,False,False,1
16.0,2.0,-0.0009395543020218611,-1,-0.0007117738132365048,-1,-0.004396459553390741,-1,0.0,1.0,0.0,1.0,True,False,-0.002015929222883036,0.001685855762635734,False,True,False,-1
16.0,3.0,-0.003974624443799257,-1,-0.0036815954372286797,-1,-0.004270962439477444,-1,0.0,1.0,0.0,1.0,True,False,-0.00397572744016846,0.0002406093352105116,False,True,False,-1
16.0,4.0,0.0020973552018404007,1,-0.00019248027820140123,-1,-0.0005803265376016498,-1,0.3333333333333333,0.6666666666666666,0.0,0.6666666666666666,False,True,0.00044151612867911655,0.001181512718901326,False,True,False,-1
16.0,5.0,0.001048504258506,1,-0.0016968903364613652,-1,0.0003062238683924079,1,0.6666666666666666,0.3333333333333333,0.0,0.6666666666666666,False,True,-0.0001140540698543191,0.001159532385504805,True,False,False,1
16.0,6.0,-0.0015976723516359925,-1,-0.0017012784956023097,-1,0.00036343419924378395,1,0.3333333333333333,0.6666666666666666,0.0,0.6666666666666666,False,True,-0.000978505549331506,0.0009498369245548161,False,True,False,-1
16.0,7.0,-0.0018561719916760921,-1,-0.0026562472339719534,-1,0.00016114527534227818,1,0.3333333333333333,0.6666666666666666,0.0,0.6666666666666666,False,True,-0.0014504246501019225,0.0011854389670162596,False,True,False,-1
16.0,8.0,-0.0013448733370751143,-1,-0.0026562472339719534,-1,5.44041431567166e-05,1,0.3333333333333333,0.6666666666666666,0.0,0.6666666666666666,False,True,-0.001315572142630117,0.001106812733958585,False,True,False,-1
16.0,9.0,-0.0013448733370751143,-1,-0.0026562472339719534,-1,5.44041431567166e-05,1,0.3333333333333333,0.6666666666666666,0.0,0.6666666666666666,False,True,-0.001315572142630117,0.001106812733958585,False,True,False,-1
16.0,10.0,-0.0016704367008060217,-1,-0.0026562472339719534,-1,5.44041431567166e-05,1,0.3333333333333333,0.6666666666666666,0.0,0.6666666666666666,False,True,-0.001424093263873753,0.0011202444789039253,False,True,False,-1
17.0,-10.0,0.008463236503303051,1,0.005769351962953806,1,0.003751870710402727,1,1.0,0.0,0.0,1.0,True,False,0.005994819725553195,0.001930003228426748,True,False,False,1
17.0,-9.0,0.0042424192652106285,1,0.004641120787709951,1,0.0026458045467734337,1,1.0,0.0,0.0,1.0,True,False,0.003843114866564671,0.0008621309751307188,True,False,False,1
17.0,-8.0,-0.00012998720922041684,-1,0.0011257940204814076,1,-0.002258049324154854,-1,0.3333333333333333,0.6666666666666666,0.0,0.6666666666666666,False,True,-0.0004207475042979543,0.0013966639078305998,False,True,False,-1
17.0,-7.0,0.01081273052841425,1,0.00954322051256895,1,0.006468719802796841,1,1.0,0.0,0.0,1.0,True,False,0.00894155694792668,0.0018237519165780753,True,False,False,1
17.0,-6.0,0.008841796778142452,1,0.012208287604153156,1,0.009442688897252083,1,1.0,0.0,0.0,1.0,True,False,0.01016425775984923,0.0014660175847071466,True,False,False,1
17.0,-5.0,0.004775552544742823,1,0.01112662348896265,1,0.006533702835440636,1,1.0,0.0,0.0,1.0,True,False,0.007478626289715369,0.0026775219619961047,True,False,False,1
17.0,-4.0,-4.611214535543695e-05,-1,0.005927354097366333,1,0.005742098670452833,1,0.6666666666666666,0.3333333333333333,0.0,0.6666666666666666,False,True,0.0038744468741545766,0.0027732853155774425,True,False,False,1
17.0,-3.0,-0.00299196969717741,-1,0.005247142165899277,1,0.004400916863232851,1,0.6666666666666666,0.3333333333333333,0.0,0.6666666666666666,False,True,0.0022186964439849057,0.003700658098384642,True,False,False,1
17.0,-2.0,0.00035217872937209904,1,0.006536293309181929,1,0.006167634855955839,1,1.0,0.0,0.0,1.0,True,False,0.004352035631503289,0.0028323275107148952,True,False,False,1
17.0,-1.0,0.010333928279578686,1,0.004425594117492437,1,0.016965292394161224,1,1.0,0.0,0.0,1.0,True,False,0.010574938263744116,0.005122146202314228,True,False,False,1
17.0,0.0,0.0014301259070634842,1,-0.002005510963499546,-1,0.004156091250479221,1,0.6666666666666666,0.3333333333333333,0.0,0.6666666666666666,False,True,0.00119356873134772,0.002521018965136118,True,False,False,1
17.0,1.0,0.0017425828846171498,1,0.0009911330416798592,1,0.00027790290187112987,1,1.0,0.0,0.0,1.0,True,False,0.0010038729427227129,0.0005980209537985307,True,False,False,1
17.0,2.0,-0.0011055604554712772,-1,-0.0007117738132365048,-1,-0.004396459553390741,-1,0.0,1.0,0.0,1.0,True,False,-0.0020712646073661745,0.001652001943635716,False,True,False,-1
17.0,3.0,-0.00414063036441803,-1,-0.0036815954372286797,-1,-0.004270962439477444,-1,0.0,1.0,0.0,1.0,True,False,-0.004031062747041385,0.0002527741586451166,False,True,False,-1
17.0,4.0,0.0019313497468829155,1,-0.00019248027820140123,-1,-0.0005803265376016498,-1,0.3333333333333333,0.6666666666666666,0.0,0.6666666666666666,False,True,0.0003861809770266215,0.0011040127039538088,False,True,False,-1
17.0,5.0,0.0008824978722259402,1,-0.0016968903364613652,-1,0.0003062238683924079,1,0.6666666666666666,0.3333333333333333,0.0,0.6666666666666666,False,True,-0.00016938953194767237,0.0011054311263683707,True,False,False,1
17.0,6.0,-0.0017636786215007305,-1,-0.0017012784956023097,-1,0.00036343419924378395,1,0.3333333333333333,0.6666666666666666,0.0,0.6666666666666666,False,True,-0.0010338409726197522,0.000988351109460513,False,True,False,-1
17.0,7.0,-0.002022177679464221,-1,-0.0026562472339719534,-1,0.00016114527534227818,1,0.3333333333333333,0.6666666666666666,0.0,0.6666666666666666,False,True,-0.001505759879364632,0.0012067699714747519,False,True,False,-1
17.0,8.0,-0.0015108793741092086,-1,-0.0026562472339719534,-1,5.44041431567166e-05,1,0.3333333333333333,0.6666666666666666,0.0,0.6666666666666666,False,True,-0.0013709074883081485,0.0011110360986314883,False,True,False,-1
17.0,9.0,-0.0015108793741092086,-1,-0.0026562472339719534,-1,5.44041431567166e-05,1,0.3333333333333333,0.6666666666666666,0.0,0.6666666666666666,False,True,-0.0013709074883081485,0.0011110360986314883,False,True,False,-1
17.0,10.0,-0.0018364430870860815,-1,-0.0026562472339719534,-1,5.44041431567166e-05,1,0.3333333333333333,0.6666666666666666,0.0,0.6666666666666666,False,True,-0.0014794287259671062,0.0011350483580348113,False,True,False,-1
18.0,-10.0,0.008463236503303051,1,0.0060062347911298275,1,0.004872864577919245,1,1.0,0.0,0.0,1.0,True,False,0.006447445290784041,0.0014985977155104913,True,False,False,1
18.0,-9.0,0.0042424192652106285,1,0.004878000356256962,1,0.0037667974829673767,1,1.0,0.0,0.0,1.0,True,False,0.004295739034811656,0.0004552107239323252,True,False,False,1
18.0,-8.0,-0.00012998720922041684,-1,0.0013626692816615105,1,-0.0011370560387149453,-1,0.3333333333333333,0.6666666666666666,0.0,0.6666666666666666,False,True,3.187534457538277e-05,0.001026906774111382,False,True,False,-1
18.0,-7.0,0.01081273052841425,1,0.009780099615454674,1,0.008484560064971447,1,1.0,0.0,0.0,1.0,True,False,0.00969246340294679,0.0009524895471058684,True,False,False,1
18.0,-6.0,0.008841796778142452,1,0.012982349842786789,1,0.010695453733205795,1,1.0,0.0,0.0,1.0,True,False,0.01083986678471168,0.0016934552975829888,True,False,False,1
18.0,-5.0,0.004775552544742823,1,0.011900686658918858,1,0.006891618482768536,1,1.0,0.0,0.0,1.0,True,False,0.007855952562143406,0.00298767905446481,True,False,False,1
18.0,-4.0,-4.611214535543695e-05,-1,0.006701410748064518,1,0.006109857000410557,1,0.6666666666666666,0.3333333333333333,0.0,0.6666666666666666,False,True,0.004255051867706546,0.0030509553541511612,True,False,False,1
18.0,-3.0,-0.00299196969717741,-1,0.006021199282258749,1,0.004768675193190575,1,0.6666666666666666,0.3333333333333333,0.0,0.6666666666666666,False,True,0.0025993015927573047,0.003986555750407459,True,False,False,1
18.0,-2.0,0.00035217872937209904,1,0.007310350891202688,1,0.0065353927202522755,1,1.0,0.0,0.0,1.0,True,False,0.004732640780275688,0.0031135698564226408,True,False,False,1
18.0,-1.0,0.010333928279578686,1,0.005199650768190622,1,0.01700606569647789,1,1.0,0.0,0.0,1.0,True,False,0.0108465482480824,0.004833559267510342,True,False,False,1
18.0,0.0,0.0014301259070634842,1,-0.0012314502382650971,-1,0.004196863155812025,1,0.6666666666666666,0.3333333333333333,0.0,0.6666666666666666,False,True,0.0014651796082034707,0.0022162382765325544,True,False,False,1
18.0,1.0,0.0017425828846171498,1,0.0017651794478297234,1,0.0003186743415426463,1,1.0,0.0,0.0,1.0,True,False,0.0012754788913298398,0.0006766258744867115,True,False,False,1
18.0,2.0,-0.0011055604554712772,-1,6.228815618669614e-05,1,-0.004355688113719225,-1,0.3333333333333333,0.6666666666666666,0.0,0.6666666666666666,False,True,-0.0017996534710012686,0.001869215952570952,False,True,False,-1
18.0,3.0,-0.00414063036441803,-1,-0.0029075415804982185,-1,-0.004230190999805927,-1,0.0,1.0,0.0,1.0,True,False,-0.003759454314907392,0.0006035018680662373,False,True,False,-1
18.0,4.0,0.0019313497468829155,1,0.0005815803888253868,1,-0.0005395552143454552,-1,0.6666666666666666,0.3333333333333333,0.0,0.6666666666666666,False,True,0.0006577916404542824,0.0010101811547149604,True,False,False,1
18.0,5.0,0.0008824978722259402,1,-0.0009228313574567437,-1,0.00034699527896009386,1,0.6666666666666666,0.3333333333333333,0.0,0.6666666666666666,False,True,0.00010222059790976346,0.0007570730437014808,True,False,False,1
18.0,6.0,-0.0017636786215007305,-1,-0.0009272181196138263,-1,0.00040420558070763946,1,0.3333333333333333,0.6666666666666666,0.0,0.6666666666666666,False,True,-0.0007622303868023058,0.0008926911345401497,False,True,False,-1
18.0,7.0,-0.002022177679464221,-1,-0.0018821863923221827,-1,0.00020191658404655755,1,0.3333333333333333,0.6666666666666666,0.0,0.6666666666666666,False,True,-0.0012341491625799488,0.00101705883526778,False,True,False,-1
18.0,8.0,-0.0015108793741092086,-1,-0.0018821863923221827,-1,9.517553553450853e-05,1,0.3333333333333333,0.6666666666666666,0.0,0.6666666666666666,False,True,-0.0010992967436322942,0.0008581143065726557,False,True,False,-1
18.0,9.0,-0.0015108793741092086,-1,-0.0018821863923221827,-1,9.517553553450853e-05,1,0.3333333333333333,0.6666666666666666,0.0,0.6666666666666666,False,True,-0.0010992967436322942,0.0008581143065726557,False,True,False,-1
18.0,10.0,-0.0018364430870860815,-1,-0.0018821863923221827,-1,9.517553553450853e-05,1,0.3333333333333333,0.6666666666666666,0.0,0.6666666666666666,False,True,-0.001207817981291252,0.0009215447868157586,False,True,False,-1
19.0,-10.0,0.008639750070869923,1,0.005751761142164469,1,0.005156069062650204,1,1.0,0.0,0.0,1.0,True,False,0.006515860091894865,0.001521379581277469,True,False,False,1
19.0,-9.0,0.004722777754068375,1,0.0046235257759690285,1,0.004050002433359623,1,1.0,0.0,0.0,1.0,True,False,0.004465435321132342,0.00029653679026560797,True,False,False,1
19.0,-8.0,0.0003503694024402648,1,0.0011081943521276116,1,-0.0008538509719073772,-1,0.6666666666666666,0.3333333333333333,0.0,0.6666666666666666,False,True,0.00020157092755349973,0.0008078825009403128,True,False,False,1
19.0,-7.0,0.01153416745364666,1,0.009525624103844166,1,0.008628283627331257,1,1.0,0.0,0.0,1.0,True,False,0.00989602506160736,0.0012148903531167688,True,False,False,1
19.0,-6.0,0.008813880383968353,1,0.012727866880595684,1,0.010695453733205795,1,1.0,0.0,0.0,1.0,True,False,0.010745733665923277,0.0015982737829026306,True,False,False,1
19.0,-5.0,0.004747635219246149,1,0.0116462092846632,1,0.0075330575928092,1,1.0,0.0,0.0,1.0,True,False,0.007975634032239517,0.0028336650546086422,True,False,False,1
19.0,-4.0,0.0013698916882276535,1,0.006446934770792723,1,0.010812830179929733,1,1.0,0.0,0.0,1.0,True,False,0.006209885546316703,0.0038587058357810156,True,False,False,1
19.0,-3.0,-0.0028557057958096266,-1,0.0057667214423418045,1,0.009751636534929276,1,0.6666666666666666,0.3333333333333333,0.0,0.6666666666666666,False,True,0.004220884060487151,0.005261715820874701,True,False,False,1
19.0,-2.0,0.0004884426016360521,1,0.00705587537959218,1,0.010451753623783588,1,1.0,0.0,0.0,1.0,True,False,0.0059986905350039406,0.004135627439517245,True,False,False,1
19.0,-1.0,0.011232366785407066,1,0.0049451738595962524,1,0.019916286692023277,1,1.0,0.0,0.0,1.0,True,False,0.012031275779008865,0.0061379826515101125,True,False,False,1
19.0,0.0,0.002328565577045083,1,-0.0014859267976135015,-1,0.004367973655462265,1,0.6666666666666666,0.3333333333333333,0.0,0.6666666666666666,False,True,0.001736870811631282,0.0024261924422427465,True,False,False,1
19.0,1.0,0.0018730397569015622,1,0.0015107024228200316,1,0.0003186743415426463,1,1.0,0.0,0.0,1.0,True,False,0.0012341388404214133,0.0006640173303199456,True,False,False,1
19.0,2.0,-0.0007904209196567535,-1,-0.00019218771194573492,-1,-0.004355688113719225,-1,0.0,1.0,0.0,1.0,True,False,-0.0017794322484405711,0.00183798648076984,False,True,False,-1
19.0,3.0,-0.0038254910614341497,-1,-0.003162019420415163,-1,-0.004230190999805927,-1,0.0,1.0,0.0,1.0,True,False,-0.0037392338272184134,0.0004403240197819868,False,True,False,-1
19.0,4.0,0.002246488817036152,1,0.0003271033929195255,1,-0.0005395552143454552,-1,0.6666666666666666,0.3333333333333333,0.0,0.6666666666666666,False,True,0.000678012331870074,0.0011641486585414595,True,False,False,1
19.0,5.0,0.0011835988843813539,1,-0.00117730803322047,-1,0.00034699527896009386,1,0.6666666666666666,0.3333333333333333,0.0,0.6666666666666666,False,True,0.00011776204337365925,0.0009773710573499727,True,False,False,1
19.0,6.0,-0.0014625776093453169,-1,-0.0011816945625469089,-1,0.00040420558070763946,1,0.3333333333333333,0.6666666666666666,0.0,0.6666666666666666,False,True,-0.0007466888637281954,0.0008218444046450807,False,True,False,-1
19.0,7.0,-0.0017210772493854165,-1,-0.0021366628352552652,-1,0.00020191658404655755,1,0.3333333333333333,0.6666666666666666,0.0,0.6666666666666666,False,True,-0.0012186078335313748,0.0010186903554718478,False,True,False,-1
19.0,8.0,-0.0014578152913600206,-1,-0.0021366628352552652,-1,9.517553553450853e-05,1,0.3333333333333333,0.6666666666666666,0.0,0.6666666666666666,False,True,-0.0011664341970269259,0.0009341494651761933,False,True,False,-1
19.0,9.0,-0.0014578152913600206,-1,-0.0021366628352552652,-1,9.517553553450853e-05,1,0.3333333333333333,0.6666666666666666,0.0,0.6666666666666666,False,True,-0.0011664341970269259,0.0009341494651761933,False,True,False,-1
19.0,10.0,-0.0017833788879215717,-1,-0.0021366628352552652,-1,9.517553553450853e-05,1,0.3333333333333333,0.6666666666666666,0.0,0.6666666666666666,False,True,-0.0012749553958807762,0.000979505475151145,False,True,False,-1
20.0,-10.0,0.008639750070869923,1,0.006824268959462643,1,0.005323189310729504,1,1.0,0.0,0.0,1.0,True,False,0.00692906944702069,0.0013560066803105118,True,False,False,1
20.0,-9.0,0.004722777754068375,1,0.00569603405892849,1,0.004217122681438923,1,1.0,0.0,0.0,1.0,True,False,0.004878644831478596,0.0006137402409175643,True,False,False,1
20.0,-8.0,0.0003503694024402648,1,0.0021807048469781876,1,-0.0006867310730740428,-1,0.6666666666666666,0.3333333333333333,0.0,0.6666666666666666,False,True,0.0006147810587814698,0.001185462590976836,True,False,False,1
20.0,-7.0,0.01153416745364666,1,0.010598144493997097,1,0.008795402944087982,1,1.0,0.0,0.0,1.0,True,False,0.010309238297243914,0.0011366054292193451,True,False,False,1
20.0,-6.0,0.008813880383968353,1,0.012699288316071033,1,0.010862573981285095,1,1.0,0.0,0.0,1.0,True,False,0.01079191422710816,0.0015869978576664525,True,False,False,1
20.0,-5.0,0.004747635219246149,1,0.01004798710346222,1,0.007631098851561546,1,1.0,0.0,0.0,1.0,True,False,0.0074755737247566385,0.002166652344505839,True,False,False,1
20.0,-4.0,0.0013698916882276535,1,0.004848711658269167,1,0.007644259370863438,1,1.0,0.0,0.0,1.0,True,False,0.004620954239120086,0.002566557686306592,True,False,False,1
20.0,-3.0,-0.0028557057958096266,-1,0.004168499726802111,1,-0.0008036801591515541,-1,0.3333333333333333,0.6666666666666666,0.0,0.6666666666666666,False,True,0.00016970459061364332,0.0029490647341463925,False,True,False,-1
20.0,-2.0,0.0004884426016360521,1,0.004892194177955389,1,-0.00010356423445045948,-1,0.6666666666666666,0.3333333333333333,0.0,0.6666666666666666,False,True,0.0017590241817136605,0.002228629428221949,True,False,False,1
20.0,-1.0,0.011232366785407066,1,0.002781492657959461,1,0.009699029847979546,1,1.0,0.0,0.0,1.0,True,False,0.00790429643044869,0.0036760594309207715,True,False,False,1
20.0,0.0,0.002328565577045083,1,-0.003649603808298707,-1,-0.0001846300292527303,-1,0.3333333333333333,0.6666666666666666,0.0,0.6666666666666666,False,True,-0.0005018894201687848,0.0024508661653666794,False,True,False,-1
20.0,1.0,0.0018730397569015622,1,0.001047685625962913,1,-0.0005332680302672088,-1,0.6666666666666666,0.3333333333333333,0.0,0.6666666666666666,False,True,0.0007958191175324222,0.0009983843098389823,True,False,False,1
20.0,2.0,-0.0007904209196567535,-1,-0.0006551868282258511,-1,-0.004145648796111345,-1,0.0,1.0,0.0,1.0,True,False,-0.0018637521813313167,0.0016144888118286233,False,True,False,-1
20.0,3.0,-0.0038254910614341497,-1,-0.0036250196862965822,-1,-0.004063071683049202,-1,0.0,1.0,0.0,1.0,True,False,-0.003837860810259978,0.00017904775150640652,False,True,False,-1
20.0,4.0,0.002246488817036152,1,-0.00013589735317509621,-1,-0.0003724352573044598,-1,0.3333333333333333,0.6666666666666666,0.0,0.6666666666666666,False,True,0.0005793854021855319,0.0011827687550482067,False,True,False,-1
20.0,5.0,0.0011835988843813539,1,-0.0016403155168518424,-1,0.0005141151486895978,1,0.6666666666666666,0.3333333333333333,0.0,0.6666666666666666,False,True,1.91328387397031e-05,0.0012048177598695334,True,False,False,1
20.0,6.0,-0.0014625776093453169,-1,-0.001644700299948454,-1,0.0005713254795409739,1,0.3333333333333333,0.6666666666666666,0.0,0.6666666666666666,False,True,-0.0008453174765842656,0.0010044733669814494,False,True,False,-1
20.0,7.0,-0.0017210772493854165,-1,-0.0025996663607656956,-1,0.00036903657019138336,1,0.3333333333333333,0.6666666666666666,0.0,0.6666666666666666,False,True,-0.0013172356799865763,0.0012451546846206636,False,True,False,-1
20.0,8.0,-0.0014578152913600206,-1,-0.0025996663607656956,-1,0.0002622955071274191,1,0.3333333333333333,0.6666666666666666,0.0,0.6666666666666666,False,True,-0.0012650620483327657,0.001176313958329636,False,True,False,-1
20.0,9.0,-0.0014578152913600206,-1,-0.0025996663607656956,-1,0.0002622955071274191,1,0.3333333333333333,0.6666666666666666,0.0,0.6666666666666666,False,True,-0.0012650620483327657,0.001176313958329636,False,True,False,-1
20.0,10.0,-0.0017833788879215717,-1,-0.0025996663607656956,-1,0.0002622955071274191,1,0.3333333333333333,0.6666666666666666,0.0,0.6666666666666666,False,True,-0.001373583247186616,0.0012037872967410235,False,True,False,-1
21.0,-10.0,0.00817776657640934,1,0.006824268959462643,1,0.004796717781573534,1,1.0,0.0,0.0,1.0,True,False,0.006599584439148505,0.0013894207638477168,True,False,False,1
21.0,-9.0,0.004260793793946505,1,0.00569603405892849,1,0.003690651385113597,1,1.0,0.0,0.0,1.0,True,False,0.004549159745996197,0.0008437045726379925,True,False,False,1
21.0,-8.0,0.00015762123803142458,1,0.0021807048469781876,1,-0.0007955960463732481,-1,0.6666666666666666,0.3333333333333333,0.0,0.6666666666666666,False,True,0.0005142433462121213,0.0012409609846065729,True,False,False,1
21.0,-7.0,0.011341419070959091,1,0.010598144493997097,1,0.008686535991728306,1,1.0,0.0,0.0,1.0,True,False,0.010208699852228165,0.0011182877947554118,True,False,False,1
21.0,-6.0,0.008621132001280785,1,0.012699288316071033,1,0.010753707960247993,1,1.0,0.0,0.0,1.0,True,False,0.01069137609253327,0.0016654836491272838,True,False,False,1
21.0,-5.0,0.005395860876888037,1,0.01004798710346222,1,0.007522235158830881,1,1.0,0.0,0.0,1.0,True,False,0.007655361046393712,0.0019015540107062221,True,False,False,1
21.0,-4.0,0.0032071375753730536,1,0.004848711658269167,1,0.008697068318724632,1,1.0,0.0,0.0,1.0,True,False,0.005584305850788951,0.002300819999297472,True,False,False,1
21.0,-3.0,-0.0005219791200943291,-1,0.004168499726802111,1,0.00024912742082960904,1,0.6666666666666666,0.3333333333333333,0.0,0.6666666666666666,False,True,0.0012985493425124635,0.002053632997166589,True,False,False,1
21.0,-2.0,0.0028221693355590105,1,0.004892194177955389,1,0.0009492437238804996,1,1.0,0.0,0.0,1.0,True,False,0.002887869079131633,0.0016103730236711152,True,False,False,1
21.0,-1.0,0.013086767867207527,1,0.002781492657959461,1,0.010751836933195591,1,1.0,0.0,0.0,1.0,True,False,0.008873365819454193,0.0044118147874736184,True,False,False,1
21.0,0.0,0.0032538441009819508,1,-0.003649603808298707,-1,-0.0002934951044153422,-1,0.3333333333333333,0.6666666666666666,0.0,0.6666666666666666,False,True,-0.0002297516039106995,0.0028186812146144173,False,True,False,-1
21.0,1.0,0.0012194428127259016,1,0.001047685625962913,1,-0.0006421331781893969,-1,0.6666666666666666,0.3333333333333333,0.0,0.6666666666666666,False,True,0.0005416650868331393,0.0008400035245973512,True,False,False,1
21.0,2.0,-0.0014440177474170923,-1,-0.0006551868282258511,-1,-0.00425451435148716,-1,0.0,1.0,0.0,1.0,True,False,-0.002117906309043368,0.0015447511126488187,False,True,False,-1
21.0,3.0,-0.0044790878891944885,-1,-0.0036250196862965822,-1,-0.004171936772763729,-1,0.0,1.0,0.0,1.0,True,False,-0.0040920147827516,0.0003532220898773074,False,True,False,-1
21.0,4.0,0.0015928916400298476,1,-0.00013589735317509621,-1,-0.0004813003179151565,-1,0.3333333333333333,0.6666666666666666,0.0,0.6666666666666666,False,True,0.00032523132297986496,0.0009073947364406344,False,True,False,-1
21.0,5.0,0.001064265612512827,1,-0.0016403155168518424,-1,0.00040525011718273163,1,0.6666666666666666,0.3333333333333333,0.0,0.6666666666666666,False,True,-5.693326238542795e-05,0.0011514917509013113,True,False,False,1
21.0,6.0,-0.0015819109976291656,-1,-0.001644700299948454,-1,0.0004624603607226163,1,0.3333333333333333,0.6666666666666666,0.0,0.6666666666666666,False,True,-0.0009213836456183344,0.0009788611748815612,False,True,False,-1
21.0,7.0,-0.0018404100555926561,-1,-0.0025996663607656956,-1,0.0002601714222691953,1,0.3333333333333333,0.6666666666666666,0.0,0.6666666666666666,False,True,-0.0013933016646963854,0.0012095722305084744,False,True,False,-1
21.0,8.0,-0.0015771485632285476,-1,-0.0025996663607656956,-1,0.00015343040286097676,1,0.3333333333333333,0.6666666666666666,0.0,0.6666666666666666,False,True,-0.0013411281737110887,0.0011362701162645832,False,True,False,-1
21.0,9.0,-0.0015771485632285476,-1,-0.0025996663607656956,-1,0.00015343040286097676,1,0.3333333333333333,0.6666666666666666,0.0,0.6666666666666666,False,True,-0.0013411281737110887,0.0011362701162645832,False,True,False,-1
21.0,10.0,-0.001902711926959455,-1,-0.0025996663607656956,-1,0.00015343040286097676,1,0.3333333333333333,0.6666666666666666,0.0,0.6666666666666666,False,True,-0.0014496492949547246,0.0011687128985518513,False,True,False,-1
22.0,-10.0,0.00817776657640934,1,0.006439202465116978,1,0.004733429756015539,1,1.0,0.0,0.0,1.0,True,False,0.006450132932513952,0.0014061658601597598,True,False,False,1
22.0,-9.0,0.004260793793946505,1,0.005310968495905399,1,0.003627362661063671,1,1.0,0.0,0.0,1.0,True,False,0.004399708316971858,0.0006943126506643336,True,False,False,1
22.0,-8.0,0.00015762123803142458,1,0.0017956370720639825,1,-0.0008588843629695475,-1,0.6666666666666666,0.3333333333333333,0.0,0.6666666666666666,False,True,0.00036479131570861983,0.0010935601166455365,True,False,False,1
22.0,-7.0,0.011341419070959091,1,0.011628609150648117,1,0.008623247966170311,1,1.0,0.0,0.0,1.0,True,False,0.010531092062592506,0.0013541347440728132,True,False,False,1
22.0,-6.0,0.008621132001280785,1,0.013729752041399479,1,0.010458537377417088,1,1.0,0.0,0.0,1.0,True,False,0.010936473806699118,0.002112789167806658,True,False,False,1
22.0,-5.0,0.005395860876888037,1,0.011078452691435814,1,0.0037199014332145452,1,1.0,0.0,0.0,1.0,True,False,0.006731405000512798,0.0031490557033899257,True,False,False,1
22.0,-4.0,0.0032071375753730536,1,0.005879175383597612,1,0.008401896804571152,1,1.0,0.0,0.0,1.0,True,False,0.005829403254513939,0.002121043581346982,True,False,False,1
22.0,-3.0,-0.0005219791200943291,-1,0.005198966711759567,1,-4.604291098075919e-05,-1,0.3333333333333333,0.6666666666666666,0.0,0.6666666666666666,False,True,0.0015436482268948264,0.0025919932790720154,False,True,False,-1
22.0,-2.0,0.0028221693355590105,1,0.005922659765928984,1,0.000654072966426611,1,1.0,0.0,0.0,1.0,True,False,0.003132967355971535,0.0021620897719709237,True,False,False,1
22.0,-1.0,0.013086767867207527,1,0.0038119566161185503,1,0.01045666728168726,1,1.0,0.0,0.0,1.0,True,False,0.009118463921671113,0.0039028726267029304,True,False,False,1
22.0,0.0,0.0032538441009819508,1,-0.002619139850139618,-1,-0.0005886660655960441,-1,0.3333333333333333,0.6666666666666666,0.0,0.6666666666666666,False,True,1.5346061748762924e-05,0.0024353792463074515,False,True,False,-1
22.0,1.0,0.0012194428127259016,1,0.0005595580441877246,1,-0.0007054215529933572,-1,0.6666666666666666,0.3333333333333333,0.0,0.6666666666666666,False,True,0.000357859767973423,0.0007986602751169472,True,False,False,1
22.0,2.0,-0.0014440177474170923,-1,-0.0011433134786784649,-1,-0.004317802842706442,-1,0.0,1.0,0.0,1.0,True,False,-0.002301711356267333,0.001430867901095602,False,True,False,-1
22.0,3.0,-0.0044790878891944885,-1,-0.004113145638257265,-1,-0.004235225263983011,-1,0.0,1.0,0.0,1.0,True,False,-0.004275819597144921,0.00015212792351372266,False,True,False,-1
22.0,4.0,0.0015928916400298476,1,-0.0006240226794034243,-1,-0.0005445887800306082,-1,0.3333333333333333,0.6666666666666666,0.0,0.6666666666666666,False,True,0.00014142672686527172,0.0010268528721951943,False,True,False,-1
22.0,5.0,0.001064265612512827,1,-0.002128440886735916,-1,0.0003419616841711104,1,0.6666666666666666,0.3333333333333333,0.0,0.6666666666666666,False,True,-0.0002407378633506596,0.0013669912873650288,True,False,False,1
22.0,6.0,-0.0015819109976291656,-1,-0.0021328257862478495,-1,0.00039917195681482553,1,0.3333333333333333,0.6666666666666666,0.0,0.6666666666666666,False,True,-0.0011051882756873965,0.0010872600295943613,False,True,False,-1
22.0,7.0,-0.0018404100555926561,-1,-0.003087791847065091,-1,0.00019688301836140454,1,0.3333333333333333,0.6666666666666666,0.0,0.6666666666666666,False,True,-0.0015771062947654475,0.0013538264033817766,False,True,False,-1
22.0,8.0,-0.0015771485632285476,-1,-0.003087791847065091,-1,9.014194074552506e-05,1,0.3333333333333333,0.6666666666666666,0.0,0.6666666666666666,False,True,-0.0015249328231827046,0.001297911309902307,False,True,False,-1
22.0,9.0,-0.0015771485632285476,-1,-0.003087791847065091,-1,9.014194074552506e-05,1,0.3333333333333333,0.6666666666666666,0.0,0.6666666666666666,False,True,-0.0015249328231827046,0.001297911309902307,False,True,False,-1
22.0,10.0,-0.001902711926959455,-1,-0.003087791847065091,-1,9.014194074552506e-05,1,0.3333333333333333,0.6666666666666666,0.0,0.6666666666666666,False,True,-0.0016334539444263403,0.0013112819899613341,False,True,False,-1
23.0,-10.0,0.007513105403631926,1,0.007408845238387585,1,0.00510789081454277,1,1.0,0.0,0.0,1.0,True,False,0.0066766138188540936,0.0011100710018450328,True,False,False,1
23.0,-9.0,0.004391198977828026,1,0.006280616391450167,1,0.004001825116574764,1,1.0,0.0,0.0,1.0,True,False,0.004891213495284319,0.0009952330738282208,True,False,False,1
23.0,-8.0,0.00028802614542655647,1,0.002765306970104575,1,-0.000484422140289098,-1,0.6666666666666666,0.3333333333333333,0.0,0.6666666666666666,False,True,0.0008563036584140112,0.0013862153083270576,True,False,False,1
23.0,-7.0,0.0114718247205019,1,0.012598278932273388,1,0.008450442925095558,1,1.0,0.0,0.0,1.0,True,False,0.010840182192623615,0.0017512595653564288,True,False,False,1
23.0,-6.0,0.008751536719501019,1,0.01469942182302475,1,0.011040495708584785,1,1.0,0.0,0.0,1.0,True,False,0.011497151417036852,0.0024495897790210055,True,False,False,1
23.0,-5.0,0.0037716368678957224,1,0.012048127129673958,1,0.003934522625058889,1,1.0,0.0,0.0,1.0,True,False,0.006584762207542856,0.003863754663256203,True,False,False,1
23.0,-4.0,-0.0015842277789488435,-1,0.003948174882680178,1,0.008188615553081036,1,0.6666666666666666,0.3333333333333333,0.0,0.6666666666666666,False,True,0.003517520885604123,0.004001350925791472,True,False,False,1
23.0,-3.0,-0.005313345231115818,-1,0.0032679664436727762,1,-0.0002593252866063267,-1,0.3333333333333333,0.6666666666666666,0.0,0.6666666666666666,False,True,-0.0007682346913497895,0.0035217390686650835,False,True,False,-1
23.0,-2.0,-0.0019691961351782084,-1,0.003991660196334124,1,0.0004407909291330725,1,0.6666666666666666,0.3333333333333333,0.0,0.6666666666666666,False,True,0.000821084996762996,0.0024483218381357395,True,False,False,1
23.0,-1.0,0.008366641588509083,1,0.004781631752848625,1,0.010243386030197144,1,1.0,0.0,0.0,1.0,True,False,0.007797219790518284,0.0022658141781052295,True,False,False,1
23.0,0.0,0.0009373052744194865,1,-0.0016494638985022902,-1,-0.0008019478409551084,-1,0.3333333333333333,0.6666666666666666,0.0,0.6666666666666666,False,True,-0.0005047021550126374,0.0010767574585619428,False,True,False,-1
23.0,1.0,0.0009762030094861984,1,0.0015292101306840777,1,-0.0004907998372800648,-1,0.6666666666666666,0.3333333333333333,0.0,0.6666666666666666,False,True,0.0006715377676300704,0.0008523402098008611,True,False,False,1
23.0,2.0,-0.0007726713665761054,-1,-0.00017364445375278592,-1,-0.004103180021047592,-1,0.0,1.0,0.0,1.0,True,False,-0.0016831652804588277,0.001728595155817162,False,True,False,-1
23.0,3.0,-0.003807741217315197,-1,-0.003143471200019121,-1,-0.004020602907985449,-1,0.0,1.0,0.0,1.0,True,False,-0.003657271775106589,0.00037356016745089315,False,True,False,-1
23.0,4.0,0.0022642381954938173,1,0.0003456513222772628,1,-0.00032996697700582445,-1,0.6666666666666666,0.3333333333333333,0.0,0.6666666666666666,False,True,0.0007599741802550852,0.001098854765119321,True,False,False,1
23.0,5.0,0.0018222620710730553,1,-0.0011587705230340362,-1,0.0003419616841711104,1,0.6666666666666666,0.3333333333333333,0.0,0.6666666666666666,False,True,0.0003351510774033765,0.001217010988735824,True,False,False,1
23.0,6.0,-0.0008614740218035877,-1,-0.0011631479719653726,-1,0.00039917195681482553,1,0.3333333333333333,0.6666666666666666,0.0,0.6666666666666666,False,True,-0.0005418166789847115,0.0006766813640010387,False,True,False,-1
23.0,7.0,-0.0011199733708053827,-1,-0.0021181136835366488,-1,0.00019688301836140454,1,0.3333333333333333,0.6666666666666666,0.0,0.6666666666666666,False,True,-0.001013734678660209,0.0009480743385871714,False,True,False,-1
23.0,8.0,-0.0008567115874029696,-1,-0.0021181136835366488,-1,9.014194074552506e-05,1,0.3333333333333333,0.6666666666666666,0.0,0.6666666666666666,False,True,-0.0009615611100646978,0.0009045600375671616,False,True,False,-1
23.0,9.0,-0.0008567115874029696,-1,-0.0021181136835366488,-1,9.014194074552506e-05,1,0.3333333333333333,0.6666666666666666,0.0,0.6666666666666666,False,True,-0.0009615611100646978,0.0009045600375671616,False,True,False,-1
23.0,10.0,-0.001182275009341538,-1,-0.0021181136835366488,-1,9.014194074552506e-05,1,0.3333333333333333,0.6666666666666666,0.0,0.6666666666666666,False,True,-0.0010700822507108871,0.0009050004187329897,False,True,False,-1
24.0,-10.0,0.007513105403631926,1,0.008375457488000393,1,0.00549743976444006,1,1.0,0.0,0.0,1.0,True,False,0.007128667552024126,0.0012059825456430305,True,False,False,1
24.0,-9.0,0.004391198977828026,1,0.007247229106724262,1,0.004391372203826904,1,1.0,0.0,0.0,1.0,True,False,0.005343266762793064,0.0013463046863749673,True,False,False,1
24.0,-8.0,0.00028802614542655647,1,0.0037319499533623457,1,-9.487442002864555e-05,-1,0.6666666666666666,0.3333333333333333,0.0,0.6666666666666666,False,True,0.001308367226253419,0.001720846329980694,True,False,False,1
24.0,-7.0,0.0114718247205019,1,0.013564920984208584,1,0.008839991874992847,1,1.0,0.0,0.0,1.0,True,False,0.01129224585990111,0.001933119275016342,True,False,False,1
24.0,-6.0,0.008751536719501019,1,0.015666063874959946,1,0.012195700779557228,1,1.0,0.0,0.0,1.0,True,False,0.012204433791339397,0.002822850644887873,True,False,False,1
24.0,-5.0,0.0037716368678957224,1,0.013014768250286579,1,0.0033916982356458902,1,1.0,0.0,0.0,1.0,True,False,0.006726034451276064,0.004449510680002307,True,False,False,1
24.0,-4.0,-0.0015842277789488435,-1,0.0049148183315992355,1,0.009523839689791203,1,0.6666666666666666,0.3333333333333333,0.0,0.6666666666666666,False,True,0.004284810080813865,0.004556678140894852,True,False,False,1
24.0,-3.0,-0.005313345231115818,-1,0.004709935747087002,1,0.005929477512836456,1,0.6666666666666666,0.3333333333333333,0.0,0.6666666666666666,False,True,0.0017753560096025467,0.005037134402926819,True,False,False,1
24.0,-2.0,-0.0019691961351782084,-1,0.005433629732578993,1,0.006629593204706907,1,0.6666666666666666,0.3333333333333333,0.0,0.6666666666666666,False,True,0.0033646756007025638,0.0038030884754180943,True,False,False,1
24.0,-1.0,0.008366641588509083,1,0.00487864064052701,1,0.010757610201835632,1,1.0,0.0,0.0,1.0,True,False,0.008000964143623909,0.002413967794727405,True,False,False,1
24.0,0.0,0.0009373052744194865,1,-0.001552460715174675,-1,-0.0006760492688044906,-1,0.3333333333333333,0.6666666666666666,0.0,0.6666666666666666,False,True,-0.00043040156985322636,0.0010311775678756745,False,True,False,-1
24.0,1.0,0.0009762030094861984,1,0.0016262154094874859,1,-0.0003649011778179556,-1,0.6666666666666666,0.3333333333333333,0.0,0.6666666666666666,False,True,0.0007458390803852429,0.0008290303456182367,True,False,False,1
24.0,2.0,-0.0007726713665761054,-1,-7.663507858524099e-05,-1,-0.00397728243842721,-1,0.0,1.0,0.0,1.0,True,False,-0.0016088629611961853,0.0016986611872580684,False,True,False,-1
24.0,3.0,-0.003807741217315197,-1,-0.0030464669689536095,-1,-0.0038947046268731356,-1,0.0,1.0,0.0,1.0,True,False,-0.0035829709377139807,0.00038102321890947575,False,True,False,-1
24.0,4.0,0.0022642381954938173,1,0.00044266178156249225,1,-0.00020406839030329138,-1,0.6666666666666666,0.3333333333333333,0.0,0.6666666666666666,False,True,0.0008342771955843394,0.001045037901943265,True,False,False,1
24.0,5.0,0.0018222620710730553,1,-0.0014366302639245987,-1,0.00046786031452938914,1,0.6666666666666666,0.3333333333333333,0.0,0.6666666666666666,False,True,0.00028449737389261526,0.0013367401364952076,True,False,False,1
24.0,6.0,-0.0008614740218035877,-1,-0.0012890304205939174,-1,0.0005250707035884261,1,0.3333333333333333,0.6666666666666666,0.0,0.6666666666666666,False,True,-0.000541811246269693,0.0007743293613342389,False,True,False,-1
24.0,7.0,-0.0011199733708053827,-1,-0.002243996364995837,-1,0.00032278161961585283,1,0.3333333333333333,0.6666666666666666,0.0,0.6666666666666666,False,True,-0.001013729372061789,0.0010505722713593081,False,True,False,-1
24.0,8.0,-0.0008567115874029696,-1,-0.002243996364995837,-1,0.0002160405711038038,1,0.3333333333333333,0.6666666666666666,0.0,0.6666666666666666,False,True,-0.000961555793765001,0.0010070384509207814,False,True,False,-1
24.0,9.0,-0.0008567115874029696,-1,-0.002243996364995837,-1,0.0002160405711038038,1,0.3333333333333333,0.6666666666666666,0.0,0.6666666666666666,False,True,-0.000961555793765001,0.0010070384509207814,False,True,False,-1
24.0,10.0,-0.001182275009341538,-1,-0.002243996364995837,-1,0.0002160405711038038,1,0.3333333333333333,0.6666666666666666,0.0,0.6666666666666666,False,True,-0.0010700769344111905,0.001007434609211994,False,True,False,-1
25.0,-10.0,0.007003474980592728,1,0.008375457488000393,1,0.005709495395421982,1,1.0,0.0,0.0,1.0,True,False,0.0070294759546717005,0.001088529744734017,True,False,False,1
25.0,-9.0,0.00388156995177269,1,0.007247229106724262,1,0.004603428300470114,1,1.0,0.0,0.0,1.0,True,False,0.005244075786322355,0.0014467751006229754,True,False,False,1
25.0,-8.0,0.00033201626501977444,1,0.0037319499533623457,1,0.00011718120367731899,1,1.0,0.0,0.0,1.0,True,False,0.0013937158073531464,0.0016557058347963526,True,False,False,1
25.0,-7.0,0.011515812948346138,1,0.013198328204452991,1,0.008839991874992847,1,1.0,0.0,0.0,1.0,True,False,0.011184711009263992,0.0017946207140082085,True,False,False,1
25.0,-6.0,0.007968380115926266,1,0.015299472957849503,1,0.011864240281283855,1,1.0,0.0,0.0,1.0,True,False,0.011710697785019875,0.0029948747372629527,True,False,False,1
25.0,-5.0,0.0019903068896383047,1,0.012648171745240688,1,-5.167476774659008e-05,-1,0.6666666666666666,0.3333333333333333,0.0,0.6666666666666666,False,True,0.004862267955710801,0.0055682220763385495,True,False,False,1
25.0,-4.0,-0.0033655588049441576,-1,0.004548227414488792,1,0.007092602550983429,1,0.6666666666666666,0.3333333333333333,0.0,0.6666666666666666,False,True,0.002758423720176021,0.004453151145334131,True,False,False,1
25.0,-3.0,-0.006668622139841318,-1,0.004343344829976559,1,0.0017772651044651866,1,0.6666666666666666,0.3333333333333333,0.0,0.6666666666666666,False,True,-0.00018267073513319096,0.004704385578556575,True,False,False,1
25.0,-2.0,-0.0033244742080569267,-1,0.00506703881546855,1,0.001908699981868267,1,0.6666666666666666,0.3333333333333333,0.0,0.6666666666666666,False,True,0.00121708819642663,0.003460550808982172,True,False,False,1
25.0,-1.0,0.006616410333663225,1,0.004512049723416567,1,0.0065535311587154865,1,1.0,0.0,0.0,1.0,True,False,0.00589399707193176,0.0009775214586601687,True,False,False,1
25.0,0.0,-0.0013551422161981463,-1,-0.001919053727760911,-1,-0.002406667685136199,-1,0.0,1.0,0.0,1.0,True,False,-0.0018936212096984188,0.00042965999168924037,False,True,False,-1
25.0,1.0,5.278895332594402e-05,1,0.0012596104061231017,1,-0.0006140014156699181,-1,0.6666666666666666,0.3333333333333333,0.0,0.6666666666666666,False,True,0.00023279931459304257,0.0007754173552839242,True,False,False,1
25.0,2.0,-0.0008236772264353931,-1,-0.00044322837493382394,-1,-0.00397728243842721,-1,0.0,1.0,0.0,1.0,True,False,-0.0017480626799321424,0.001583929897628221,False,True,False,-1
25.0,3.0,-0.003932806197553873,-1,-0.0034130613785237074,-1,-0.0038947046268731356,-1,0.0,1.0,0.0,1.0,True,False,-0.003746857400983572,0.00023654142819614022,False,True,False,-1
25.0,4.0,0.0021391739137470722,1,7.60659750085324e-05,1,-0.00020406839030329138,-1,0.6666666666666666,0.3333333333333333,0.0,0.6666666666666666,False,True,0.0006703904994841045,0.0010448643784937354,True,False,False,1
25.0,5.0,0.001697197207249701,1,-0.0014366302639245987,-1,0.00046786031452938914,1,0.6666666666666666,0.3333333333333333,0.0,0.6666666666666666,False,True,0.00024280908595149717,0.0012892387150007017,True,False,False,1
25.0,6.0,-0.0009865383617579937,-1,-0.0012890304205939174,-1,0.0005250707035884261,1,0.3333333333333333,0.6666666666666666,0.0,0.6666666666666666,False,True,-0.0005834993595878283,0.0007935452308649048,False,True,False,-1
25.0,7.0,-0.0010741431033238769,-1,-0.002243996364995837,-1,0.00032278161961585283,1,0.3333333333333333,0.6666666666666666,0.0,0.6666666666666666,False,True,-0.0009984526162346203,0.0010492486495738015,False,True,False,-1
25.0,8.0,-0.0008108813781291246,-1,-0.002243996364995837,-1,0.0002160405711038038,1,0.3333333333333333,0.6666666666666666,0.0,0.6666666666666666,False,True,-0.000946279057340386,0.0010088590355431142,False,True,False,-1
25.0,9.0,-0.0008108813781291246,-1,-0.002243996364995837,-1,0.0002160405711038038,1,0.3333333333333333,0.6666666666666666,0.0,0.6666666666666666,False,True,-0.000946279057340386,0.0010088590355431142,False,True,False,-1
25.0,10.0,-0.0011364449746906757,-1,-0.002243996364995837,-1,0.0002160405711038038,1,0.3333333333333333,0.6666666666666666,0.0,0.6666666666666666,False,True,-0.0010548002561942365,0.0010059638253228922,False,True,False,-1
26.0,-10.0,0.007003474980592728,1,0.008318383246660233,1,0.005709495395421982,1,1.0,0.0,0.0,1.0,True,False,0.007010451207558314,0.0010650854287776296,True,False,False,1
26.0,-9.0,0.00388156995177269,1,0.007190154865384102,1,0.004603428300470114,1,1.0,0.0,0.0,1.0,True,False,0.005225051039208968,0.0014204446849800604,True,False,False,1
26.0,-8.0,0.00033201626501977444,1,0.0036748768761754036,1,0.00011718120367731899,1,1.0,0.0,0.0,1.0,True,False,0.0013746914482908323,0.0016288397256707813,True,False,False,1
26.0,-7.0,0.011515812948346138,1,0.013141253963112831,1,0.008839991874992847,1,1.0,0.0,0.0,1.0,True,False,0.011165686262150606,0.0017733500143258557,True,False,False,1
26.0,-6.0,0.007968380115926266,1,0.015242397785186768,1,0.012209582142531872,1,1.0,0.0,0.0,1.0,True,False,0.011806786681214968,0.0029832327432861173,True,False,False,1
26.0,-5.0,0.0019903068896383047,1,0.0125911058858037,1,0.00029367010574787855,1,1.0,0.0,0.0,1.0,True,False,0.004958360960396628,0.005441429984624634,True,False,False,1
26.0,-4.0,-0.0033655588049441576,-1,0.00333887105807662,1,0.0059175072237849236,1,0.6666666666666666,0.3333333333333333,0.0,0.6666666666666666,False,True,0.001963606492305795,0.0039125731680344404,True,False,False,1
26.0,-3.0,-0.006668622139841318,-1,0.003133990801870823,1,0.0019098708871752024,1,0.6666666666666666,0.3333333333333333,0.0,0.6666666666666666,False,True,-0.0005415868169317642,0.004361195461302221,True,False,False,1
26.0,-2.0,-0.0033244742080569267,-1,0.0038576843217015266,1,0.001201146631501615,1,0.6666666666666666,0.3333333333333333,0.0,0.6666666666666666,False,True,0.0005781189150487384,0.0029650152262955744,True,False,False,1
26.0,-1.0,0.006616410333663225,1,0.0033026952296495438,1,0.005845977459102869,1,1.0,0.0,0.0,1.0,True,False,0.005255027674138546,0.0014158844547735609,True,False,False,1
26.0,0.0,-0.0013551422161981463,-1,-0.0025542117655277252,-1,-0.002406667685136199,-1,0.0,1.0,0.0,1.0,True,False,-0.0021053405556206903,0.0005338791843784522,False,True,False,-1
26.0,1.0,5.278895332594402e-05,1,0.0008546001627109945,1,-0.0006140014156699181,-1,0.6666666666666666,0.3333333333333333,0.0,0.6666666666666666,False,True,9.779590012234014e-05,0.0006003981278844214,True,False,False,1
26.0,2.0,-0.0008236772264353931,-1,-0.0008482374250888824,-1,-0.00397728243842721,-1,0.0,1.0,0.0,1.0,True,False,-0.001883065696650495,0.0014808688040005174,False,True,False,-1
26.0,3.0,-0.003932806197553873,-1,-0.003818070748820901,-1,-0.0038947046268731356,-1,0.0,1.0,0.0,1.0,True,False,-0.00388186052441597,4.7712919458896715e-05,False,True,False,-1
26.0,4.0,0.0021391739137470722,1,-0.0003289411251898855,-1,-0.00020406839030329138,-1,0.3333333333333333,0.6666666666666666,0.0,0.6666666666666666,False,True,0.0005353881327512985,0.0011351930594903764,False,True,False,-1
26.0,5.0,0.001697197207249701,1,-0.0018416362581774592,-1,0.00046786031452938914,1,0.6666666666666666,0.3333333333333333,0.0,0.6666666666666666,False,True,0.00010780708786721031,0.0014669842804268412,True,False,False,1
26.0,6.0,-0.0009865383617579937,-1,-0.0016940374625846744,-1,0.0005250707035884261,1,0.3333333333333333,0.6666666666666666,0.0,0.6666666666666666,False,True,-0.0007185017069180807,0.0009255603706394533,False,True,False,-1
26.0,7.0,-0.0010741431033238769,-1,-0.0026490031741559505,-1,0.00032278161961585283,1,0.3333333333333333,0.6666666666666666,0.0,0.6666666666666666,False,True,-0.0011334548859546583,0.0012139507488066834,False,True,False,-1
26.0,8.0,-0.0008108813781291246,-1,-0.0026490031741559505,-1,0.0002160405711038038,1,0.3333333333333333,0.6666666666666666,0.0,0.6666666666666666,False,True,-0.0010812813270604238,0.0011851739717159803,False,True,False,-1
26.0,9.0,-0.0008108813781291246,-1,-0.0026490031741559505,-1,0.0002160405711038038,1,0.3333333333333333,0.6666666666666666,0.0,0.6666666666666666,False,True,-0.0010812813270604238,0.0011851739717159803,False,True,False,-1
26.0,10.0,-0.0011364449746906757,-1,-0.0026490031741559505,-1,0.0002160405711038038,1,0.3333333333333333,0.6666666666666666,0.0,0.6666666666666666,False,True,-0.0011898025259142742,0.0011702575747151976,False,True,False,-1
27.0,-10.0,0.007570607587695122,1,0.008607394061982632,1,0.006249941419810057,1,1.0,0.0,0.0,1.0,True,False,0.007475981023162603,0.0009647491487628736,True,False,False,1
27.0,-9.0,0.0047346060164272785,1,0.007479165215045214,1,0.005143874324858189,1,1.0,0.0,0.0,1.0,True,False,0.005785881852110227,0.0012089338408878538,True,False,False,1
27.0,-8.0,0.0011850552400574088,1,0.003963902126997709,1,0.0006576276500709355,1,1.0,0.0,0.0,1.0,True,False,0.001935528339042018,0.001450349413858381,True,False,False,1
27.0,-7.0,0.012368855066597462,1,0.013430281542241573,1,0.01058859284967184,1,1.0,0.0,0.0,1.0,True,False,0.012129243152836958,0.0011724217268206428,True,False,False,1
27.0,-6.0,0.008563709445297718,1,0.015531426295638084,1,0.013070106506347656,1,1.0,0.0,0.0,1.0,True,False,0.01238841408242782,0.002885110968085577,True,False,False,1
27.0,-5.0,0.005258745979517698,1,0.012880129739642143,1,0.0010099386563524604,1,1.0,0.0,0.0,1.0,True,False,0.006382938125170767,0.004910751135601254,True,False,False,1
27.0,-4.0,0.0009745709248818457,1,0.004989327397197485,1,0.007924839854240417,1,1.0,0.0,0.0,1.0,True,False,0.004629579392106582,0.0028488153699361835,True,False,False,1
27.0,-3.0,-0.0008588971104472876,-1,0.0047844466753304005,1,0.0031270741019397974,1,0.6666666666666666,0.3333333333333333,0.0,0.6666666666666666,False,True,0.002350874555607637,0.002368360413579206,True,False,False,1
27.0,-2.0,0.002485251519829035,1,0.0055081406608223915,1,0.0024183497298508883,1,1.0,0.0,0.0,1.0,True,False,0.003470580636834105,0.001441031366971108,True,False,False,1
27.0,-1.0,0.00941516738384962,1,0.0045627118088305,1,0.007063180208206177,1,1.0,0.0,0.0,1.0,True,False,0.007013686466962099,0.001981315808530666,True,False,False,1
27.0,0.0,0.00029948659357614815,1,-0.0026556227821856737,-1,-0.0021829893812537193,-1,0.3333333333333333,0.6666666666666666,0.0,0.6666666666666666,False,True,-0.0015130418566210817,0.001296094163245841,False,True,False,-1
27.0,1.0,0.0001516951306257397,1,0.0007531873416155577,1,-0.0006140014156699181,-1,0.6666666666666666,0.3333333333333333,0.0,0.6666666666666666,False,True,9.696035219045977e-05,0.0005594927443614857,True,False,False,1
27.0,2.0,-0.0007417254964821041,-1,-0.0009496514103375375,-1,-0.00397728243842721,-1,0.0,1.0,0.0,1.0,True,False,-0.0018895531150822837,0.0014786860365605793,False,True,False,-1
27.0,3.0,-0.003850853769108653,-1,-0.003919484093785286,-1,-0.0038947046268731356,-1,0.0,1.0,0.0,1.0,True,False,-0.003888347496589025,2.837651840744244e-05,False,True,False,-1
27.0,4.0,0.002043763641268015,1,-0.00043035586713813245,-1,-0.00020406839030329138,-1,0.3333333333333333,0.6666666666666666,0.0,0.6666666666666666,False,True,0.0004697797946088637,0.0011168020915993497,False,True,False,-1
27.0,5.0,0.001775955781340599,1,-0.0019430496031418443,-1,0.00046786031452938914,1,0.6666666666666666,0.3333333333333333,0.0,0.6666666666666666,False,True,0.00010025549757604797,0.0015403679730371413,True,False,False,1
27.0,6.0,-0.0009077797876670957,-1,-0.0017954523209482431,-1,0.0005250707035884261,1,0.3333333333333333,0.6666666666666666,0.0,0.6666666666666666,False,True,-0.0007260538016756376,0.0009560247651393516,False,True,False,-1
27.0,7.0,-0.0009916702983900905,-1,-0.0027504179161041975,-1,0.00032278161961585283,1,0.3333333333333333,0.6666666666666666,0.0,0.6666666666666666,False,True,-0.0011397688649594784,0.0012589913252686092,False,True,False,-1
27.0,8.0,-0.0007284085149876773,-1,-0.0027504179161041975,-1,0.0002160405711038038,1,0.3333333333333333,0.6666666666666666,0.0,0.6666666666666666,False,True,-0.0010875952866626903,0.0012373978993010114,False,True,False,-1
27.0,9.0,-0.0007284085149876773,-1,-0.0027504179161041975,-1,0.0002160405711038038,1,0.3333333333333333,0.6666666666666666,0.0,0.6666666666666666,False,True,-0.0010875952866626903,0.0012373978993010114,False,True,False,-1
27.0,10.0,-0.0010539720533415675,-1,-0.0027504179161041975,-1,0.0002160405711038038,1,0.3333333333333333,0.6666666666666666,0.0,0.6666666666666666,False,True,-0.0011961164661139871,0.0012152154170197995,False,True,False,-1
28.0,-10.0,0.007570607587695122,1,0.008607394061982632,1,0.007181167136877775,1,1.0,0.0,0.0,1.0,True,False,0.00778638959551851,0.0006019148426196366,True,False,False,1
28.0,-9.0,0.0047346060164272785,1,0.007479165215045214,1,0.006555527914315462,1,1.0,0.0,0.0,1.0,True,False,0.0062564330485959845,0.0011402469331112434,True,False,False,1
28.0,-8.0,0.0011850552400574088,1,0.003963902126997709,1,0.0011877737706527114,1,1.0,0.0,0.0,1.0,True,False,0.0021122437125692763,0.0013093206916552473,True,False,False,1
28.0,-7.0,0.012368855066597462,1,0.013430281542241573,1,0.010840261355042458,1,1.0,0.0,0.0,1.0,True,False,0.012213132654627165,0.001063089285907545,True,False,False,1
28.0,-6.0,0.008563709445297718,1,0.015531426295638084,1,0.013913195580244064,1,1.0,0.0,0.0,1.0,True,False,0.012669443773726622,0.0029774103338069723,True,False,False,1
28.0,-5.0,0.005258745979517698,1,0.012880129739642143,1,0.007304856088012457,1,1.0,0.0,0.0,1.0,True,False,0.0084812439357241,0.003220692356306314,True,False,False,1
28.0,-4.0,0.0009745709248818457,1,0.004989327397197485,1,0.010613366030156612,1,1.0,0.0,0.0,1.0,True,False,0.005525754784078647,0.0039532609768320225,True,False,False,1
28.0,-3.0,-0.0008588971104472876,-1,0.0047844466753304005,1,0.003955910447984934,1,0.6666666666666666,0.3333333333333333,0.0,0.6666666666666666,False,True,0.002627153337622682,0.0024881089023423113,True,False,False,1
28.0,-2.0,0.002485251519829035,1,0.0055081406608223915,1,0.004275576211512089,1,1.0,0.0,0.0,1.0,True,False,0.004089656130721171,0.001241071955210458,True,False,False,1
28.0,-1.0,0.00941516738384962,1,0.0045627118088305,1,0.0075008319690823555,1,1.0,0.0,0.0,1.0,True,False,0.007159570387254159,0.001995649581348965,True,False,False,1
28.0,0.0,0.00029948659357614815,1,-0.0026556227821856737,-1,-0.0015476669650524855,-1,0.3333333333333333,0.6666666666666666,0.0,0.6666666666666666,False,True,-0.001301267717887337,0.0012189345887376457,False,True,False,-1
28.0,1.0,0.0001516951306257397,1,0.0007531873416155577,1,2.1320845917216502e-05,1,1.0,0.0,0.0,1.0,True,False,0.0003087344393861713,0.00031875084340114105,True,False,False,1
28.0,2.0,-0.0007417254964821041,-1,-0.0009496514103375375,-1,-0.002804503543302417,-1,0.0,1.0,0.0,1.0,True,False,-0.0014986268167073529,0.0009272877349956822,False,True,False,-1
28.0,3.0,-0.003850853769108653,-1,-0.003919484093785286,-1,-0.0027734595350921154,-1,0.0,1.0,0.0,1.0,True,False,-0.0035145991326620183,0.0005248132732574911,False,True,False,-1
28.0,4.0,0.002043763641268015,1,-0.00043035586713813245,-1,0.0009171764249913394,1,0.6666666666666666,0.3333333333333333,0.0,0.6666666666666666,False,True,0.0008435280663737407,0.0010113966897362836,True,False,False,1
28.0,5.0,0.001775955781340599,1,-0.0019430496031418443,-1,0.0008195852860808372,1,0.6666666666666666,0.3333333333333333,0.0,0.6666666666666666,False,True,0.000217497154759864,0.0015768392120231191,True,False,False,1
28.0,6.0,-0.0009077797876670957,-1,-0.0017954523209482431,-1,0.0005250707035884261,1,0.3333333333333333,0.6666666666666666,0.0,0.6666666666666666,False,True,-0.0007260538016756376,0.0009560247651393516,False,True,False,-1
28.0,7.0,-0.0009916702983900905,-1,-0.0027504179161041975,-1,0.00032278161961585283,1,0.3333333333333333,0.6666666666666666,0.0,0.6666666666666666,False,True,-0.0011397688649594784,0.0012589913252686092,False,True,False,-1
28.0,8.0,-0.0007284085149876773,-1,-0.0027504179161041975,-1,0.0002160405711038038,1,0.3333333333333333,0.6666666666666666,0.0,0.6666666666666666,False,True,-0.0010875952866626903,0.0012373978993010114,False,True,False,-1
28.0,9.0,-0.0007284085149876773,-1,-0.0027504179161041975,-1,0.0002160405711038038,1,0.3333333333333333,0.6666666666666666,0.0,0.6666666666666666,False,True,-0.0010875952866626903,0.0012373978993010114,False,True,False,-1
28.0,10.0,-0.0010539720533415675,-1,-0.0027504179161041975,-1,0.0002160405711038038,1,0.3333333333333333,0.6666666666666666,0.0,0.6666666666666666,False,True,-0.0011961164661139871,0.0012152154170197995,False,True,False,-1
29.0,-10.0,0.00835510715842247,1,0.010834981687366962,1,0.007077786605805159,1,1.0,0.0,0.0,1.0,True,False,0.008755958483864864,0.0015598376110052279,True,False,False,1
29.0,-9.0,0.006725536659359932,1,0.009706745855510235,1,0.006452149711549282,1,1.0,0.0,0.0,1.0,True,False,0.007628144075473149,0.001474024903857532,True,False,False,1
29.0,-8.0,0.0033360093366354704,1,0.006490692961961031,1,0.0018775847274810076,1,1.0,0.0,0.0,1.0,True,False,0.003901429008692503,0.0019252647350288673,True,False,False,1
29.0,-7.0,0.01410744059830904,1,0.015957070514559746,1,0.01153007335960865,1,1.0,0.0,0.0,1.0,True,False,0.013864861490825811,0.0018154355620670932,True,False,False,1
29.0,-6.0,0.011400524526834488,1,0.01805829629302025,1,0.014491754584014416,1,1.0,0.0,0.0,1.0,True,False,0.014650191801289717,0.002720331840850612,True,False,False,1
29.0,-5.0,0.012117546051740646,1,0.01638047583401203,1,0.014898707158863544,1,1.0,0.0,0.0,1.0,True,False,0.014465576348205408,0.001767077494339193,True,False,False,1
29.0,-4.0,0.007833370938897133,1,0.006987177766859531,1,0.014468338340520859,1,1.0,0.0,0.0,1.0,True,False,0.009762962348759174,0.0033450892503276305,True,False,False,1
29.0,-3.0,0.006683339364826679,1,0.006782297044992447,1,0.006096292287111282,1,1.0,0.0,0.0,1.0,True,False,0.006520642898976803,0.0003027685991632651,True,False,False,1
29.0,-2.0,0.009969297796487808,1,0.007505990099161863,1,0.006415958981961012,1,1.0,0.0,0.0,1.0,True,False,0.007963748959203562,0.0014863179478531684,True,False,False,1
29.0,-1.0,0.014851351268589497,1,0.00656056497246027,1,0.008651494979858398,1,1.0,0.0,0.0,1.0,True,False,0.010021137073636055,0.0035205325308165884,True,False,False,1
29.0,0.0,0.0017470434540882707,1,0.00021501969604287297,1,0.00034157701884396374,1,1.0,0.0,0.0,1.0,True,False,0.0007678800563250358,0.0006942981629569422,True,False,False,1
29.0,1.0,0.0020642648451030254,1,0.0022239245008677244,1,0.00011803885718109086,1,1.0,0.0,0.0,1.0,True,False,0.001468742734383947,0.0009573134367725291,True,False,False,1
29.0,2.0,-0.0002315419405931607,-1,0.0005211110110394657,1,-0.0007233000360429287,-1,0.3333333333333333,0.6666666666666666,0.0,0.6666666666666666,False,True,-0.0001445769885322079,0.0005117368403716883,False,True,False,-1
29.0,3.0,-0.0038038792554289103,-1,-0.0027925020549446344,-1,-0.0010216551600024104,-1,0.0,1.0,0.0,1.0,True,False,-0.0025393454901253185,0.0011498576474289585,False,True,False,-1
29.0,4.0,0.0016587685095146298,1,0.0006966216024011374,1,0.002668981673195958,1,1.0,0.0,0.0,1.0,True,False,0.0016747905950372417,0.0008052923248257152,True,False,False,1
29.0,5.0,0.001390960649587214,1,-0.0008160634315572679,-1,0.0017764951335266232,1,0.6666666666666666,0.3333333333333333,0.0,0.6666666666666666,False,True,0.0007837974505188564,0.0011421690887881274,True,False,False,1
29.0,6.0,-0.0012927752686664462,-1,-0.0007288478082045913,-1,0.0007520326180383563,1,0.3333333333333333,0.6666666666666666,0.0,0.6666666666666666,False,True,-0.0004231968196108937,0.0008623134459130928,False,True,False,-1
29.0,7.0,-0.0013766655465587974,-1,-0.001683813869021833,-1,0.0005497435922734439,1,0.3333333333333333,0.6666666666666666,0.0,0.6666666666666666,False,True,-0.0008369119411023954,0.0009884989290769243,False,True,False,-1
29.0,8.0,-0.0011134035885334015,-1,-0.001683813869021833,-1,0.0004430025292094797,1,0.3333333333333333,0.6666666666666666,0.0,0.6666666666666666,False,True,-0.0007847383094485849,0.0008988335578972444,False,True,False,-1
29.0,9.0,-0.0011134035885334015,-1,-0.001683813869021833,-1,0.0004430025292094797,1,0.3333333333333333,0.6666666666666666,0.0,0.6666666666666666,False,True,-0.0007847383094485849,0.0008988335578972444,False,True,False,-1
29.0,10.0,-0.0014389673015102744,-1,-0.001683813869021833,-1,0.0004430025292094797,1,0.3333333333333333,0.6666666666666666,0.0,0.6666666666666666,False,True,-0.0008932595471075425,0.0009501525185842034,False,True,False,-1
30.0,-10.0,0.00835510715842247,1,0.010772132314741611,1,0.007163654081523418,1,1.0,0.0,0.0,1.0,True,False,0.008763631184895834,0.0015012101118890453,True,False,False,1
30.0,-9.0,0.006725536659359932,1,0.009643894620239735,1,0.006538014858961105,1,1.0,0.0,0.0,1.0,True,False,0.007635815379520257,0.001421988697602197,True,False,False,1
30.0,-8.0,0.0033360093366354704,1,0.006655313540250063,1,0.001963450573384762,1,1.0,0.0,0.0,1.0,True,False,0.003984924483423431,0.0019696383214114293,True,False,False,1
30.0,-7.0,0.01410744059830904,1,0.016121691092848778,1,0.01161593571305275,1,1.0,0.0,0.0,1.0,True,False,0.013948355801403522,0.0018429033009710637,True,False,False,1
30.0,-6.0,0.011400524526834488,1,0.018222913146018982,1,0.014577621594071388,1,1.0,0.0,0.0,1.0,True,False,0.014733686422308287,0.002787413830148415,True,False,False,1
30.0,-5.0,0.012117546051740646,1,0.016545098274946213,1,0.01722855120897293,1,1.0,0.0,0.0,1.0,True,False,0.015297065178553263,0.002265507064151847,True,False,False,1
30.0,-4.0,0.007833370938897133,1,0.007151799742132425,1,0.01651626266539097,1,1.0,0.0,0.0,1.0,True,False,0.010500477782140175,0.004262893043089117,True,False,False,1
30.0,-3.0,0.006683339364826679,1,0.007965694181621075,1,0.007252356968820095,1,1.0,0.0,0.0,1.0,True,False,0.007300463505089283,0.0005246231334096321,True,False,False,1
30.0,-2.0,0.009969297796487808,1,0.00868938583880663,1,0.007572024594992399,1,1.0,0.0,0.0,1.0,True,False,0.008743569410095612,0.0009794323509735058,True,False,False,1
30.0,-1.0,0.014851351268589497,1,0.006497715599834919,1,0.009780782274901867,1,1.0,0.0,0.0,1.0,True,False,0.01037661638110876,0.0034362839359945905,True,False,False,1
30.0,0.0,0.0017470434540882707,1,0.00015217048348858953,1,0.0007658888935111463,1,1.0,0.0,0.0,1.0,True,False,0.0008883676103626689,0.0006568387550221436,True,False,False,1
30.0,1.0,0.0020642648451030254,1,0.0022239245008677244,1,0.00020390447753015906,1,1.0,0.0,0.0,1.0,True,False,0.0014973646078336362,0.0009169340699429601,True,False,False,1
30.0,2.0,-0.0002315419405931607,-1,0.0005211110110394657,1,-0.0006374343647621572,-1,0.3333333333333333,0.6666666666666666,0.0,0.6666666666666666,False,True,-0.00011595509810528408,0.0004799840869341877,False,True,False,-1
30.0,3.0,-0.0038038792554289103,-1,-0.0027925020549446344,-1,-0.000935789430513978,-1,0.0,1.0,0.0,1.0,True,False,-0.0025107235802958408,0.0011877244749314245,False,True,False,-1
30.0,4.0,0.0016587685095146298,1,0.0006966216024011374,1,0.0027548468206077814,1,1.0,0.0,0.0,1.0,True,False,0.001703412310841183,0.0008408597044942002,True,False,False,1
30.0,5.0,0.001390960649587214,1,-0.0008160634315572679,-1,0.0018623605137690902,1,0.6666666666666666,0.3333333333333333,0.0,0.6666666666666666,False,True,0.0008124192439330121,0.0011674819987953157,True,False,False,1
30.0,6.0,-0.0012927752686664462,-1,-0.0007288478082045913,-1,0.0008378984057344496,1,0.3333333333333333,0.6666666666666666,0.0,0.6666666666666666,False,True,-0.0003945748903788626,0.000901386474415959,False,True,False,-1
30.0,7.0,-0.0013766655465587974,-1,-0.001683813869021833,-1,0.0006356093217618763,1,0.3333333333333333,0.6666666666666666,0.0,0.6666666666666666,False,True,-0.000808290031272918,0.0010286622475392292,False,True,False,-1
30.0,8.0,-0.0011134035885334015,-1,-0.001683813869021833,-1,0.0005288682878017426,1,0.3333333333333333,0.6666666666666666,0.0,0.6666666666666666,False,True,-0.0007561163899178306,0.0009379876290947833,False,True,False,-1
30.0,9.0,-0.0011134035885334015,-1,-0.001683813869021833,-1,0.0005288682878017426,1,0.3333333333333333,0.6666666666666666,0.0,0.6666666666666666,False,True,-0.0007561163899178306,0.0009379876290947833,False,True,False,-1
30.0,10.0,-0.0014389673015102744,-1,-0.001683813869021833,-1,0.0005288682878017426,1,0.3333333333333333,0.6666666666666666,0.0,0.6666666666666666,False,True,-0.0008646376275767883,0.0009904145638912243,False,True,False,-1
