window,outer_fold,train_years,test_years,time_bin_left,time_bin_right,time_bin_mid,score_diff_cell,cate_value,tau_mean_ensemble,tau_catboost,tau_xgb,tau_lgbm,tau_catboost_raw,tau_xgb_raw,tau_lgbm_raw,tau_std_across_models,tau_sign_agree_ratio,n,shown_in_figure
30--300s,train2000_2009_test2010_2012,2000-2009,2010-2012,30,45,37.5,-10,0.015106857293674699,0.015106857293674699,0.022999196196892686,0.011284218419975768,0.011037157264155642,0.013880878,0.014697162,0.01197467,0.02291533737364284,0.8385964912280702,95,True
30--300s,train2000_2009_test2010_2012,2000-2009,2010-2012,30,45,37.5,-9,0.01840022465709824,0.01840022465709824,0.03093343744680138,0.011560430378750205,0.012706806145743143,0.017738806,0.015088806,0.013766218,0.02344295540176227,0.8508771929824562,76,True
30--300s,train2000_2009_test2010_2012,2000-2009,2010-2012,30,45,37.5,-8,0.011058599061399887,0.011058599061399887,0.020224451271721212,0.010128298628832336,0.002823047283646117,0.012531692,0.013058176,0.0031608602,0.022579919994038865,0.8627450980392157,119,True
30--300s,train2000_2009_test2010_2012,2000-2009,2010-2012,30,45,37.5,-7,0.02462127762498433,0.02462127762498433,0.03999739247520618,0.014811215033815061,0.019055225365931742,0.022146044,0.019698113,0.020578127,0.025740188370628362,0.8633879781420765,122,True
30--300s,train2000_2009_test2010_2012,2000-2009,2010-2012,30,45,37.5,-6,0.020277307765057484,0.020277307765057484,0.045518084509933464,0.009129452183075286,0.006184386602163707,0.024830414,0.011641906,0.0067676054,0.025367250999850974,0.8698412698412697,105,True
30--300s,train2000_2009_test2010_2012,2000-2009,2010-2012,30,45,37.5,-5,0.029194968973743,0.029194968973743,0.05307430977080107,0.01573927391121133,0.0187713232392166,0.028504537,0.021014014,0.020273495,0.022902912631710546,0.9287531806615776,131,True
30--300s,train2000_2009_test2010_2012,2000-2009,2010-2012,30,45,37.5,-4,0.01992133473322115,0.01992133473322115,0.028453134309576494,0.013582239420810506,0.017728630469276443,0.01653279,0.017955542,0.019154677,0.025487366565896376,0.90625,128,True
30--300s,train2000_2009_test2010_2012,2000-2009,2010-2012,30,45,37.5,-3,0.013059655326869502,0.013059655326869502,0.013113423606624435,0.01317635677623883,0.012889185597745236,0.009074042,0.017380038,0.013961912,0.022128526154990707,0.8564102564102564,130,True
30--300s,train2000_2009_test2010_2012,2000-2009,2010-2012,30,45,37.5,-2,0.013901374623124105,0.013901374623124105,0.016484157920931428,0.011911298667735847,0.013308667280705042,0.010713019,0.0155863045,0.014412019,0.019868063652626656,0.8721804511278195,133,True
30--300s,train2000_2009_test2010_2012,2000-2009,2010-2012,30,45,37.5,-1,0.016314312522758872,0.016314312522758872,0.02328754099093585,0.01208964520450201,0.01356575137283876,0.014021082,0.015839184,0.014687873,0.015941028915148633,0.888888888888889,102,True
30--300s,train2000_2009_test2010_2012,2000-2009,2010-2012,30,45,37.5,0,-0.010563184576981586,-0.010563184576981586,-0.020787951030120794,-0.00884511536105137,-0.0020564873397725903,-0.007410089,-0.013844351,-0.0020749222,0.009226318473982734,0.8285024154589372,138,True
30--300s,train2000_2009_test2010_2012,2000-2009,2010-2012,30,45,37.5,1,0.006963076456354796,0.006963076456354796,0.01370003484160283,0.0010035916328436916,0.006185602894617865,0.009359274,0.00012019491,0.006768911,0.008320453670412469,0.7966101694915254,118,True
30--300s,train2000_2009_test2010_2012,2000-2009,2010-2012,30,45,37.5,2,-0.0022723292623802903,-0.0022723292623802903,-0.003242007260703624,-0.004268856105414375,0.0006938755789771287,0.0011214123,-0.007355643,0.0008762407,0.006254488210943358,0.7647058823529411,119,True
30--300s,train2000_2009_test2010_2012,2000-2009,2010-2012,30,45,37.5,3,-0.007744608774878545,-0.007744608774878545,-0.017635411699637497,-0.0009038394873022727,-0.004694575137695864,-0.0058772056,-0.0025843643,-0.0049056127,0.00579053555926172,0.9243697478991597,119,True
30--300s,train2000_2009_test2010_2012,2000-2009,2010-2012,30,45,37.5,4,-0.0007003065459136729,-0.0007003065459136729,-0.005089244414491784,0.0029832557888517216,5.068987899043663e-06,0.00022321567,0.0029271736,0.0001371454,0.006723724490459648,0.7184466019417476,103,True
30--300s,train2000_2009_test2010_2012,2000-2009,2010-2012,30,45,37.5,5,-0.0031900969092360253,-0.0031900969092360253,-0.011122292229775992,0.0025266931485967395,-0.0009746916465288235,-0.0027102805,0.0022798106,-0.00091414613,0.005952608167130106,0.7269076305220883,83,True
30--300s,train2000_2009_test2010_2012,2000-2009,2010-2012,30,45,37.5,6,-0.007937994940822927,-0.007937994940822927,-0.019830956489522877,0.0006872030963055065,-0.004670231429251408,-0.0069447625,-0.00032841446,-0.0048794914,0.005393982232906607,0.7044025157232704,53,True
30--300s,train2000_2009_test2010_2012,2000-2009,2010-2012,30,45,37.5,7,-0.009109489508095448,-0.009109489508095448,-0.0217903579513421,-0.00047665789870586793,-0.005061452674238376,-0.007897498,-0.0019786605,-0.0052992757,0.005958619186119391,0.8857142857142857,35,True
30--300s,train2000_2009_test2010_2012,2000-2009,2010-2012,30,45,37.5,8,-0.009768095668500457,-0.009768095668500457,-0.022581331652540133,-0.0010022478018495513,-0.005720707551111687,-0.008282099,-0.002723898,-0.0060066613,0.0056752041069472944,0.9722222222222222,60,True
30--300s,train2000_2009_test2010_2012,2000-2009,2010-2012,30,45,37.5,9,-0.008248302112760694,-0.008248302112760694,-0.017441050625994447,-0.0006108926718764153,-0.006692963040411216,-0.0057826997,-0.0021689928,-0.0070499,0.0063120013554534855,0.9166666666666666,48,True
30--300s,train2000_2009_test2010_2012,2000-2009,2010-2012,30,45,37.5,10,-0.010210841726235386,-0.010210841726235386,-0.02264537210185104,-0.0009716494122112219,-0.007015503664643903,-0.008313238,-0.0026805124,-0.007395989,0.005453634822109872,0.9590643274853801,57,True
30--300s,train2000_2009_test2010_2012,2000-2009,2010-2012,45,60,52.5,-10,0.017496548721981003,0.017496548721981003,0.029033372294909786,0.010639064825310253,0.012817209045722972,0.016814923,0.013782395,0.01388468,0.02199969980596371,0.8498168498168498,91,True
30--300s,train2000_2009_test2010_2012,2000-2009,2010-2012,45,60,52.5,-9,0.02146457219759996,0.02146457219759996,0.03648232069462079,0.011945171526749692,0.0159662243714294,0.020436883,0.015634332,0.0172636,0.021462934616145894,0.8806584362139918,81,True
30--300s,train2000_2009_test2010_2012,2000-2009,2010-2012,45,60,52.5,-8,0.016443921588746524,0.016443921588746524,0.02658300229376523,0.010551722223142794,0.012197040249331544,0.0156234605,0.0136585515,0.0132192345,0.021251461597445575,0.9058823529411765,85,True
30--300s,train2000_2009_test2010_2012,2000-2009,2010-2012,45,60,52.5,-7,0.02204919395430049,0.02204919395430049,0.03578222442912303,0.01388736156284121,0.016477995870937224,0.02009647,0.018388176,0.017812736,0.024249771894590166,0.8674698795180723,83,True
30--300s,train2000_2009_test2010_2012,2000-2009,2010-2012,45,60,52.5,-6,0.029282401923623937,0.029282401923623937,0.05088822905932129,0.016377435486847225,0.020581541224703296,0.027441582,0.021918867,0.022215875,0.023937432846656632,0.9326599326599326,99,True
30--300s,train2000_2009_test2010_2012,2000-2009,2010-2012,45,60,52.5,-5,0.03135871805775007,0.03135871805775007,0.05457303009568125,0.021572920893142656,0.017930203184426313,0.029233271,0.02928558,0.019370968,0.02095383547862067,0.977961432506887,121,True
30--300s,train2000_2009_test2010_2012,2000-2009,2010-2012,45,60,52.5,-4,0.027763986360845407,0.027763986360845407,0.044049111876403056,0.018504905321909525,0.020737941884223638,0.024116144,0.02493542,0.022383694,0.019742911031389133,0.9415204678362573,114,True
30--300s,train2000_2009_test2010_2012,2000-2009,2010-2012,45,60,52.5,-3,0.030330896820106888,0.030330896820106888,0.04730283831521576,0.020598103412353727,0.02309174873275119,0.02569823,0.027903382,0.02490935,0.018380952780476852,0.9385964912280702,114,True
30--300s,train2000_2009_test2010_2012,2000-2009,2010-2012,45,60,52.5,-2,0.026073551164246225,0.026073551164246225,0.033468399250871354,0.018935464418303242,0.02581678982356407,0.0189714,0.025545914,0.027833343,0.0161962821130833,0.9180327868852459,122,True
30--300s,train2000_2009_test2010_2012,2000-2009,2010-2012,45,60,52.5,-1,0.030109065328810976,0.030109065328810976,0.04432727404416754,0.01918227269929714,0.026817649242968252,0.024251396,0.025895866,0.028907271,0.013849899285821058,0.9707602339181287,114,True
30--300s,train2000_2009_test2010_2012,2000-2009,2010-2012,45,60,52.5,0,0.0024828996586829894,0.0024828996586829894,0.003275261111293703,0.0021970274232870576,0.0019764104414682084,0.0042903544,0.0018123753,0.0022524116,0.007739709110595131,0.7385057471264367,116,True
30--300s,train2000_2009_test2010_2012,2000-2009,2010-2012,45,60,52.5,1,0.012035356247182466,0.012035356247182466,0.018413758886973504,0.0075365253154091785,0.010155784539164714,0.011651265,0.0093832845,0.011028949,0.00650272229280556,0.9492063492063493,105,True
30--300s,train2000_2009_test2010_2012,2000-2009,2010-2012,45,60,52.5,2,-0.0018856577587854804,-0.0018856577587854804,-0.004044515161158079,-0.004097556001191822,0.00248509788599346,0.00073120254,-0.0071127554,0.0027982376,0.005301624458369461,0.723404255319149,94,True
30--300s,train2000_2009_test2010_2012,2000-2009,2010-2012,45,60,52.5,3,-0.008344435704803792,-0.008344435704803792,-0.021350031136101878,-0.0010458352338868287,-0.0026374407444226746,-0.007683394,-0.0027857008,-0.0026982902,0.006119491794711258,0.9233333333333333,100,True
30--300s,train2000_2009_test2010_2012,2000-2009,2010-2012,45,60,52.5,4,0.0005879355173420086,0.0005879355173420086,-0.003731245943988599,0.002821507222653978,0.0026735452733606464,0.0008835258,0.0026978292,0.0030004433,0.005262297306199412,0.7986798679867987,101,True
30--300s,train2000_2009_test2010_2012,2000-2009,2010-2012,45,60,52.5,5,-0.0023819407311609984,-0.0023819407311609984,-0.010013087178663284,0.0022079449585082752,0.000659320026672014,-0.002170943,0.0018278554,0.0008391623,0.005967678496598137,0.7051282051282052,78,True
30--300s,train2000_2009_test2010_2012,2000-2009,2010-2012,45,60,52.5,6,-0.006814115125476955,-0.006814115125476955,-0.017766136242007024,0.0002423346039643503,-0.002918543738388191,-0.0059407684,-0.00095919636,-0.002999916,0.00582979172482943,0.78743961352657,69,True
30--300s,train2000_2009_test2010_2012,2000-2009,2010-2012,45,60,52.5,7,-0.008625457470259307,-0.008625457470259307,-0.02146575315708846,-0.0006168379525570117,-0.00379378130113245,-0.0077396627,-0.0021774226,-0.0039390535,0.006558775003824486,0.912568306010929,61,True
30--300s,train2000_2009_test2010_2012,2000-2009,2010-2012,45,60,52.5,8,-0.009708825656252898,-0.009708825656252898,-0.022723692257699553,-0.001147598521587772,-0.005255186189471374,-0.00835132,-0.0029299916,-0.0055071535,0.004734019182559651,0.9883040935672515,57,True
30--300s,train2000_2009_test2010_2012,2000-2009,2010-2012,45,60,52.5,9,-0.008080351900212165,-0.008080351900212165,-0.018669546614470612,-0.0008905347624683237,-0.004680974323697559,-0.006380041,-0.0025654994,-0.004891019,0.0063935058169854305,0.9191919191919191,66,True
30--300s,train2000_2009_test2010_2012,2000-2009,2010-2012,45,60,52.5,10,-0.010483141218064547,-0.010483141218064547,-0.024890350254316712,-0.0010741984636701946,-0.005484874936206731,-0.009404832,-0.0028259172,-0.005753611,0.007677517428853344,0.9666666666666667,50,True
30--300s,train2000_2009_test2010_2012,2000-2009,2010-2012,60,75,67.5,-10,0.010558855057330773,0.010558855057330773,0.017840298319344323,0.0066217433721021315,0.007214523480545865,0.011372427,0.008086208,0.007872951,0.012093187242933054,0.9005847953216375,57,True
30--300s,train2000_2009_test2010_2012,2000-2009,2010-2012,60,75,67.5,-9,0.009130423611970938,0.009130423611970938,0.016552073542288968,0.005638556104002024,0.0052006411896218215,0.010746044,0.0066921413,0.005712039,0.013598943874618505,0.8535353535353535,66,True
30--300s,train2000_2009_test2010_2012,2000-2009,2010-2012,60,75,67.5,-8,0.001340376883385309,0.001340376883385309,-0.00254210998978896,0.0034777982676968294,0.0030854423722480578,0.0014617287,0.0036283887,0.0034424122,0.014336723082732795,0.975,80,True
30--300s,train2000_2009_test2010_2012,2000-2009,2010-2012,60,75,67.5,-7,0.01686578630917056,0.01686578630917056,0.02869888359728158,0.01077111711317796,0.011127358217052142,0.016652282,0.013969634,0.012071457,0.016360925512296624,0.9027777777777778,72,True
30--300s,train2000_2009_test2010_2012,2000-2009,2010-2012,60,75,67.5,-6,0.02079559307640352,0.02079559307640352,0.03573815198439313,0.013146742515657244,0.013501884729160179,0.020075042,0.017338047,0.014619344,0.01618457961579997,0.928888888888889,75,True
30--300s,train2000_2009_test2010_2012,2000-2009,2010-2012,60,75,67.5,-5,0.021242104261242564,0.021242104261242564,0.03230853171942882,0.017108683059774046,0.014309098004524822,0.018407429,0.022955708,0.015485491,0.013909618333478084,0.9528619528619529,99,True
30--300s,train2000_2009_test2010_2012,2000-2009,2010-2012,60,75,67.5,-4,0.013736788363755359,0.013736788363755359,0.01745889498233974,0.011268000761211256,0.012483469347715078,0.011186974,0.014674167,0.013526576,0.013229457702075908,0.8775510204081632,98,True
30--300s,train2000_2009_test2010_2012,2000-2009,2010-2012,60,75,67.5,-3,0.015617147334461899,0.015617147334461899,0.0169374805506129,0.013348088742524078,0.01656587271024872,0.010933443,0.017623538,0.017907029,0.010180413757548436,0.8958333333333333,112,True
30--300s,train2000_2009_test2010_2012,2000-2009,2010-2012,60,75,67.5,-2,0.014050094454941611,0.014050094454941611,0.012787805137573403,0.01337210283484634,0.015990375392405092,0.008915713,0.01765759,0.017289516,0.0113768647543532,0.8879310344827587,116,True
30--300s,train2000_2009_test2010_2012,2000-2009,2010-2012,60,75,67.5,-1,0.016606965955478583,0.016606965955478583,0.018615225057811356,0.013651970168599467,0.01755370264002493,0.011749226,0.018054413,0.018966978,0.00925913076307807,0.9136904761904762,112,True
30--300s,train2000_2009_test2010_2012,2000-2009,2010-2012,60,75,67.5,0,-0.00026454676911460013,-0.00026454676911460013,-0.004151202410076933,0.0032311888773305375,0.00012637322540259485,0.0006793271,0.0032787195,0.00026730588,0.006641033911545883,0.7426900584795321,114,True
30--300s,train2000_2009_test2010_2012,2000-2009,2010-2012,60,75,67.5,1,0.006927718460513644,0.006927718460513644,0.0058088199326529364,0.007666139525545737,0.0073081959233422585,0.005522267,0.009567065,0.007973462,0.006549809253531033,0.878136200716846,93,True
30--300s,train2000_2009_test2010_2012,2000-2009,2010-2012,60,75,67.5,2,-0.0021394176053075825,-0.0021394176053075825,-0.004010769018545767,-0.0035395699492209135,0.0011320861518439335,0.00074761116,-0.0063215834,0.0013464444,0.005274316255827979,0.7363636363636363,110,True
30--300s,train2000_2009_test2010_2012,2000-2009,2010-2012,60,75,67.5,3,-0.00829389775401326,-0.00829389775401326,-0.018684791617284632,-0.0013600594649815865,-0.004836842179773558,-0.0063874535,-0.0032312414,-0.005058266,0.0051670077568426115,0.9882005899705015,113,True
30--300s,train2000_2009_test2010_2012,2000-2009,2010-2012,60,75,67.5,4,-0.0004277345281123897,-0.0004277345281123897,-0.004880722106075343,0.0026812164678639695,0.0009163020538742044,0.00032460707,0.00249891,0.0011149063,0.004385783566820109,0.7836879432624114,94,True
30--300s,train2000_2009_test2010_2012,2000-2009,2010-2012,60,75,67.5,5,-0.0015856523626879297,-0.0015856523626879297,-0.005424949538913501,0.002047629252021922,-0.0013796368011722107,5.9983115e-05,0.0016005427,-0.0013486557,0.00441002612933842,0.6821705426356589,86,True
30--300s,train2000_2009_test2010_2012,2000-2009,2010-2012,60,75,67.5,6,-0.006348284676006394,-0.006348284676006394,-0.01393042219954141,-2.022685470568109e-05,-0.005094204973772094,-0.0040756995,-0.0013314841,-0.005334419,0.0040806916242316325,0.9240506329113924,79,True
30--300s,train2000_2009_test2010_2012,2000-2009,2010-2012,60,75,67.5,7,-0.007543115880446089,-0.007543115880446089,-0.016843956835578135,-0.0007068535390507019,-0.00507853726670943,-0.00549237,-0.0023050567,-0.0053176074,0.004377828012819159,0.9747474747474747,66,True
30--300s,train2000_2009_test2010_2012,2000-2009,2010-2012,60,75,67.5,8,-0.008600341168009814,-0.008600341168009814,-0.01743964791813436,-0.0013347070808756862,-0.007026668505019392,-0.0057820175,-0.003195294,-0.0074079684,0.005842316406255579,0.9565217391304348,69,True
30--300s,train2000_2009_test2010_2012,2000-2009,2010-2012,60,75,67.5,9,-0.008258792933212012,-0.008258792933212012,-0.016814256362411156,-0.0012585394589988423,-0.006703582978226041,-0.005477929,-0.0030872955,-0.007061295,0.0044437232925798025,0.9682539682539683,63,True
30--300s,train2000_2009_test2010_2012,2000-2009,2010-2012,60,75,67.5,10,-0.01034723651124459,-0.01034723651124459,-0.023319879313708793,-0.0012709057804218304,-0.0064509244396031475,-0.008641209,-0.0031048297,-0.0067901905,0.005333001071773545,0.9766081871345029,57,True
30--300s,train2000_2009_test2010_2012,2000-2009,2010-2012,75,90,82.5,-10,-0.0008070219631859744,-0.0008070219631859744,-0.0013280742486791578,-0.0005031763314000101,-0.0005898153094787553,0.002052039,-0.0020162612,-0.0005011705,0.005671651142834468,0.7419354838709677,62,True
30--300s,train2000_2009_test2010_2012,2000-2009,2010-2012,75,90,82.5,-9,0.00038664085641327314,0.00038664085641327314,0.0024083269283330295,-0.0004442413551241195,-0.0008041630039690905,0.0038688187,-0.0019326969,-0.00073116744,0.005891304570249401,0.7490196078431373,85,True
30--300s,train2000_2009_test2010_2012,2000-2009,2010-2012,75,90,82.5,-8,-0.003788590764681269,-0.003788590764681269,-0.003737696816792208,-0.0025980161977755406,-0.0050300592794760585,0.00088038924,-0.0049865483,-0.0052655903,0.0063527311209701075,0.8577235772357723,82,True
30--300s,train2000_2009_test2010_2012,2000-2009,2010-2012,75,90,82.5,-7,0.0064091773129741824,0.0064091773129741824,0.009625989684142711,0.005188515153203689,0.004413027101576149,0.0073783193,0.006054025,0.004866922,0.008741347247805389,0.89,100,True
30--300s,train2000_2009_test2010_2012,2000-2009,2010-2012,75,90,82.5,-6,0.011708399731828436,0.011708399731828436,0.01896462407196003,0.006591263744739876,0.009569311378785398,0.0119191175,0.008042992,0.010399659,0.006854805867472815,0.9570957095709571,101,True
30--300s,train2000_2009_test2010_2012,2000-2009,2010-2012,75,90,82.5,-5,0.009267436066375126,0.009267436066375126,0.011154145676526159,0.007042224272442084,0.009605938250157136,0.008121367,0.008682412,0.01043896,0.008252898138543794,0.8565891472868218,86,True
30--300s,train2000_2009_test2010_2012,2000-2009,2010-2012,75,90,82.5,-4,0.004159871703025332,0.004159871703025332,0.0031111667287826374,0.0058145597492651885,0.003553888631028169,0.004210566,0.006941698,0.003945059,0.00867723088632282,0.7359735973597359,101,True
30--300s,train2000_2009_test2010_2012,2000-2009,2010-2012,75,90,82.5,-3,0.0027334883622680325,0.0027334883622680325,-0.0005550909847870351,0.0061044683729590985,0.0026510876986320345,0.0024278925,0.0073527615,0.002976346,0.006761931426316827,0.704861111111111,96,True
30--300s,train2000_2009_test2010_2012,2000-2009,2010-2012,75,90,82.5,-2,-0.00016177658982580308,-0.00016177658982580308,-0.009620669449854421,0.005455357380156478,0.003679982300220533,-0.0019801348,0.006432383,0.004080359,0.007954284751019905,0.6967418546365914,133,True
30--300s,train2000_2009_test2010_2012,2000-2009,2010-2012,75,90,82.5,-1,0.005083266637352036,0.005083266637352036,0.005213705688256339,0.006521966743177966,0.0035141274806218038,0.0052329,0.007944735,0.0039023953,0.006679028367909784,0.7227722772277227,101,True
30--300s,train2000_2009_test2010_2012,2000-2009,2010-2012,75,90,82.5,0,-0.007583815198883304,-0.007583815198883304,-0.01473507214186453,-0.002382981395069679,-0.005633392059715701,-0.004466951,-0.0046816487,-0.0059129717,0.006321173318634815,0.8608695652173913,115,True
30--300s,train2000_2009_test2010_2012,2000-2009,2010-2012,75,90,82.5,1,-0.0003461758232245009,-0.0003461758232245009,-0.004153371403226362,0.0010186164485743554,0.002096227484978505,0.0006782725,0.00014149869,0.0023809762,0.004480339358114358,0.7689768976897691,101,True
30--300s,train2000_2009_test2010_2012,2000-2009,2010-2012,75,90,82.5,2,-0.004735424062279567,-0.004735424062279567,-0.011522908951102523,-0.002844930840167479,0.00016156760443129974,-0.0029050754,-0.0053366506,0.00030506976,0.004553564185617464,0.8148148148148148,117,True
30--300s,train2000_2009_test2010_2012,2000-2009,2010-2012,75,90,82.5,3,-0.009306093007380209,-0.009306093007380209,-0.021696780828795472,-0.0013894648204441954,-0.004832033372900957,-0.007851997,-0.0032729353,-0.0050531067,0.004081096372991699,0.9969969969969971,111,True
30--300s,train2000_2009_test2010_2012,2000-2009,2010-2012,75,90,82.5,4,-0.000443463641771,-0.000443463641771,-0.004813417738952151,0.00267146131556969,0.0008115654980694609,0.00035733302,0.0024850783,0.0010025231,0.004602004032134317,0.7624521072796935,87,True
30--300s,train2000_2009_test2010_2012,2000-2009,2010-2012,75,90,82.5,5,-0.00058415933287992,-0.00058415933287992,-0.0023514473991064094,0.0020530671201049607,-0.0014540977196383115,0.001554436,0.0016082531,-0.0014285529,0.0035654089765570873,0.6865079365079365,84,True
30--300s,train2000_2009_test2010_2012,2000-2009,2010-2012,75,90,82.5,6,-0.005371748274380728,-0.005371748274380728,-0.011465864219675543,0.0001215425432621751,-0.004770923146728816,-0.002877338,-0.0011304682,-0.0049875346,0.004669419868659327,0.8533333333333334,75,True
30--300s,train2000_2009_test2010_2012,2000-2009,2010-2012,75,90,82.5,7,-0.0067179967819836215,-0.0067179967819836215,-0.013814428760559685,-0.0008503813938913273,-0.005489180191499854,-0.004019299,-0.0025085656,-0.005758231,0.004322079492549233,0.9615384615384616,78,True
30--300s,train2000_2009_test2010_2012,2000-2009,2010-2012,75,90,82.5,8,-0.00718922198714162,-0.00718922198714162,-0.013318812534717745,-0.0013754329156966127,-0.0068734205110105,-0.003778312,-0.0032530394,-0.007243532,0.004437997532999603,0.9604519774011299,59,True
30--300s,train2000_2009_test2010_2012,2000-2009,2010-2012,75,90,82.5,9,-0.007864452587851619,-0.007864452587851619,-0.015464316843962917,-0.0012861312946717224,-0.006842909624920216,-0.004821537,-0.003126418,-0.007210794,0.004302648563969563,0.9629629629629629,63,True
30--300s,train2000_2009_test2010_2012,2000-2009,2010-2012,75,90,82.5,10,-0.00978222029240242,-0.00978222029240242,-0.02081374471750871,-0.0012816471254017223,-0.007251269034296824,-0.0074226316,-0.00312006,-0.007648967,0.005769346725778174,0.9863945578231293,49,True
30--300s,train2000_2009_test2010_2012,2000-2009,2010-2012,90,105,97.5,-10,-0.0010970661937152058,-0.0010970661937152058,-0.0022088802245437047,-0.0003649367191577842,-0.0007173816374441284,0.0016237578,-0.0018202504,-0.0006380503,0.005072735013558661,0.7384615384615385,65,True
30--300s,train2000_2009_test2010_2012,2000-2009,2010-2012,90,105,97.5,-9,0.0004867389033601595,0.0004867389033601595,0.0022519019274111905,-0.0005819367987254954,-0.0002097484186052164,0.0037927588,-0.002127936,-9.3355506e-05,0.004352955702549095,0.7032520325203252,82,True
30--300s,train2000_2009_test2010_2012,2000-2009,2010-2012,90,105,97.5,-8,-0.004204498618465788,-0.004204498618465788,-0.006578388001115989,-0.0021264910009241756,-0.0039086168533571984,-0.00050086237,-0.0043179695,-0.0040622726,0.0061962144978784245,0.8215962441314554,71,True
30--300s,train2000_2009_test2010_2012,2000-2009,2010-2012,90,105,97.5,-7,0.00602775721354593,0.00602775721354593,0.0077466249131450515,0.005213701984281857,0.005122944743210884,0.0064645014,0.006089738,0.0056286696,0.007013395286857261,0.8737373737373737,66,True
30--300s,train2000_2009_test2010_2012,2000-2009,2010-2012,90,105,97.5,-6,0.00995306290476825,0.00995306290476825,0.013148925601405315,0.006743925502153635,0.009966337610745803,0.009091304,0.008259452,0.010825671,0.005308569277562252,0.9180327868852459,61,True
30--300s,train2000_2009_test2010_2012,2000-2009,2010-2012,90,105,97.5,-5,0.009946304124751065,0.009946304124751065,0.012809075608074368,0.007608892658621812,0.00942094410755701,0.008926056,0.009485894,0.01024046,0.006392621995775716,0.9047619047619048,98,True
30--300s,train2000_2009_test2010_2012,2000-2009,2010-2012,90,105,97.5,-4,0.004380772033306683,0.004380772033306683,0.0021380956828733868,0.007310147226890135,0.003694073190156527,0.003737422,0.009062301,0.0040954784,0.00754985018239634,0.7147435897435896,104,True
30--300s,train2000_2009_test2010_2012,2000-2009,2010-2012,90,105,97.5,-3,0.004320164206250245,0.004320164206250245,0.001804774768702123,0.007920510530957036,0.0032352073190915777,0.0035753488,0.009927739,0.0036031115,0.006398915530987618,0.7146892655367231,118,True
30--300s,train2000_2009_test2010_2012,2000-2009,2010-2012,90,105,97.5,-2,0.0023327900119054067,0.0023327900119054067,-0.005361348043286443,0.007206322538390249,0.005153395540612412,9.0908565e-05,0.008915087,0.0056613437,0.007451349570269308,0.7181571815718156,123,True
30--300s,train2000_2009_test2010_2012,2000-2009,2010-2012,90,105,97.5,-1,0.005537822733231514,0.005537822733231514,0.0018141568478251425,0.007888373817329344,0.006910937534540057,0.0035799106,0.009882173,0.0075472016,0.00584075347215265,0.7570093457943925,107,True
30--300s,train2000_2009_test2010_2012,2000-2009,2010-2012,90,105,97.5,0,-0.006068358370503728,-0.006068358370503728,-0.01365722165041914,-0.001297777258475449,-0.0032500762026165956,-0.003942859,-0.003142931,-0.0033556533,0.005826387927448744,0.8259587020648967,113,True
30--300s,train2000_2009_test2010_2012,2000-2009,2010-2012,90,105,97.5,1,-0.0014576261835342011,-0.0014576261835342011,-0.006702162095276157,0.0009628545388110807,0.0013664290058624721,-0.00056104595,6.243352e-05,0.0015978963,0.0053398678405710415,0.7640449438202247,89,True
30--300s,train2000_2009_test2010_2012,2000-2009,2010-2012,90,105,97.5,2,-0.005070167776786686,-0.005070167776786686,-0.01224713426190754,-0.002630590121533921,-0.00033277894691859425,-0.0032572213,-0.005032735,-0.0002253683,0.004747084631420616,0.8238993710691823,106,True
30--300s,train2000_2009_test2010_2012,2000-2009,2010-2012,90,105,97.5,3,-0.009129066566460373,-0.009129066566460373,-0.020496303938469282,-0.0013952202618042362,-0.005495675499107601,-0.00726828,-0.003281096,-0.0057652,0.005150947599455346,0.9756944444444445,96,True
30--300s,train2000_2009_test2010_2012,2000-2009,2010-2012,90,105,97.5,4,-0.0011477991890380802,-0.0011477991890380802,-0.006392194703894032,0.0027366598500220152,0.00021213728675777564,-0.0004103281,0.0025775237,0.00035933146,0.004570076596413278,0.7403508771929824,95,True
30--300s,train2000_2009_test2010_2012,2000-2009,2010-2012,90,105,97.5,5,-0.0009928077984667353,-0.0009928077984667353,-0.0033775153454779125,0.0021280521590024653,-0.0017289602089247582,0.001055523,0.0017145749,-0.0017234827,0.004306001465296247,0.6937984496124031,86,True
30--300s,train2000_2009_test2010_2012,2000-2009,2010-2012,90,105,97.5,6,-0.005769589485663603,-0.005769589485663603,-0.011993188476706563,5.50465506404737e-05,-0.005370626530924722,-0.0031337433,-0.0012247533,-0.0056310217,0.0033016232374398348,0.9017094017094016,78,True
30--300s,train2000_2009_test2010_2012,2000-2009,2010-2012,90,105,97.5,7,-0.006450315762039151,-0.006450315762039151,-0.01307338804601013,-0.0006815588604430275,-0.005596000379664296,-0.003658977,-0.002269191,-0.00587285,0.004891017920184446,0.9402985074626866,67,True
30--300s,train2000_2009_test2010_2012,2000-2009,2010-2012,90,105,97.5,8,-0.008156529133226627,-0.008156529133226627,-0.015782154632528224,-0.0013721105325154898,-0.007315322234636168,-0.004976082,-0.0032483288,-0.007717697,0.004897055019925922,0.9655172413793104,58,True
30--300s,train2000_2009_test2010_2012,2000-2009,2010-2012,90,105,97.5,9,-0.007399825351432314,-0.007399825351432314,-0.013366889360745968,-0.0014134969343477324,-0.007419089759203242,-0.0038016886,-0.0033070107,-0.00782904,0.004325705198567649,0.9629629629629629,72,True
30--300s,train2000_2009_test2010_2012,2000-2009,2010-2012,90,105,97.5,10,-0.009363279409502885,-0.009363279409502885,-0.01999049762174907,-0.0011905016259151579,-0.0069088389808444305,-0.007022337,-0.0029908242,-0.0072815367,0.003925142751987677,0.9807692307692307,52,True
30--300s,train2000_2009_test2010_2012,2000-2009,2010-2012,105,120,112.5,-10,0.0007483835448768845,0.0007483835448768845,0.0023020942176090117,-0.00017344740308183472,0.00011650382010347677,0.0038171643,-0.0015487365,0.00025671592,0.005942833678047781,0.7077625570776256,73,True
30--300s,train2000_2009_test2010_2012,2000-2009,2010-2012,105,120,112.5,-9,0.0004462028253357284,0.0004462028253357284,0.0013345273957355575,-0.00012768866874129762,0.000131769749012926,0.0033466965,-0.0014838548,0.0002730964,0.006514276158496695,0.6851851851851851,72,True
30--300s,train2000_2009_test2010_2012,2000-2009,2010-2012,105,120,112.5,-8,-0.002364627698361935,-0.002364627698361935,-0.0029975021947350484,-0.00086017986907256,-0.0032362010312781964,0.0012402999,-0.0025224588,-0.003340765,0.006158674364553073,0.7099567099567099,77,True
30--300s,train2000_2009_test2010_2012,2000-2009,2010-2012,105,120,112.5,-7,0.0078673432886566,0.0078673432886566,0.01220692332975116,0.0066685826149807245,0.004726523921237912,0.008633267,0.008152623,0.0052033067,0.007249424488831471,0.8917748917748919,77,True
30--300s,train2000_2009_test2010_2012,2000-2009,2010-2012,105,120,112.5,-6,0.012078432491450615,0.012078432491450615,0.01769967549859386,0.007916917785252496,0.010618704190505493,0.011304051,0.009922645,0.011525666,0.006324704922724072,0.9494949494949495,66,True
30--300s,train2000_2009_test2010_2012,2000-2009,2010-2012,105,120,112.5,-5,0.012871910109534115,0.012871910109534115,0.018164477734587993,0.00838390360903504,0.01206734898497931,0.011530056,0.010584787,0.013080074,0.00667218924190851,0.9418604651162791,86,True
30--300s,train2000_2009_test2010_2012,2000-2009,2010-2012,105,120,112.5,-4,0.010716931261645872,0.010716931261645872,0.012300437770778418,0.009793739500855284,0.01005661651330392,0.008678737,0.012583803,0.010922541,0.006982607986387091,0.8819444444444445,96,True
30--300s,train2000_2009_test2010_2012,2000-2009,2010-2012,105,120,112.5,-3,0.011242661546098012,0.011242661546098012,0.012723752098578978,0.01009081560804422,0.01091341693167084,0.008884569,0.013005029,0.011841896,0.005736265787249852,0.9195402298850575,87,True
30--300s,train2000_2009_test2010_2012,2000-2009,2010-2012,105,120,112.5,-2,0.008703722435219316,0.008703722435219316,0.005778053079857174,0.009730088150359405,0.01060302607544137,0.0055073067,0.012493552,0.011508844,0.006513692219441079,0.8692307692307693,130,True
30--300s,train2000_2009_test2010_2012,2000-2009,2010-2012,105,120,112.5,-1,0.01072018720659246,0.01072018720659246,0.010845269858488965,0.010237102449133237,0.011078189312155172,0.00797118,0.013212451,0.012018698,0.0064897895367697165,0.9084967320261438,102,True
30--300s,train2000_2009_test2010_2012,2000-2009,2010-2012,105,120,112.5,0,-0.0018666913423707136,-0.0018666913423707136,-0.006340331848453084,0.0016344197011437874,-0.0008941618798028432,-0.00038511038,0.0010146501,-0.00082773704,0.006140792128732999,0.7452830188679245,106,True
30--300s,train2000_2009_test2010_2012,2000-2009,2010-2012,105,120,112.5,1,0.0010928658699290174,0.0010928658699290174,-0.001622355589050735,0.0020583967730016923,0.002842556425836095,0.0019089482,0.0016158101,0.0031817935,0.004799186104126018,0.8333333333333334,102,True
30--300s,train2000_2009_test2010_2012,2000-2009,2010-2012,105,120,112.5,2,-0.0028509811074238457,-0.0028509811074238457,-0.007583580207773115,-0.0013536557149955249,0.00038429260049710245,-0.0009896248,-0.0032221617,0.0005440556,0.0049213196720812825,0.7671957671957671,126,True
30--300s,train2000_2009_test2010_2012,2000-2009,2010-2012,105,120,112.5,3,-0.008368866868446678,-0.008368866868446678,-0.01941254189753199,-0.0013796766038894326,-0.004314382103918611,-0.0067413133,-0.0032590565,-0.0044976627,0.004324153875382115,0.9968553459119497,106,True
30--300s,train2000_2009_test2010_2012,2000-2009,2010-2012,105,120,112.5,4,-0.0006694889586371085,-0.0006694889586371085,-0.005965244843040317,0.0026876585833253723,0.001269119383803619,-0.00020272889,0.0025080445,0.0014934823,0.004221680092533436,0.7642276422764227,82,True
30--300s,train2000_2009_test2010_2012,2000-2009,2010-2012,105,120,112.5,5,-0.0014088243675910354,-0.0014088243675910354,-0.005679523351135775,0.002139355106554452,-0.000686304858191783,-6.3800304e-05,0.0017306013,-0.0006047046,0.004482625281076426,0.6819923371647509,87,True
30--300s,train2000_2009_test2010_2012,2000-2009,2010-2012,105,120,112.5,6,-0.006711658564228516,-0.006711658564228516,-0.01526257190535552,0.00013448565166784775,-0.005006889438997875,-0.004723441,-0.0011121162,-0.0052407286,0.004128111630510643,0.8735632183908045,58,True
30--300s,train2000_2009_test2010_2012,2000-2009,2010-2012,105,120,112.5,7,-0.007841803483153923,-0.007841803483153923,-0.017046655119236313,-0.0008697900064993096,-0.005608965323726147,-0.0055909296,-0.0025360852,-0.0058867615,0.004048986324458937,0.984375,64,True
30--300s,train2000_2009_test2010_2012,2000-2009,2010-2012,105,120,112.5,8,-0.009327524714640108,-0.009327524714640108,-0.019242619379273164,-0.0014105404758659253,-0.007329414288781232,-0.006658691,-0.0033028186,-0.0077328174,0.004187749552208676,0.9908675799086757,73,True
30--300s,train2000_2009_test2010_2012,2000-2009,2010-2012,105,120,112.5,9,-0.008997703256701607,-0.008997703256701607,-0.018534096150218053,-0.0013478670023360584,-0.007111146617550712,-0.00631418,-0.0032139535,-0.007498615,0.004279160305630123,0.9822222222222223,75,True
30--300s,train2000_2009_test2010_2012,2000-2009,2010-2012,105,120,112.5,10,-0.010352049567265,-0.010352049567265,-0.022647874167104665,-0.0013511023483730156,-0.007057172186317314,-0.008314454,-0.003218541,-0.0074406997,0.0046457187287287935,0.9931972789115646,49,True
30--300s,train2000_2009_test2010_2012,2000-2009,2010-2012,120,135,127.5,-10,0.0014602769797302658,0.0014602769797302658,0.004490905498112953,0.0002563483765900008,-0.0003664229355121561,0.0048814467,-0.0009393262,-0.00026146858,0.005290095182940087,0.6797385620915032,51,True
30--300s,train2000_2009_test2010_2012,2000-2009,2010-2012,120,135,127.5,-9,0.0011128991117349393,0.0011128991117349393,0.0032065375321317863,-6.174978725785982e-05,0.00019390959033089165,0.0042569386,-0.0013903597,0.000339773,0.004869374961267355,0.6981981981981982,74,True
30--300s,train2000_2009_test2010_2012,2000-2009,2010-2012,120,135,127.5,-8,-0.00235081360822439,-0.00235081360822439,-0.0032439168346028347,-0.0011490536750817406,-0.0026594703149885957,0.0011204837,-0.0029320547,-0.002721928,0.005618385995391267,0.7055555555555555,60,True
30--300s,train2000_2009_test2010_2012,2000-2009,2010-2012,120,135,127.5,-7,0.004616566442016056,0.004616566442016056,0.0039914911040466955,0.005703984961070639,0.004154223260930831,0.0046386127,0.0067849136,0.0045892233,0.00817203366754905,0.8524590163934426,61,True
30--300s,train2000_2009_test2010_2012,2000-2009,2010-2012,120,135,127.5,-6,0.010668124724372159,0.010668124724372159,0.013839865899995226,0.008079784896344694,0.010084723376776553,0.009427265,0.010153576,0.010952701,0.005462532173675795,0.9218106995884774,81,True
30--300s,train2000_2009_test2010_2012,2000-2009,2010-2012,120,135,127.5,-5,0.01088971847371172,0.01088971847371172,0.015301744382295085,0.006322310323390357,0.011045100715449716,0.010138086,0.0076616406,0.011983193,0.006244936459376683,0.9246031746031746,84,True
30--300s,train2000_2009_test2010_2012,2000-2009,2010-2012,120,135,127.5,-4,0.007977896224240074,0.007977896224240074,0.007297134280372449,0.007315819657601802,0.00932073473474597,0.0062459414,0.009070344,0.010132934,0.006748664439718967,0.8625730994152047,114,True
30--300s,train2000_2009_test2010_2012,2000-2009,2010-2012,120,135,127.5,-3,0.0067257333017715125,0.0067257333017715125,0.0031533609541454753,0.007572254554564621,0.009451584396604443,0.0042310823,0.009433945,0.010273337,0.006102888241177443,0.8549382716049382,108,True
30--300s,train2000_2009_test2010_2012,2000-2009,2010-2012,120,135,127.5,-2,0.005406644656123457,0.005406644656123457,-0.0016110146179685006,0.00711038797595833,0.010720560610380542,0.0019144627,0.008779061,0.011634959,0.007121772615240253,0.8286604361370717,107,True
30--300s,train2000_2009_test2010_2012,2000-2009,2010-2012,120,135,127.5,-1,0.009034898273864906,0.009034898273864906,0.008319917308883339,0.008622870949693896,0.010161906563017485,0.0067432574,0.01092362,0.011035519,0.005721685239135011,0.9012345679012346,108,True
30--300s,train2000_2009_test2010_2012,2000-2009,2010-2012,120,135,127.5,0,-0.0034131890652307805,-0.0034131890652307805,-0.010124460453318012,0.0005830728486291654,-0.0006981795910034952,-0.0022250968,-0.00047606142,-0.0006174463,0.006135521512657754,0.7053571428571429,112,True
30--300s,train2000_2009_test2010_2012,2000-2009,2010-2012,120,135,127.5,1,0.001386437685687777,0.001386437685687777,-0.00032810122661097605,0.0017314837469869318,0.002755930536687376,0.0025382636,0.0011522779,0.0030888433,0.004603091580844351,0.7802197802197802,91,True
30--300s,train2000_2009_test2010_2012,2000-2009,2010-2012,120,135,127.5,2,-0.00270787909215644,-0.00270787909215644,-0.006746674512618706,-0.0020913306428529577,0.0007143678790023448,-0.00058268954,-0.004268116,0.00089822913,0.004072113441232381,0.7321428571428571,112,True
30--300s,train2000_2009_test2010_2012,2000-2009,2010-2012,120,135,127.5,3,-0.005935338914882258,-0.005935338914882258,-0.015146463799400284,-0.0013542456082621017,-0.0013053073369843856,-0.004666985,-0.003222998,-0.0012688995,0.0035772619073584427,0.9393939393939394,88,True
30--300s,train2000_2009_test2010_2012,2000-2009,2010-2012,120,135,127.5,4,0.0006415542594365199,0.0006415542594365199,-0.0050256952458278175,0.0027013588673005092,0.004248999156836868,0.00025411564,0.00252747,0.0046909186,0.0043991074183275195,0.7728937728937728,91,True
30--300s,train2000_2009_test2010_2012,2000-2009,2010-2012,120,135,127.5,5,-2.49500756039968e-05,-2.49500756039968e-05,-0.004403417370972865,0.002089820780834163,0.002238746363326712,0.0005566907,0.0016603663,0.0025339003,0.004316819675094527,0.7990867579908675,73,True
30--300s,train2000_2009_test2010_2012,2000-2009,2010-2012,120,135,127.5,6,-0.00430551275661673,-0.00430551275661673,-0.011261651569761373,0.00012680562994944565,-0.001781692330038264,-0.0027780423,-0.0011230056,-0.0017800647,0.003815344962626583,0.890625,64,True
30--300s,train2000_2009_test2010_2012,2000-2009,2010-2012,120,135,127.5,7,-0.005808699755657688,-0.005808699755657688,-0.014405811870225906,-0.0008082315400203372,-0.00221205585672682,-0.004306852,-0.002448801,-0.0022418485,0.003575976844534735,0.9758454106280192,69,True
30--300s,train2000_2009_test2010_2012,2000-2009,2010-2012,120,135,127.5,8,-0.005705600894485959,-0.005705600894485959,-0.012034574420998319,-0.0013167950387699796,-0.0037654332236895785,-0.0031538666,-0.0031698965,-0.0039086356,0.0036828032499984583,0.9743589743589745,65,True
30--300s,train2000_2009_test2010_2012,2000-2009,2010-2012,120,135,127.5,9,-0.005723504766178773,-0.005723504766178773,-0.012120107720922618,-0.0013895742380576049,-0.0036608323395560965,-0.003195456,-0.0032730906,-0.0037963982,0.0033233945371460164,0.9743589743589743,52,True
30--300s,train2000_2009_test2010_2012,2000-2009,2010-2012,120,135,127.5,10,-0.008853397279488808,-0.008853397279488808,-0.02158383330578806,-0.001275605667442938,-0.0037007528652354244,-0.0077970773,-0.0031114938,-0.0038392332,0.0034839466263356877,0.992063492063492,42,True
30--300s,train2000_2009_test2010_2012,2000-2009,2010-2012,135,150,142.5,-10,0.00037310979518727756,0.00037310979518727756,0.00046800768210987384,-0.0002503764673674851,0.0009016981708194441,0.0029253617,-0.0016578146,0.0010992362,0.004697820777658923,0.6885245901639344,61,True
30--300s,train2000_2009_test2010_2012,2000-2009,2010-2012,135,150,142.5,-9,0.000765074935969298,0.000765074935969298,0.0019814293476831373,-0.000184272663096102,0.0004980681233208588,0.0036612449,-0.0015640856,0.00066613767,0.0044466846638512875,0.6858974358974359,52,True
30--300s,train2000_2009_test2010_2012,2000-2009,2010-2012,135,150,142.5,-8,-0.002831191964228247,-0.002831191964228247,-0.005361094597147299,-0.0005837831836132838,-0.0025486981119241586,9.10318e-05,-0.0021305543,-0.0026030685,0.006967288089175722,0.6948356807511736,71,True
30--300s,train2000_2009_test2010_2012,2000-2009,2010-2012,135,150,142.5,-7,0.0048400471976004925,0.0048400471976004925,0.0032736776893174595,0.007055035625078971,0.004191428278405048,0.0042895847,0.008700578,0.004629145,0.006865571001857169,0.8358974358974358,65,True
30--300s,train2000_2009_test2010_2012,2000-2009,2010-2012,135,150,142.5,-6,0.011313504890860759,0.011313504890860759,0.01615553466493689,0.009076664190599059,0.008708315817046322,0.0105532305,0.011567057,0.009475804,0.005522089023500562,0.9494949494949495,66,True
30--300s,train2000_2009_test2010_2012,2000-2009,2010-2012,135,150,142.5,-5,0.009204706469690375,0.009204706469690375,0.011063579889517713,0.00789020864603675,0.00866033087351666,0.00807733,0.009884774,0.009424315,0.006311143945600324,0.8888888888888888,81,True
30--300s,train2000_2009_test2010_2012,2000-2009,2010-2012,135,150,142.5,-4,0.007884039979024463,0.007884039979024463,0.008080683636319806,0.008904330957508845,0.006667105343244737,0.0066269333,0.011322705,0.007285567,0.00567185250043035,0.8257575757575758,88,True
30--300s,train2000_2009_test2010_2012,2000-2009,2010-2012,135,150,142.5,-3,0.008863888695899973,0.008863888695899973,0.008607977194024265,0.008879582519976713,0.009104106373698942,0.006883323,0.011287614,0.00990049,0.004808754633364816,0.8782051282051282,104,True
30--300s,train2000_2009_test2010_2012,2000-2009,2010-2012,135,150,142.5,-2,0.00645106672200977,0.00645106672200977,0.0015920000275356345,0.008874109548154588,0.008887090590339087,0.0034718895,0.011279854,0.00966763,0.00524838369655836,0.8300653594771242,102,True
30--300s,train2000_2009_test2010_2012,2000-2009,2010-2012,135,150,142.5,-1,0.008140926157178258,0.008140926157178258,0.006542396418511981,0.008465402650962324,0.009414979402060465,0.00587896,0.010700346,0.010234059,0.006348111955721212,0.8620689655172413,87,True
30--300s,train2000_2009_test2010_2012,2000-2009,2010-2012,135,150,142.5,0,-0.002560302505107865,-0.002560302505107865,-0.008690755186781144,0.0012888420213042152,-0.00027899434984666533,-0.0015279751,0.0005246533,-0.00016765698,0.00560534182494234,0.7147435897435896,104,True
30--300s,train2000_2009_test2010_2012,2000-2009,2010-2012,135,150,142.5,1,0.0013900811846309816,0.0013900811846309816,-0.0016336499549035963,0.002312416824487435,0.003491476684309106,0.0019034564,0.0019759866,0.0038780905,0.00462081381613614,0.8073394495412844,109,True
30--300s,train2000_2009_test2010_2012,2000-2009,2010-2012,135,150,142.5,2,-0.002698469009573419,-0.002698469009573419,-0.008116211510844944,-0.0015767268977551036,0.0015975313798797918,-0.0012486103,-0.0035384558,0.0018458712,0.004415214766231579,0.7092198581560283,94,True
30--300s,train2000_2009_test2010_2012,2000-2009,2010-2012,135,150,142.5,3,-0.00577695034261734,-0.00577695034261734,-0.015943908190752958,-0.0008588100195462446,-0.000528132817552818,-0.0050547323,-0.0025205165,-0.0004349847,0.0037166870748150406,0.8928571428571429,84,True
30--300s,train2000_2009_test2010_2012,2000-2009,2010-2012,135,150,142.5,4,0.0010238120518431544,0.0010238120518431544,-0.004636961346055807,0.002681715646443818,0.005026681855141451,0.0004431328,0.0024996179,0.0055253785,0.004268884440530474,0.7751937984496124,86,True
30--300s,train2000_2009_test2010_2012,2000-2009,2010-2012,135,150,142.5,5,-0.00018339115451474145,-0.00018339115451474145,-0.0060088129541918615,0.001982316423688229,0.003476323066959409,-0.00022391336,0.0015079351,0.0038618308,0.004049493186920494,0.7592592592592593,54,True
30--300s,train2000_2009_test2010_2012,2000-2009,2010-2012,135,150,142.5,6,-0.003961541576599937,-0.003961541576599937,-0.011600319526514151,-1.7595883310202824e-05,-0.0002667093199754548,-0.0029427155,-0.0013277535,-0.00015447504,0.0036564955731326143,0.837962962962963,72,True
30--300s,train2000_2009_test2010_2012,2000-2009,2010-2012,135,150,142.5,7,-0.0048374285796950285,-0.0048374285796950285,-0.013146651359549986,-0.0008055783315454694,-0.0005600560479896313,-0.0036946007,-0.0024450389,-0.00046923858,0.004586930752996756,0.8708333333333333,80,True
30--300s,train2000_2009_test2010_2012,2000-2009,2010-2012,135,150,142.5,8,-0.005509055619135053,-0.005509055619135053,-0.01334649900083193,-0.0012274137215398935,-0.001953254135033336,-0.003791774,-0.003043162,-0.001964152,0.003882251500919239,0.9607843137254901,68,True
30--300s,train2000_2009_test2010_2012,2000-2009,2010-2012,135,150,142.5,9,-0.005920826627314983,-0.005920826627314983,-0.014363065199514363,-0.001327409288658924,-0.0020720053937716607,-0.004286067,-0.0031849465,-0.002091573,0.005094147718665701,0.9482758620689655,58,True
30--300s,train2000_2009_test2010_2012,2000-2009,2010-2012,135,150,142.5,10,-0.006913389447680105,-0.006913389447680105,-0.017361358397507028,-0.0013520239268193107,-0.0020267860187139723,-0.0057439506,-0.0032198478,-0.0020430523,0.003637541213118727,0.994047619047619,56,True
30--300s,train2000_2009_test2010_2012,2000-2009,2010-2012,150,165,157.5,-10,0.0004694542535029525,0.0004694542535029525,0.00011860902284785646,0.00023365198325239108,0.00105610175440861,0.002755471,-0.0009715075,0.0012649125,0.0042362921397708355,0.6900584795321637,57,True
30--300s,train2000_2009_test2010_2012,2000-2009,2010-2012,150,165,157.5,-9,0.0007596746206034602,0.0007596746206034602,0.0015604518493940078,-0.00011122311874522467,0.0008297951311615975,0.0034565497,-0.0014605082,0.0010220836,0.005574337225672762,0.6986301369863014,73,True
30--300s,train2000_2009_test2010_2012,2000-2009,2010-2012,150,165,157.5,-8,-0.0020906621251915772,-0.0020906621251915772,-0.004443215185218552,3.0366239027202938e-05,-0.0018591374293833827,0.0005373395,-0.0012597478,-0.001863164,0.004995232261948312,0.6726190476190476,56,True
30--300s,train2000_2009_test2010_2012,2000-2009,2010-2012,150,165,157.5,-7,0.00568152862609214,0.00568152862609214,0.005032818671762884,0.006851009699701653,0.005160757506811883,0.005144946,0.008411287,0.005669243,0.006764056031709512,0.876068376068376,78,True
30--300s,train2000_2009_test2010_2012,2000-2009,2010-2012,150,165,157.5,-6,0.008879920034680614,0.008879920034680614,0.011114344022146685,0.0075503986515276286,0.007975017430367524,0.008102014,0.009402955,0.008688968,0.006438750593754593,0.8784313725490197,85,True
30--300s,train2000_2009_test2010_2012,2000-2009,2010-2012,150,165,157.5,-5,0.007677477173027225,0.007677477173027225,0.009177207354063096,0.00736530481393177,0.00648991935108681,0.0071601043,0.00914051,0.0070954454,0.005888077500767466,0.8504273504273504,78,True
30--300s,train2000_2009_test2010_2012,2000-2009,2010-2012,150,165,157.5,-4,0.007824043577669975,0.007824043577669975,0.007957749472454874,0.007990567789200296,0.007523813471354753,0.006567158,0.010027074,0.008204822,0.004955200012076796,0.8652482269503545,94,True
30--300s,train2000_2009_test2010_2012,2000-2009,2010-2012,150,165,157.5,-3,0.005090482008512795,0.005090482008512795,0.00011492617172597149,0.007172193505898462,0.007984326347913951,0.0027536803,0.008866696,0.008698957,0.006346071812964135,0.826797385620915,102,True
30--300s,train2000_2009_test2010_2012,2000-2009,2010-2012,150,165,157.5,-2,0.006299456605631328,0.006299456605631328,0.0029657853794660917,0.008405251531842626,0.007527332905585268,0.004139876,0.010615056,0.008208599,0.005619608303319224,0.8350515463917526,97,True
30--300s,train2000_2009_test2010_2012,2000-2009,2010-2012,150,165,157.5,-1,0.005999192257798354,0.005999192257798354,0.002715481855511093,0.00783610495015152,0.007445989967732447,0.004018169,0.009808061,0.008121317,0.00675083888573382,0.8157894736842105,76,True
30--300s,train2000_2009_test2010_2012,2000-2009,2010-2012,150,165,157.5,0,-0.0032800443897186356,-0.0032800443897186356,-0.011633621546232114,0.0013668386280527732,0.0004266497490234332,-0.0029589082,0.00063524523,0.0005895052,0.00624783278827863,0.7512820512820512,130,True
30--300s,train2000_2009_test2010_2012,2000-2009,2010-2012,150,165,157.5,1,0.002297838961845696,0.002297838961845696,0.00019677713723967476,0.0026976233705677866,0.003999116377729627,0.0027934795,0.0025221736,0.0044227922,0.004951484244962394,0.8417508417508417,99,True
30--300s,train2000_2009_test2010_2012,2000-2009,2010-2012,150,165,157.5,2,-0.002631164811856885,-0.002631164811856885,-0.008333337071596995,-0.0010643554631692051,0.0015041980991955446,-0.001354185,-0.0028119606,0.0017457238,0.004485459645978294,0.7090909090909091,110,True
30--300s,train2000_2009_test2010_2012,2000-2009,2010-2012,150,165,157.5,3,-0.00452534207447439,-0.00452534207447439,-0.012402054732881964,-0.0004929020939975289,-0.0006810693965436767,-0.0033325495,-0.0020016935,-0.0005990869,0.003171190900576425,0.8505747126436781,87,True
30--300s,train2000_2009_test2010_2012,2000-2009,2010-2012,150,165,157.5,4,0.0012091643272250305,0.0012091643272250305,-0.004090238208920349,0.00262718206887698,0.005090549121718461,0.0007089703,0.0024222943,0.005593909,0.004255238170522665,0.8013468013468013,99,True
30--300s,train2000_2009_test2010_2012,2000-2009,2010-2012,150,165,157.5,5,0.00021777190731581413,0.00021777190731581413,-0.005105022439011822,0.0020378276325454625,0.003720510528413802,0.00021554378,0.0015866448,0.0041238456,0.003981397657518369,0.7790697674418605,86,True
30--300s,train2000_2009_test2010_2012,2000-2009,2010-2012,150,165,157.5,6,-0.0035601680034175074,-0.0035601680034175074,-0.010612635512218617,6.252472031465588e-05,-0.00013039321834856083,-0.002462466,-0.00121415,-8.206696e-06,0.003779344759467493,0.8258706467661691,67,True
30--300s,train2000_2009_test2010_2012,2000-2009,2010-2012,150,165,157.5,7,-0.0037564987148225658,-0.0037564987148225658,-0.009986405263522681,-0.0008161530043756444,-0.0004669378765693721,-0.0021579692,-0.002460033,-0.000369322,0.003316019804964223,0.8833333333333333,60,True
30--300s,train2000_2009_test2010_2012,2000-2009,2010-2012,150,165,157.5,8,-0.0048602777730784716,-0.0048602777730784716,-0.010989944293432663,-0.0014111598490604558,-0.0021797291767422975,-0.002645928,-0.0033036969,-0.0022071616,0.0032112247978693057,0.9454545454545454,55,True
30--300s,train2000_2009_test2010_2012,2000-2009,2010-2012,150,165,157.5,9,-0.0045945580541388465,-0.0045945580541388465,-0.010281677572129902,-0.0014116544849047626,-0.002090342105381874,-0.0023015419,-0.0033043984,-0.0021112484,0.003303783588558195,0.9473684210526315,57,True
30--300s,train2000_2009_test2010_2012,2000-2009,2010-2012,150,165,157.5,10,-0.007087650176590895,-0.007087650176590895,-0.017626986333174353,-0.0014302894654741691,-0.0022056747311241637,-0.0058731087,-0.0033308212,-0.0022350014,0.0036328442419167606,0.9777777777777777,45,True
30--300s,train2000_2009_test2010_2012,2000-2009,2010-2012,165,180,172.5,-10,0.001226082371094376,0.001226082371094376,0.0018101105700210854,0.0012946677047389146,0.0005734688385231281,0.0035779432,0.00053291355,0.0007470433,0.004537672305471232,0.6981981981981982,74,True
30--300s,train2000_2009_test2010_2012,2000-2009,2010-2012,165,180,172.5,-9,0.0019669284085348923,0.0019669284085348923,0.0033441604014452053,0.0009648674880713443,0.0015917573360881277,0.004323856,6.52877e-05,0.0018396755,0.003938171044498138,0.7096774193548387,62,True
30--300s,train2000_2009_test2010_2012,2000-2009,2010-2012,165,180,172.5,-8,-0.0013792723969103641,-0.0013792723969103641,-0.003953634429073506,0.0006615211289287443,-0.000845703890586331,0.00077539217,-0.0003648291,-0.0007757411,0.004319923476811501,0.6875,48,True
30--300s,train2000_2009_test2010_2012,2000-2009,2010-2012,165,180,172.5,-7,0.005555126444644111,0.005555126444644111,0.0037476792757717486,0.007608232452564138,0.005309467605596448,0.0045200624,0.009484959,0.0058288104,0.0068687075784508835,0.8717948717948718,65,True
30--300s,train2000_2009_test2010_2012,2000-2009,2010-2012,165,180,172.5,-6,0.009589049449880883,0.009589049449880883,0.012881937210931742,0.009068635666353768,0.00681657547235714,0.008961484,0.011555674,0.00744595,0.006302729163861479,0.8888888888888888,66,True
30--300s,train2000_2009_test2010_2012,2000-2009,2010-2012,165,180,172.5,-5,0.010396418284236063,0.010396418284236063,0.013887883149595732,0.009903433204092267,0.007397938499020191,0.009450613,0.012739338,0.008069757,0.006334663274404459,0.9208333333333334,80,True
30--300s,train2000_2009_test2010_2012,2000-2009,2010-2012,165,180,172.5,-4,0.00775991517904811,0.00775991517904811,0.0067705632040396075,0.009687063119669234,0.006822119213435488,0.0059899027,0.012432546,0.0074518984,0.0069555383527950924,0.8770226537216828,103,True
30--300s,train2000_2009_test2010_2012,2000-2009,2010-2012,165,180,172.5,-3,0.008306202469801367,0.008306202469801367,0.007060771532372486,0.00956213353833224,0.008295702338699373,0.0061310134,0.012255408,0.009033065,0.005703339959138689,0.8925925925925925,90,True
30--300s,train2000_2009_test2010_2012,2000-2009,2010-2012,165,180,172.5,-2,0.007949932551390067,0.007949932551390067,0.006206433924246333,0.010401222331616444,0.007242141398307422,0.005715602,0.013445157,0.007902586,0.006450469941698045,0.8645833333333334,128,True
30--300s,train2000_2009_test2010_2012,2000-2009,2010-2012,165,180,172.5,-1,0.009560083874609273,0.009560083874609273,0.010230068567912429,0.00957445010973595,0.00887573294617944,0.0076720454,0.012272871,0.009655443,0.0065719774712475545,0.9084967320261438,102,True
30--300s,train2000_2009_test2010_2012,2000-2009,2010-2012,165,180,172.5,0,0.0004754530951424629,0.0004754530951424629,-0.004595974248073958,0.004574281916333411,0.0014480516171679356,0.0004630623,0.0051831,0.001685478,0.006007832432754964,0.7962962962962963,126,True
30--300s,train2000_2009_test2010_2012,2000-2009,2010-2012,165,180,172.5,1,0.0034717380637512307,0.0034717380637512307,0.0011564716451692503,0.004608334886066817,0.0046504076600176235,0.0032601191,0.0052313837,0.0051216334,0.00461370816608426,0.8698412698412697,105,True
30--300s,train2000_2009_test2010_2012,2000-2009,2010-2012,165,180,172.5,2,-0.0021039685854317078,-0.0021039685854317078,-0.008346431219130016,0.00016845708221877365,0.0018660683806161183,-0.0013605518,-0.0010639478,0.0021340137,0.004788209211356046,0.7165109034267911,107,True
30--300s,train2000_2009_test2010_2012,2000-2009,2010-2012,165,180,172.5,3,-0.0053148944203437205,-0.0053148944203437205,-0.015099727746296652,-0.000437641102217997,-0.0004073144125165133,-0.0046442603,-0.0019233384,-0.0003053455,0.0042056062171999245,0.8547008547008548,78,True
30--300s,train2000_2009_test2010_2012,2000-2009,2010-2012,165,180,172.5,4,0.0012298216539667333,0.0012298216539667333,-0.004274047436656468,0.0026703703482371306,0.005293142050319538,0.0006195953,0.0024835314,0.0058112927,0.0037999955130108174,0.7868217054263567,86,True
30--300s,train2000_2009_test2010_2012,2000-2009,2010-2012,165,180,172.5,5,0.0003709256693088194,0.0003709256693088194,-0.004931135199419476,0.002078588217301609,0.003965323990044325,0.0003000943,0.0016444395,0.0043865326,0.00417638841747171,0.7916666666666666,64,True
30--300s,train2000_2009_test2010_2012,2000-2009,2010-2012,165,180,172.5,6,-0.003569233410854527,-0.003569233410854527,-0.011102049062984775,0.00010955331107577788,0.0002847955193454162,-0.0027004373,-0.0011474679,0.00043729437,0.004349152953407298,0.7716894977168949,73,True
30--300s,train2000_2009_test2010_2012,2000-2009,2010-2012,165,180,172.5,7,-0.004009411074179881,-0.004009411074179881,-0.011056301859767362,-0.0008722521558202788,-9.967920695200286e-05,-0.0026781936,-0.0025395763,2.47497e-05,0.0032722755537951446,0.8458333333333334,80,True
30--300s,train2000_2009_test2010_2012,2000-2009,2010-2012,165,180,172.5,8,-0.00509371789302698,-0.00509371789302698,-0.012161821605020735,-0.0013358063984743058,-0.001783525675585898,-0.003215739,-0.0031968527,-0.001782032,0.0028306260742386076,0.9770114942528735,58,True
30--300s,train2000_2009_test2010_2012,2000-2009,2010-2012,165,180,172.5,9,-0.005198920744814755,-0.005198920744814755,-0.012219888126956735,-0.0013943615783002844,-0.0019825125291872466,-0.0032439732,-0.0032798788,-0.0019955465,0.0036247160318898406,0.9432624113475178,47,True
30--300s,train2000_2009_test2010_2012,2000-2009,2010-2012,165,180,172.5,10,-0.007155197252523813,-0.007155197252523813,-0.01828469617674431,-0.0014033664617486145,-0.0017775291190785137,-0.0061929123,-0.0032926465,-0.0017755975,0.003496109928632621,0.9848484848484849,44,True
30--300s,train2000_2009_test2010_2012,2000-2009,2010-2012,180,195,187.5,-10,0.0029034332008485066,0.0029034332008485066,0.007356520045296593,0.0006644354964934996,0.0006893440607554286,0.0062748175,-0.00036069678,0.0008713784,0.004182848429264501,0.6881720430107526,62,True
30--300s,train2000_2009_test2010_2012,2000-2009,2010-2012,180,195,187.5,-9,0.002181849607794385,0.002181849607794385,0.00356342799473338,0.0004323868461375894,0.0025497339825121864,0.0044304724,-0.0006897201,0.0028675927,0.004941593517700432,0.7166666666666667,60,True
30--300s,train2000_2009_test2010_2012,2000-2009,2010-2012,180,195,187.5,-8,3.773040312126737e-05,3.773040312126737e-05,0.000695359197621648,0.000680339678815714,-0.00126250766707356,0.0030359088,-0.00033814614,-0.0012229751,0.004979654460812127,0.6770833333333333,64,True
30--300s,train2000_2009_test2010_2012,2000-2009,2010-2012,180,195,187.5,-7,0.005995633559544292,0.005995633559544292,0.006006693311840787,0.006534090630319262,0.005446116736472826,0.0056184805,0.007961925,0.005975436,0.005652130850175073,0.8835341365461847,83,True
30--300s,train2000_2009_test2010_2012,2000-2009,2010-2012,180,195,187.5,-6,0.007744282962348209,0.007744282962348209,0.009995071041794519,0.006884879063618694,0.006352898781631411,0.007557781,0.008459311,0.006948421,0.00543686305245904,0.888888888888889,75,True
30--300s,train2000_2009_test2010_2012,2000-2009,2010-2012,180,195,187.5,-5,0.010718989044604475,0.010718989044604475,0.01616077953755424,0.008005055760541118,0.007991131835718068,0.010555781,0.010047616,0.008706259,0.0055665627323571954,0.922077922077922,77,True
30--300s,train2000_2009_test2010_2012,2000-2009,2010-2012,180,195,187.5,-4,0.00578142975528649,0.00578142975528649,0.003467602048281736,0.007197054371390602,0.006679632846187128,0.0043838783,0.008901946,0.0072990092,0.006355580100245736,0.8333333333333333,88,True
30--300s,train2000_2009_test2010_2012,2000-2009,2010-2012,180,195,187.5,-3,0.005993772957259612,0.005993772957259612,0.0035958941496206077,0.007098782433727284,0.007286642288430947,0.004446259,0.008762606,0.007950336,0.0061863914382932345,0.8558558558558559,74,True
30--300s,train2000_2009_test2010_2012,2000-2009,2010-2012,180,195,187.5,-2,0.004800432131574933,0.004800432131574933,-0.0006712525776197516,0.0074454971725981135,0.007627051799746437,0.0023714104,0.009254215,0.008315598,0.0062501736928476746,0.8260869565217391,115,True
30--300s,train2000_2009_test2010_2012,2000-2009,2010-2012,180,195,187.5,-1,0.007244901620037665,0.007244901620037665,0.007021534562154227,0.0071046870227338705,0.007608483275224898,0.006111935,0.008770978,0.008295674,0.007036086249215467,0.8779761904761905,112,True
30--300s,train2000_2009_test2010_2012,2000-2009,2010-2012,180,195,187.5,0,-0.0006311508401948049,-0.0006311508401948049,-0.0068585646977439504,0.0033415064598796623,0.0016236057172798737,-0.00063709484,0.0034351395,0.0018738492,0.006453230534654532,0.7758620689655172,116,True
30--300s,train2000_2009_test2010_2012,2000-2009,2010-2012,180,195,187.5,1,0.0012958476862414813,0.0012958476862414813,-0.004521636772973495,0.004613716436280486,0.0037954633954174533,0.000499208,0.0052390145,0.004204271,0.0060331651398023425,0.8133333333333332,100,True
30--300s,train2000_2009_test2010_2012,2000-2009,2010-2012,180,195,187.5,2,-0.0013435403587059326,-0.0013435403587059326,-0.006284499748760764,0.0007327552808273569,0.0015211233918156102,-0.0003579627,-0.00026382573,0.0017638848,0.004319390218353688,0.7777777777777778,96,True
30--300s,train2000_2009_test2010_2012,2000-2009,2010-2012,180,195,187.5,3,-0.003364068633690107,-0.003364068633690107,-0.009562049002375735,3.3447664261920653e-06,-0.0005335016651207778,-0.0019516312,-0.0012980616,-0.0004407455,0.00409593096014314,0.8666666666666667,85,True
30--300s,train2000_2009_test2010_2012,2000-2009,2010-2012,180,195,187.5,4,0.0010891643295996118,0.0010891643295996118,-0.004225760079548456,0.0025905642153554852,0.004902688852991805,0.0006430744,0.0023703738,0.005392333,0.003390199241866229,0.7925925925925925,90,True
30--300s,train2000_2009_test2010_2012,2000-2009,2010-2012,180,195,187.5,5,0.0013600170184492949,0.0013600170184492949,-0.002475017040219144,0.0021001556189956185,0.00445491247657141,0.0014943519,0.0016750201,0.0049118656,0.0027620778577745306,0.8067632850241545,69,True
30--300s,train2000_2009_test2010_2012,2000-2009,2010-2012,180,195,187.5,6,-0.0026211904100907337,-0.0026211904100907337,-0.008676619606156719,9.259688299321298e-05,0.0007204514928913066,-0.0015211019,-0.0011715106,0.00090475695,0.003460906262751165,0.7586206896551724,58,True
30--300s,train2000_2009_test2010_2012,2000-2009,2010-2012,180,195,187.5,7,-0.004228164331209226,-0.004228164331209226,-0.012402622647316739,-0.0008222154985392121,0.000540345152228271,-0.0033328256,-0.0024686288,0.0007115013,0.0040786547813050295,0.7846153846153846,65,True
30--300s,train2000_2009_test2010_2012,2000-2009,2010-2012,180,195,187.5,8,-0.003758767819103524,-0.003758767819103524,-0.008938068232438614,-0.0013314872314734345,-0.001006747993398524,-0.0016482281,-0.0031907288,-0.00094854285,0.0027191851607272707,0.8907103825136612,61,True
30--300s,train2000_2009_test2010_2012,2000-2009,2010-2012,180,195,187.5,9,-0.005152738946662175,-0.005152738946662175,-0.012972505703708021,-0.0013607348316093575,-0.0011249763046691477,-0.0036099243,-0.003232199,-0.0010754028,0.003749865763889582,0.9111111111111111,75,True
30--300s,train2000_2009_test2010_2012,2000-2009,2010-2012,180,195,187.5,10,-0.006357020978519999,-0.006357020978519999,-0.016377309782960602,-0.0014077898376224425,-0.001285963314976952,-0.0052654687,-0.0032989185,-0.0012481433,0.00372780976442315,0.9144144144144145,74,True
30--300s,train2000_2009_test2010_2012,2000-2009,2010-2012,195,210,202.5,-10,0.002674272152967214,0.002674272152967214,0.004454022239911289,0.00013005511329376411,0.0034387391056965888,0.004863513,-0.0011183983,0.0038215027,0.004450049643703458,0.7333333333333333,55,True
30--300s,train2000_2009_test2010_2012,2000-2009,2010-2012,195,210,202.5,-9,0.003341376023451236,0.003341376023451236,0.007535165482356115,0.0006221025928406685,0.0018668599951569243,0.0063616815,-0.0004207209,0.0021348628,0.0049348424044807476,0.7204301075268816,62,True
30--300s,train2000_2009_test2010_2012,2000-2009,2010-2012,195,210,202.5,-8,-0.0008147543555360535,-0.0008147543555360535,-0.0018832972799648839,0.00044764110788657454,-0.001008606894529851,0.0017820685,-0.00066809094,-0.0009505374,0.0046487979902405975,0.6767676767676767,66,True
30--300s,train2000_2009_test2010_2012,2000-2009,2010-2012,195,210,202.5,-7,0.0063565783192873005,0.0063565783192873005,0.008049000740074785,0.006335754739630457,0.004684979478156657,0.006611528,0.007680704,0.0051587294,0.006118344596103253,0.8599033816425121,69,True
30--300s,train2000_2009_test2010_2012,2000-2009,2010-2012,195,210,202.5,-6,0.006037099654751165,0.006037099654751165,0.0070027295428089316,0.0060204450054985505,0.0050881244159460175,0.006102791,0.0072336243,0.0055913073,0.006282867946322608,0.8755555555555556,75,True
30--300s,train2000_2009_test2010_2012,2000-2009,2010-2012,195,210,202.5,-5,0.008407213556712515,0.008407213556712515,0.011080528398617298,0.006315374361422646,0.007825737910097597,0.008085571,0.007651807,0.0085287895,0.005459577102128353,0.9083333333333334,80,True
30--300s,train2000_2009_test2010_2012,2000-2009,2010-2012,195,210,202.5,-4,0.005562768403432532,0.005562768403432532,0.004514916867166926,0.006646890613573739,0.005526497729556932,0.0048931222,0.008121866,0.0060616853,0.006431546618438876,0.8712121212121212,88,True
30--300s,train2000_2009_test2010_2012,2000-2009,2010-2012,195,210,202.5,-3,0.005047788954833568,0.005047788954833568,0.002488566208245791,0.0058989310961437506,0.0067558695601111635,0.003907834,0.007061329,0.007380812,0.00560445532515789,0.8449612403100776,86,True
30--300s,train2000_2009_test2010_2012,2000-2009,2010-2012,195,210,202.5,-2,0.005255127103929209,0.005255127103929209,0.00265897465232784,0.006454294070036287,0.0066521125894234995,0.003990693,0.0078487815,0.00726948,0.005159006254639987,0.845679012345679,108,True
30--300s,train2000_2009_test2010_2012,2000-2009,2010-2012,195,210,202.5,-1,0.007777011840439949,0.007777011840439949,0.010557918664608585,0.006838031189347411,0.005935085667363851,0.007831458,0.008392884,0.006500104,0.006462539838855568,0.8825396825396826,105,True
30--300s,train2000_2009_test2010_2012,2000-2009,2010-2012,195,210,202.5,0,-0.001334302713499086,-0.001334302713499086,-0.00860107826068254,0.0034701983561254233,0.0011279717640598572,-0.0014843709,0.0036176126,0.0013420297,0.005862161972031693,0.7467700258397932,129,True
30--300s,train2000_2009_test2010_2012,2000-2009,2010-2012,195,210,202.5,1,0.001273910538626591,0.001273910538626591,-0.0037916947963461925,0.004348979504133353,0.0032644469080926114,0.0008541334,0.004863642,0.0036344856,0.0052994934419812265,0.8,95,True
30--300s,train2000_2009_test2010_2012,2000-2009,2010-2012,195,210,202.5,2,-0.0024715025417672053,-0.0024715025417672053,-0.00916115421018665,0.0007204935898831534,0.0010261529950018821,-0.0017567009,-0.00028121166,0.0012327773,0.0051066584973200775,0.763239875389408,107,True
30--300s,train2000_2009_test2010_2012,2000-2009,2010-2012,195,210,202.5,3,-0.0038741689351898027,-0.0038741689351898027,-0.010942681017996659,-1.4117037364974347e-05,-0.0006657087502077725,-0.0026229469,-0.0013228209,-0.00058260484,0.004266580977432309,0.8644688644688645,91,True
30--300s,train2000_2009_test2010_2012,2000-2009,2010-2012,195,210,202.5,4,0.0014589462353818137,0.0014589462353818137,-0.0032026241425166854,0.0026329818364012234,0.004946481012260902,0.0011405618,0.002430518,0.005439323,0.004236136855204936,0.8062015503875969,86,True
30--300s,train2000_2009_test2010_2012,2000-2009,2010-2012,195,210,202.5,5,0.0008568854084069475,0.0008568854084069475,-0.003730084785826282,0.0020200890876201673,0.004280651923426957,0.0008840905,0.0015614933,0.0047248825,0.004028639612089101,0.8088888888888889,75,True
30--300s,train2000_2009_test2010_2012,2000-2009,2010-2012,195,210,202.5,6,-0.002589851123967801,-0.002589851123967801,-0.008883094287201158,2.563899621742886e-05,0.0010879019190803247,-0.0016214978,-0.0012664505,0.0012990343,0.0029956434411947844,0.7476190476190475,70,True
30--300s,train2000_2009_test2010_2012,2000-2009,2010-2012,195,210,202.5,7,-0.0030155049553870156,-0.0030155049553870156,-0.008894631701820359,-0.00084231803884504,0.0006904348745043518,-0.0016271076,-0.0024971324,0.00087254884,0.0038303156646723974,0.7417840375586854,71,True
30--300s,train2000_2009_test2010_2012,2000-2009,2010-2012,195,210,202.5,8,-0.003950838538669691,-0.003950838538669691,-0.009701627351412558,-0.0013457592217359868,-0.0008051290428605293,-0.0020194994,-0.0032109648,-0.00073220395,0.0033208516437213016,0.8888888888888888,48,True
30--300s,train2000_2009_test2010_2012,2000-2009,2010-2012,195,210,202.5,9,-0.004048990540630874,-0.004048990540630874,-0.0100436242802787,-0.00136800771507452,-0.0007353396265394016,-0.0021857913,-0.0032425113,-0.0006573193,0.0031951328351391465,0.8490566037735849,53,True
30--300s,train2000_2009_test2010_2012,2000-2009,2010-2012,195,210,202.5,10,-0.005096572841347593,-0.005096572841347593,-0.013072175724513434,-0.0013622624414431717,-0.0008552803580861705,-0.0036583878,-0.003234365,-0.0007860168,0.0031047892855187416,0.8981481481481483,72,True
30--300s,train2000_2009_test2010_2012,2000-2009,2010-2012,210,225,217.5,-10,0.0025373787841262417,0.0025373787841262417,0.005562952702538383,0.00044236182743531515,0.0016068218224050271,0.0054027173,-0.0006755765,0.0018558399,0.004182170876859673,0.7346938775510204,49,True
30--300s,train2000_2009_test2010_2012,2000-2009,2010-2012,210,225,217.5,-9,0.0032881441874299863,0.0032881441874299863,0.007373658693523183,0.0007354758037222284,0.001755298065044547,0.0062831505,-0.00025996828,0.002015156,0.004433754465666397,0.7562189054726368,67,True
30--300s,train2000_2009_test2010_2012,2000-2009,2010-2012,210,225,217.5,-8,0.0005372535389172407,0.0005372535389172407,0.001514469697625568,0.00045303998539976246,-0.00035574906627360844,0.0034341912,-0.0006604358,-0.00025001544,0.004928613211148099,0.6726190476190476,56,True
30--300s,train2000_2009_test2010_2012,2000-2009,2010-2012,210,225,217.5,-7,0.007951715875074348,0.007951715875074348,0.01195253660615856,0.006521619281127599,0.005380991737936881,0.008509574,0.007944242,0.0059055565,0.005372038341629051,0.9213483146067416,89,True
30--300s,train2000_2009_test2010_2012,2000-2009,2010-2012,210,225,217.5,-6,0.007580344843915507,0.007580344843915507,0.010478137146799044,0.006411514501201887,0.005851382883745592,0.0077926656,0.007788124,0.0064102905,0.006072046206995235,0.8958333333333334,80,True
30--300s,train2000_2009_test2010_2012,2000-2009,2010-2012,210,225,217.5,-5,0.009045636298876615,0.009045636298876615,0.012886521696251128,0.005786116898350123,0.008464270302028594,0.008963713,0.0069013685,0.00921394,0.0066211087934405655,0.9288389513108615,89,True
30--300s,train2000_2009_test2010_2012,2000-2009,2010-2012,210,225,217.5,-4,0.007650617497525018,0.007650617497525018,0.010488774235156229,0.006012620195224897,0.006450458062193928,0.0077978377,0.007222529,0.007053103,0.0058689079698999265,0.8996763754045308,103,True
30--300s,train2000_2009_test2010_2012,2000-2009,2010-2012,210,225,217.5,-3,0.008396988193377138,0.008396988193377138,0.011670719572642652,0.00581546317608308,0.007704781831405684,0.008372544,0.0069429786,0.008399003,0.005388575074537974,0.9026217228464419,89,True
30--300s,train2000_2009_test2010_2012,2000-2009,2010-2012,210,225,217.5,-2,0.007063955704782985,0.007063955704782985,0.007647719159642298,0.005799721591757787,0.0077444263629488684,0.0064164093,0.0069206585,0.008441542,0.0066168708942824445,0.9043715846994536,122,True
30--300s,train2000_2009_test2010_2012,2000-2009,2010-2012,210,225,217.5,-1,0.009061981541551509,0.009061981541551509,0.013797502604258752,0.00614354397929696,0.007244898041098811,0.009406667,0.007408167,0.007905544,0.007007999554661333,0.9381443298969072,97,True
30--300s,train2000_2009_test2010_2012,2000-2009,2010-2012,210,225,217.5,0,0.002298662701867071,0.002298662701867071,0.0006201378749864613,0.0036466363769622058,0.002629213853652546,0.0029993334,0.0038677852,0.0029528753,0.005295028157822604,0.8365180467091295,157,True
30--300s,train2000_2009_test2010_2012,2000-2009,2010-2012,210,225,217.5,1,0.0037059550913638288,0.0037059550913638288,0.002872944038841756,0.00428366650629106,0.0039612547289586695,0.004094733,0.0047710347,0.0043821665,0.004982834034066755,0.8823529411764706,102,True
30--300s,train2000_2009_test2010_2012,2000-2009,2010-2012,210,225,217.5,2,8.293793374290615e-05,8.293793374290615e-05,-0.0019475722515350053,0.0007187915774791395,0.001477594475284584,0.0017508155,-0.00028362495,0.0017171778,0.004568254207355905,0.8362068965517241,116,True
30--300s,train2000_2009_test2010_2012,2000-2009,2010-2012,210,225,217.5,3,-0.0024909637473035187,-0.0024909637473035187,-0.007041619911859382,-1.0954187287827481e-05,-0.00042031714276334696,-0.0007261032,-0.0013183362,-0.00031929754,0.00442499596128395,0.8266666666666667,75,True
30--300s,train2000_2009_test2010_2012,2000-2009,2010-2012,210,225,217.5,4,0.001316279249389432,0.001316279249389432,-0.003615286331085014,0.0026372416090539486,0.004926882470199361,0.0009399098,0.002436558,0.005418293,0.004290502237551736,0.8227848101265823,79,True
30--300s,train2000_2009_test2010_2012,2000-2009,2010-2012,210,225,217.5,5,0.0005800297128093034,0.0005800297128093034,-0.004660262720369375,0.0020620764855037855,0.004338275373293499,0.00043180276,0.0016210276,0.0047867126,0.0034723585473237953,0.7821782178217822,101,True
30--300s,train2000_2009_test2010_2012,2000-2009,2010-2012,210,225,217.5,6,-0.00251928389715558,-0.00251928389715558,-0.00851446605127565,-1.708236594082871e-05,0.0009736967257497394,-0.0014422567,-0.0013270255,0.0011764913,0.003162587226075356,0.7395833333333333,64,True
30--300s,train2000_2009_test2010_2012,2000-2009,2010-2012,210,225,217.5,7,-0.0038914086230163957,-0.0038914086230163957,-0.011600326071066565,-0.0008290627566171527,0.0007551629586345305,-0.0029427186,-0.0024783376,0.00094200263,0.00408175655932652,0.7303921568627451,68,True
30--300s,train2000_2009_test2010_2012,2000-2009,2010-2012,210,225,217.5,8,-0.004252263162940288,-0.004252263162940288,-0.010730185069155887,-0.0013484418203671537,-0.0006781625992978251,-0.0025196231,-0.0032147686,-0.0005959679,0.0028489044451954246,0.8870967741935484,62,True
30--300s,train2000_2009_test2010_2012,2000-2009,2010-2012,210,225,217.5,9,-0.0035415353783073917,-0.0035415353783073917,-0.008730009039762926,-0.0013883559855318913,-0.0005062411096273579,-0.0015470618,-0.0032713634,-0.00041149466,0.0029678995143741483,0.855072463768116,46,True
30--300s,train2000_2009_test2010_2012,2000-2009,2010-2012,210,225,217.5,10,-0.005372051589788893,-0.005372051589788893,-0.01402817995082485,-0.0013871911501445455,-0.0007007836683972867,-0.004123233,-0.0032697117,-0.0006202405,0.0033465836476354338,0.9,60,True
30--300s,train2000_2009_test2010_2012,2000-2009,2010-2012,225,240,232.5,-10,0.002133547551072294,0.002133547551072294,0.00309067221980024,7.221826950563213e-05,0.0032377521639110098,0.0042006006,-0.0012004055,0.0036058421,0.003966994437313426,0.7232704402515723,53,True
30--300s,train2000_2009_test2010_2012,2000-2009,2010-2012,225,240,232.5,-9,0.004505865308836405,0.004505865308836405,0.010144380774252344,0.00011595593305339908,0.003257259219203469,0.0076303803,-0.0011383895,0.0036267734,0.003402063297149296,0.7264957264957265,39,True
30--300s,train2000_2009_test2010_2012,2000-2009,2010-2012,225,240,232.5,-8,0.001625429240399505,0.001625429240399505,0.004282511258669419,0.0005345142431694475,5.926221935964888e-05,0.004780118,-0.000544913,0.0001952952,0.0040245782497085976,0.6666666666666666,70,True
30--300s,train2000_2009_test2010_2012,2000-2009,2010-2012,225,240,232.5,-7,0.0069870784587503345,0.0069870784587503345,0.008544419712111465,0.005821585644585861,0.006595230019553678,0.006852419,0.0069516604,0.007208444,0.005040191588973166,0.9156626506024096,83,True
30--300s,train2000_2009_test2010_2012,2000-2009,2010-2012,225,240,232.5,-6,0.007625800208062503,0.007625800208062503,0.009844248408641613,0.00557668647229915,0.007456465743246745,0.007484445,0.006604416,0.008132557,0.0064171111649202845,0.8970588235294118,68,True
30--300s,train2000_2009_test2010_2012,2000-2009,2010-2012,225,240,232.5,-5,0.010299690179653348,0.010299690179653348,0.014895549665210665,0.005476579994854267,0.01052694087889511,0.009940579,0.0064624744,0.011427203,0.005917238190307762,0.9552238805970149,67,True
30--300s,train2000_2009_test2010_2012,2000-2009,2010-2012,225,240,232.5,-4,0.010075674564102183,0.010075674564102183,0.01582718692970269,0.0062984604010727354,0.008101376361531125,0.010393576,0.007627824,0.008824552,0.0056625723331410445,0.9361702127659575,94,True
30--300s,train2000_2009_test2010_2012,2000-2009,2010-2012,225,240,232.5,-3,0.009149427966851423,0.009149427966851423,0.012789689304398244,0.005736044226796927,0.008922550369359104,0.0089166295,0.00683037,0.0097056795,0.005472900682124506,0.9157509157509157,91,True
30--300s,train2000_2009_test2010_2012,2000-2009,2010-2012,225,240,232.5,-2,0.008378409278922989,0.008378409278922989,0.0102361930291561,0.005764768182833999,0.00913426662477887,0.0076750233,0.006871098,0.009932852,0.005894510651021624,0.9180327868852459,122,True
30--300s,train2000_2009_test2010_2012,2000-2009,2010-2012,225,240,232.5,-1,0.010029620541938093,0.010029620541938093,0.015086316680596377,0.005881409275222431,0.009121135669995473,0.0100333365,0.007036485,0.009918762,0.005506255723070012,0.9433962264150944,106,True
30--300s,train2000_2009_test2010_2012,2000-2009,2010-2012,225,240,232.5,0,0.0033668129876824435,0.0033668129876824435,0.0026938981534715962,0.003699180350472795,0.003707360459102938,0.0040076743,0.003942288,0.0041097356,0.005299171139326323,0.8461538461538461,169,True
30--300s,train2000_2009_test2010_2012,2000-2009,2010-2012,225,240,232.5,1,0.004448061781793069,0.004448061781793069,0.0035745758043063606,0.0044988894058446876,0.005270720135228159,0.004435893,0.0050762007,0.005787234,0.004290366470354573,0.9036144578313253,83,True
30--300s,train2000_2009_test2010_2012,2000-2009,2010-2012,225,240,232.5,2,0.0014926090993744518,0.0014926090993744518,0.0015687067083895274,0.0007450572338917574,0.00216406335584207,0.0034605635,-0.0002463827,0.0024537647,0.004246229124930142,0.8579710144927537,115,True
30--300s,train2000_2009_test2010_2012,2000-2009,2010-2012,225,240,232.5,3,-0.0020880424308260754,-0.0020880424308260754,-0.005958671147681616,-3.979401996403298e-05,-0.0002656621248325768,-0.00019953253,-0.0013592285,-0.00015335139,0.004097799387443704,0.8055555555555556,108,True
30--300s,train2000_2009_test2010_2012,2000-2009,2010-2012,225,240,232.5,4,0.0034736863180993755,0.0034736863180993755,0.0027188087934030976,0.0025831686954043936,0.005119081465490634,0.0040197866,0.0023598876,0.0056245243,0.0037085236463199694,0.872093023255814,86,True
30--300s,train2000_2009_test2010_2012,2000-2009,2010-2012,225,240,232.5,5,9.664948693626911e-05,9.664948693626911e-05,-0.005970568295303906,0.0019823684561253623,0.004278148299987352,-0.00020531737,0.001508009,0.0047221957,0.003850235753278478,0.75,72,True
30--300s,train2000_2009_test2010_2012,2000-2009,2010-2012,225,240,232.5,6,-0.0025913287250808386,-0.0025913287250808386,-0.009009329741653901,0.00011380615814899989,0.0011215374082623852,-0.0016828781,-0.0011414377,0.0013351255,0.0038302462461685823,0.7325102880658436,81,True
30--300s,train2000_2009_test2010_2012,2000-2009,2010-2012,225,240,232.5,7,-0.0030178451706515856,-0.0030178451706515856,-0.00910850595604745,-0.00082926938250465,0.0008842398265973446,-0.0017311014,-0.0024786305,0.0010805032,0.0030539751368445223,0.7108433734939759,83,True
30--300s,train2000_2009_test2010_2012,2000-2009,2010-2012,225,240,232.5,8,-0.003950816682228119,-0.003950816682228119,-0.00986513888025365,-0.0013853518059897452,-0.0006019593604409603,-0.002099005,-0.0032671036,-0.0005142012,0.0029379351051742487,0.8571428571428571,63,True
30--300s,train2000_2009_test2010_2012,2000-2009,2010-2012,225,240,232.5,9,-0.005223912143459612,-0.005223912143459612,-0.01327746966734578,-0.0014432473234786676,-0.0009510194395543887,-0.0037582093,-0.003349194,-0.00088874565,0.0035297755203164563,0.8931623931623932,78,True
30--300s,train2000_2009_test2010_2012,2000-2009,2010-2012,225,240,232.5,10,-0.005630939313843157,-0.005630939313843157,-0.014643855827678472,-0.0013565681596430707,-0.0008923939542079297,-0.004422598,-0.0032262912,-0.00082584,0.0035327417001049266,0.8913043478260869,46,True
30--300s,train2000_2009_test2010_2012,2000-2009,2010-2012,240,255,247.5,-10,0.0032925739594037062,0.0032925739594037062,0.007107440402711401,0.00035291686503166896,0.00241736461046805,0.006153705,-0.0008024011,0.002725559,0.003908687222231411,0.7647058823529411,51,True
30--300s,train2000_2009_test2010_2012,2000-2009,2010-2012,240,255,247.5,-9,0.004436695193597377,0.004436695193597377,0.009704126754494488,0.0001477233846631209,0.0034582354416345224,0.007416312,-0.0010933462,0.0038424225,0.0031915162538500735,0.7685185185185185,72,True
30--300s,train2000_2009_test2010_2012,2000-2009,2010-2012,240,255,247.5,-8,0.0007781262773100288,0.0007781262773100288,0.0012211443621616316,0.00030176897559842605,0.0008114654941700288,0.0032915655,-0.000874924,0.0010024157,0.0043434757815986776,0.6713615023474178,71,True
30--300s,train2000_2009_test2010_2012,2000-2009,2010-2012,240,255,247.5,-7,0.009011478766102055,0.009011478766102055,0.013381754992746459,0.006367210115882792,0.007285471189676912,0.009204514,0.0077253045,0.007949078,0.005680140822372794,0.9416666666666667,80,True
30--300s,train2000_2009_test2010_2012,2000-2009,2010-2012,240,255,247.5,-6,0.009017097781465321,0.009017097781465321,0.012921785321439144,0.0060833863869695975,0.008046121635987223,0.00898086,0.0073228693,0.0087652635,0.0058891365335973535,0.937037037037037,90,True
30--300s,train2000_2009_test2010_2012,2000-2009,2010-2012,240,255,247.5,-5,0.011263494331114605,0.011263494331114605,0.01646820354096648,0.005674981020347634,0.011647298432029702,0.010705262,0.0067437887,0.012629356,0.004937752873046337,0.9644444444444443,75,True
30--300s,train2000_2009_test2010_2012,2000-2009,2010-2012,240,255,247.5,-4,0.01084491615580556,0.01084491615580556,0.01757984293957614,0.006640914631180187,0.008313990896660357,0.011245783,0.008113392,0.009052689,0.005081508274031816,0.9545454545454546,88,True
30--300s,train2000_2009_test2010_2012,2000-2009,2010-2012,240,255,247.5,-3,0.010288698423136995,0.010288698423136995,0.015239702825372016,0.0062453032379003225,0.009381089206138641,0.010107919,0.007552452,0.010197695,0.004822327809812317,0.9537953795379538,101,True
30--300s,train2000_2009_test2010_2012,2000-2009,2010-2012,240,255,247.5,-2,0.009742251218635013,0.009742251218635013,0.013840927718879468,0.005606658496604019,0.009779167440421552,0.009427782,0.006646913,0.010624836,0.0051538578640302965,0.9539295392953929,123,True
30--300s,train2000_2009_test2010_2012,2000-2009,2010-2012,240,255,247.5,-1,0.010022237603398503,0.010022237603398503,0.01505668994902816,0.005193005188048842,0.009817017673118508,0.010018931,0.0060603917,0.01066545,0.006411553737215744,0.9340277777777778,96,True
30--300s,train2000_2009_test2010_2012,2000-2009,2010-2012,240,255,247.5,0,0.003215280863225019,0.003215280863225019,0.0022365724395457622,0.0033787155763719116,0.004030554573757383,0.003785305,0.0034878987,0.0044565257,0.0058363403773414365,0.871647509578544,174,True
30--300s,train2000_2009_test2010_2012,2000-2009,2010-2012,240,255,247.5,1,0.005615134062082718,0.005615134062082718,0.00658383178697403,0.004553134366006523,0.005708436033267601,0.005899107,0.0051531144,0.006256907,0.004449969695615466,0.9120370370370371,72,True
30--300s,train2000_2009_test2010_2012,2000-2009,2010-2012,240,255,247.5,2,0.0011636988112307864,0.0011636988112307864,0.000512834277584375,0.0007212511527375592,0.002257011003370425,0.0029471584,-0.0002801375,0.0025534984,0.004292121267962525,0.8741496598639457,98,True
30--300s,train2000_2009_test2010_2012,2000-2009,2010-2012,240,255,247.5,3,-0.001604922969535869,-0.001604922969535869,-0.005029655551162499,4.589165100703161e-05,0.00016899499154786056,0.00025219002,-0.0012377341,0.0003130394,0.003964917133398255,0.78125,96,True
30--300s,train2000_2009_test2010_2012,2000-2009,2010-2012,240,255,247.5,4,0.0024226648556367526,0.0024226648556367526,-0.0006820885871125943,0.002630438123526185,0.005319645030496667,0.0023661416,0.0024269111,0.005839731,0.003622649865848451,0.8454106280193237,69,True
30--300s,train2000_2009_test2010_2012,2000-2009,2010-2012,240,255,247.5,5,0.0010382375310301892,0.0010382375310301892,-0.003500616883091254,0.002032225052989063,0.004583104423192758,0.0009956665,0.001578701,0.0050494163,0.0030528694768002895,0.7878787878787878,66,True
30--300s,train2000_2009_test2010_2012,2000-2009,2010-2012,240,255,247.5,6,-0.0014735479893329443,-0.0014735479893329443,-0.005963714353471427,8.593999803362226e-05,0.0014571303874389722,-0.00020198473,-0.0011809494,0.0016952195,0.0028602299926219683,0.7186147186147186,77,True
30--300s,train2000_2009_test2010_2012,2000-2009,2010-2012,240,255,247.5,7,-0.0033582782131328305,-0.0033582782131328305,-0.010312759463863692,-0.0007432350205142527,0.0009811598449794518,-0.002316655,-0.002356642,0.0011844992,0.0033443956850737035,0.7077625570776256,73,True
30--300s,train2000_2009_test2010_2012,2000-2009,2010-2012,240,255,247.5,8,-0.0037345158983706876,-0.0037345158983706876,-0.009261132072176232,-0.0013465700501583198,-0.0005958455727775111,-0.001805314,-0.0032121148,-0.00050764106,0.0032534931217831266,0.890625,64,True
30--300s,train2000_2009_test2010_2012,2000-2009,2010-2012,240,255,247.5,9,-0.004469244774607893,-0.004469244774607893,-0.011435535271972533,-0.0013000843980189246,-0.0006721146538322216,-0.002862591,-0.0031462025,-0.0005894784,0.003014906442134942,0.8988095238095238,56,True
30--300s,train2000_2009_test2010_2012,2000-2009,2010-2012,240,255,247.5,10,-0.004968597625044741,-0.004968597625044741,-0.012693241875325187,-0.0014134735840655597,-0.0007990774157434741,-0.0034741354,-0.0033069777,-0.00072571053,0.0027515835862873725,0.8814814814814814,45,True
30--300s,train2000_2009_test2010_2012,2000-2009,2010-2012,255,270,262.5,-10,0.0038155817120973526,0.0038155817120973526,0.008438969504625941,0.0003800910986164083,0.002627684533049709,0.006801145,-0.00076387054,0.0029512343,0.003381155946880135,0.7987421383647799,53,True
30--300s,train2000_2009_test2010_2012,2000-2009,2010-2012,255,270,262.5,-9,0.003850621969003919,0.003850621969003919,0.0082338442618658,0.0005669374577840414,0.002751084187361915,0.006701405,-0.0004989399,0.003083643,0.003174053756850468,0.7853881278538812,73,True
30--300s,train2000_2009_test2010_2012,2000-2009,2010-2012,255,270,262.5,-8,0.0018539976761733465,0.0018539976761733465,0.005312857563983856,0.0006234366595072359,-0.0003743011949710526,0.005281111,-0.0004188293,-0.00026992202,0.004817916701600288,0.6723163841807909,59,True
30--300s,train2000_2009_test2010_2012,2000-2009,2010-2012,255,270,262.5,-7,0.007071865503200184,0.007071865503200184,0.008485711790037192,0.006056398437205103,0.0066734862823582585,0.006823873,0.0072846026,0.007292414,0.0048181383974098295,0.9196787148594376,83,True
30--300s,train2000_2009_test2010_2012,2000-2009,2010-2012,255,270,262.5,-6,0.008884404222207536,0.008884404222207536,0.011554122781014434,0.006196616256827218,0.008902473628780955,0.008315851,0.0074834186,0.009684137,0.0054298777777876785,0.9362745098039216,68,True
30--300s,train2000_2009_test2010_2012,2000-2009,2010-2012,255,270,262.5,-5,0.010699604967965732,0.010699604967965732,0.015014952693146656,0.005798464979925117,0.011285397230825426,0.009998636,0.006918877,0.012241034,0.005378607625387293,0.9497716894977168,73,True
30--300s,train2000_2009_test2010_2012,2000-2009,2010-2012,255,270,262.5,-4,0.00977402701069361,0.00977402701069361,0.014342040244392227,0.006460722236008199,0.008519318551680406,0.009671441,0.007857896,0.0092730075,0.006075462291725445,0.9389671361502349,71,True
30--300s,train2000_2009_test2010_2012,2000-2009,2010-2012,255,270,262.5,-3,0.009755986726879029,0.009755986726879029,0.013943401630961057,0.0053623920231216865,0.009962166526554343,0.009477608,0.0063005663,0.010821196,0.0055761399658065605,0.9207920792079208,101,True
30--300s,train2000_2009_test2010_2012,2000-2009,2010-2012,255,270,262.5,-2,0.009392405281444981,0.009392405281444981,0.012594338950062631,0.0058929178269409065,0.00968995906733141,0.008821643,0.0070528025,0.010529115,0.0048483711117932775,0.9513888888888888,144,True
30--300s,train2000_2009_test2010_2012,2000-2009,2010-2012,255,270,262.5,-1,0.011244146071431186,0.011244146071431186,0.018611299840357764,0.006151325054119722,0.008969813319816073,0.011747316,0.0074191997,0.009756393,0.006182984190756721,0.9386973180076629,87,True
30--300s,train2000_2009_test2010_2012,2000-2009,2010-2012,255,270,262.5,0,0.002833811703411262,0.002833811703411262,0.001222369883442081,0.0032068323472144067,0.0040722328795772976,0.0032921613,0.0032441844,0.004501247,0.0054636317862485915,0.853195164075993,193,True
30--300s,train2000_2009_test2010_2012,2000-2009,2010-2012,255,270,262.5,1,0.005102655258059428,0.005102655258059428,0.005294855181703239,0.0043726055969168145,0.005640504995558232,0.0052723577,0.004897142,0.0061840164,0.004283412952740427,0.9053497942386831,81,True
30--300s,train2000_2009_test2010_2012,2000-2009,2010-2012,255,270,262.5,2,0.0016572031467210061,0.0016572031467210061,0.0018305863396372705,0.0007432863904667942,0.002397736710058954,0.003587899,-0.0002488936,0.0027044981,0.0037110152765866696,0.9094650205761318,81,True
30--300s,train2000_2009_test2010_2012,2000-2009,2010-2012,255,270,262.5,3,-0.0012444690669518828,-0.0012444690669518828,-0.004100396416553833,1.0496188180718782e-05,0.00035649302751746556,0.000704031,-0.0012879217,0.00051422644,0.0036901628363936244,0.7630522088353413,83,True
30--300s,train2000_2009_test2010_2012,2000-2009,2010-2012,255,270,262.5,4,0.003284418932545121,0.003284418932545121,0.0015977176587645425,0.0026659873882231544,0.005589551750647668,0.0034746698,0.0024773167,0.006129343,0.003593059627662446,0.861111111111111,84,True
30--300s,train2000_2009_test2010_2012,2000-2009,2010-2012,255,270,262.5,5,0.0013161276017218866,0.0013161276017218866,-0.0027116099100787288,0.002064471296813375,0.004595521418431013,0.0013793114,0.0016244231,0.00506274,0.0031246762402196196,0.8083333333333333,80,True
30--300s,train2000_2009_test2010_2012,2000-2009,2010-2012,255,270,262.5,6,-0.002286550572434495,-0.002286550572434495,-0.008038770180443227,1.4880228306971406e-05,0.001164238234832772,-0.0012109554,-0.0012817055,0.0013809438,0.003318671881406202,0.748792270531401,69,True
30--300s,train2000_2009_test2010_2012,2000-2009,2010-2012,255,270,262.5,7,-0.0037520996746256002,-0.0037520996746256002,-0.011286594767667277,-0.0008118105491410784,0.000842106292931556,-0.0027901705,-0.0024538757,0.0010352936,0.0032821631532258567,0.7371794871794871,52,True
30--300s,train2000_2009_test2010_2012,2000-2009,2010-2012,255,270,262.5,8,-0.0044750846191402354,-0.0044750846191402354,-0.011338701030774148,-0.0013579794451410658,-0.0007285733815054935,-0.0028155067,-0.003228292,-0.0006500591,0.003962988053578889,0.875,56,True
30--300s,train2000_2009_test2010_2012,2000-2009,2010-2012,255,270,262.5,9,-0.004073700720341871,-0.004073700720341871,-0.009895585630500428,-0.001462629603297958,-0.0008628869272272266,-0.0021138093,-0.0033766762,-0.0007941787,0.0028196591436959865,0.9141414141414141,66,True
30--300s,train2000_2009_test2010_2012,2000-2009,2010-2012,255,270,262.5,10,-0.005748058301431174,-0.005748058301431174,-0.015095373277919611,-0.001368380962906771,-0.00078042066346714,-0.0046421424,-0.0032430405,-0.0007056917,0.0037219209769584764,0.8835978835978836,63,True
30--300s,train2000_2009_test2010_2012,2000-2009,2010-2012,270,285,277.5,-10,0.0032080707257169682,0.0032080707257169682,0.006954504685370694,0.00026435189387768413,0.002405355597902527,0.006079342,-0.0009279779,0.0027126735,0.0035917722013688843,0.748792270531401,69,True
30--300s,train2000_2009_test2010_2012,2000-2009,2010-2012,270,285,277.5,-9,0.003870631293427362,0.003870631293427362,0.008349393997416863,0.0003063268344845324,0.0029561730483806904,0.00675759,-0.0008684614,0.0033037052,0.003537985468747168,0.7558685446009389,71,True
30--300s,train2000_2009_test2010_2012,2000-2009,2010-2012,270,285,277.5,-8,-0.0004403189132288943,-0.0004403189132288943,-0.0028158576517763674,0.0002090926750755147,0.00128580823701417,0.0013286222,-0.0010063304,0.0015113895,0.004959349372041918,0.6666666666666666,53,True
30--300s,train2000_2009_test2010_2012,2000-2009,2010-2012,270,285,277.5,-7,0.007413773986323736,0.007413773986323736,0.009326505469181892,0.00577814497755081,0.007136671512238503,0.007232698,0.006890065,0.007789416,0.006195169108293912,0.9074074074074073,72,True
30--300s,train2000_2009_test2010_2012,2000-2009,2010-2012,270,285,277.5,-6,0.008673337640548525,0.008673337640548525,0.011512121806022806,0.005952865668544485,0.008555025447078283,0.008295428,0.0071378024,0.009311321,0.004975351104429515,0.9176954732510287,81,True
30--300s,train2000_2009_test2010_2012,2000-2009,2010-2012,270,285,277.5,-5,0.010435167405656505,0.010435167405656505,0.014617384105331173,0.0061632883587062455,0.010524829752932095,0.009805324,0.007436163,0.011424938,0.00530605646151119,0.9411764705882353,85,True
30--300s,train2000_2009_test2010_2012,2000-2009,2010-2012,270,285,277.5,-4,0.010462299425061512,0.010462299425061512,0.016228944355996526,0.006310505493292899,0.008847448425895112,0.010588925,0.0076449024,0.009625094,0.0051833143835781775,0.9651741293532339,67,True
30--300s,train2000_2009_test2010_2012,2000-2009,2010-2012,270,285,277.5,-3,0.009856167488961027,0.009856167488961027,0.014606326485697058,0.006088098796184847,0.008874077185001177,0.009799947,0.007329551,0.009653667,0.005998630287080665,0.947565543071161,89,True
30--300s,train2000_2009_test2010_2012,2000-2009,2010-2012,270,285,277.5,-2,0.009638189656066672,0.009638189656066672,0.013580919809072245,0.006006236914016192,0.009327412245111579,0.009301356,0.007213478,0.0101401,0.004917938075118906,0.9583333333333333,88,True
30--300s,train2000_2009_test2010_2012,2000-2009,2010-2012,270,285,277.5,-1,0.010803088461158863,0.010803088461158863,0.016631665351835495,0.005885438080638004,0.009892161951003094,0.010784744,0.0070421966,0.01074608,0.005505491935202119,0.9573643410852712,86,True
30--300s,train2000_2009_test2010_2012,2000-2009,2010-2012,270,285,277.5,0,0.004950011519419548,0.004950011519419548,0.006653136822498788,0.003469118113068575,0.00472777962269128,0.0059328056,0.003616081,0.0052046543,0.005022568777225935,0.9239956568946798,307,True
30--300s,train2000_2009_test2010_2012,2000-2009,2010-2012,270,285,277.5,1,0.004551383158937188,0.004551383158937188,0.003949989543848854,0.004344925462227177,0.005359234470735532,0.0046184333,0.004857894,0.0058822106,0.004483516436486408,0.8818565400843883,79,True
30--300s,train2000_2009_test2010_2012,2000-2009,2010-2012,270,285,277.5,2,0.0019209385889255267,0.0019209385889255267,0.0021482458936325126,0.0008316336889538113,0.0027829361841902565,0.003742357,-0.00012362537,0.0031178205,0.003707476820437265,0.888888888888889,69,True
30--300s,train2000_2009_test2010_2012,2000-2009,2010-2012,270,285,277.5,3,-0.0008700355930613879,-0.0008700355930613879,-0.0029426732681086527,-3.7824933327718174e-06,0.00033634898225726076,0.0012669598,-0.0013081674,0.00049261167,0.003791876225851318,0.7863247863247863,78,True
30--300s,train2000_2009_test2010_2012,2000-2009,2010-2012,270,285,277.5,4,0.0035236077221684698,0.0035236077221684698,0.0023217225993654713,0.002673145487172084,0.005575955079967853,0.0038267083,0.0024874662,0.006114754,0.003240193829569649,0.8847736625514404,81,True
30--300s,train2000_2009_test2010_2012,2000-2009,2010-2012,270,285,277.5,5,0.0008217830848640277,0.0008217830848640277,-0.0040138255467423835,0.0020179318989361704,0.0044612429023982965,0.00074612495,0.0015584346,0.004918658,0.003576101693163855,0.7850877192982456,76,True
30--300s,train2000_2009_test2010_2012,2000-2009,2010-2012,270,285,277.5,6,-0.0019499940311471097,-0.0019499940311471097,-0.007253173255844859,0.00010981138493137225,0.0012933797774721586,-0.0008289685,-0.001147102,0.0015195139,0.0030294557528411214,0.7162162162162162,74,True
30--300s,train2000_2009_test2010_2012,2000-2009,2010-2012,270,285,277.5,7,-0.0028849798236171295,-0.0028849798236171295,-0.008762003919256554,-0.0008072028729655469,0.0009142673213707116,-0.001562619,-0.0024473423,0.001112723,0.0032181289842857794,0.7055555555555555,60,True
30--300s,train2000_2009_test2010_2012,2000-2009,2010-2012,270,285,277.5,8,-0.004390878490894461,-0.004390878490894461,-0.011112668058516852,-0.001383067306997732,-0.0006769001071688002,-0.0027056008,-0.0032638644,-0.0005946132,0.003350929881696855,0.896969696969697,55,True
30--300s,train2000_2009_test2010_2012,2000-2009,2010-2012,270,285,277.5,9,-0.004093667483576105,-0.004093667483576105,-0.010154514205466494,-0.001371040106316746,-0.0007554481389450728,-0.0022397102,-0.003246811,-0.0006788959,0.0025933548832893336,0.8769230769230769,65,True
30--300s,train2000_2009_test2010_2012,2000-2009,2010-2012,270,285,277.5,10,-0.004464879850765352,-0.004464879850765352,-0.011512475312237999,-0.0013469784096372145,-0.0005351858304208417,-0.0029000023,-0.0032126936,-0.0004425526,0.002549827025640729,0.869281045751634,51,True
30--300s,train2000_2009_test2010_2012,2000-2009,2010-2012,285,300,292.5,-10,0.003403248396932187,0.003403248396932187,0.0072963684374325755,0.0005123456081954724,0.0024010311451685136,0.006245569,-0.000576346,0.0027080334,0.004305978625696419,0.7933333333333333,50,True
30--300s,train2000_2009_test2010_2012,2000-2009,2010-2012,285,300,292.5,-9,0.004054570769859251,0.004054570769859251,0.008612625066124067,0.00014168991738297256,0.003409397326070717,0.006885583,-0.0011019012,0.0037900188,0.004026337387375842,0.7678571428571429,56,True
30--300s,train2000_2009_test2010_2012,2000-2009,2010-2012,285,300,292.5,-8,0.001289822768406861,0.001289822768406861,0.002603775671526866,0.0003225011506964327,0.0009431914829972852,0.0039638528,-0.00084552774,0.0011437589,0.004628564136845864,0.6767676767676767,66,True
30--300s,train2000_2009_test2010_2012,2000-2009,2010-2012,285,300,292.5,-7,0.007021472412837623,0.007021472412837623,0.008211101929332408,0.00602013134943901,0.006833183959741452,0.0066903476,0.0072331796,0.0074637714,0.0053128975181680315,0.9069767441860465,86,True
30--300s,train2000_2009_test2010_2012,2000-2009,2010-2012,285,300,292.5,-6,0.008547741042043512,0.008547741042043512,0.011327674050639452,0.006160151091160588,0.008155397984330496,0.008205743,0.0074317143,0.008882518,0.00525633187313296,0.9166666666666667,76,True
30--300s,train2000_2009_test2010_2012,2000-2009,2010-2012,285,300,292.5,-5,0.010947393318339911,0.010947393318339911,0.016010714278901494,0.006377854735358785,0.010453610940759453,0.010482814,0.0077403975,0.0113485195,0.005170223992065132,0.9670781893004115,81,True
30--300s,train2000_2009_test2010_2012,2000-2009,2010-2012,285,300,292.5,-4,0.009997144172160929,0.009997144172160929,0.014940154491038044,0.006420828510875169,0.008630449514569575,0.009962267,0.0078013306,0.009392252,0.005452459010853751,0.9504504504504504,74,True
30--300s,train2000_2009_test2010_2012,2000-2009,2010-2012,285,300,292.5,-3,0.009860754919153773,0.009860754919153773,0.013984789728598448,0.005722809016347423,0.009874666012515451,0.009497733,0.006811604,0.010727307,0.005532905935398089,0.948051948051948,77,True
30--300s,train2000_2009_test2010_2012,2000-2009,2010-2012,285,300,292.5,-2,0.008361480781350883,0.008361480781350883,0.00976687076204366,0.005390508930288697,0.00992706265172029,0.007446821,0.0063404334,0.010783529,0.005266082221264751,0.9230769230769231,91,True
30--300s,train2000_2009_test2010_2012,2000-2009,2010-2012,285,300,292.5,-1,0.010071066114737893,0.010071066114737893,0.014575522963266531,0.005475631044996628,0.010162044335950521,0.0097849695,0.0064611286,0.011035667,0.005811746050388061,0.9450980392156862,85,True
30--300s,train2000_2009_test2010_2012,2000-2009,2010-2012,285,300,292.5,0,0.004788596551130466,0.004788596551130466,0.006167311856695836,0.0035501986838585285,0.004648279112837032,0.0056965793,0.0037310456,0.0051193493,0.00481926642486161,0.9130434782608695,161,True
30--300s,train2000_2009_test2010_2012,2000-2009,2010-2012,285,300,292.5,1,0.00472922106325763,0.00472922106325763,0.00462962499253116,0.004279320749735619,0.00527871744750611,0.0049488978,0.0047648726,0.005795815,0.00446908659295024,0.9141914191419142,101,True
30--300s,train2000_2009_test2010_2012,2000-2009,2010-2012,285,300,292.5,2,0.0015471844762955625,0.0015471844762955625,0.001452067846572326,0.0007111183871867016,0.0024783671951276597,0.003403849,-0.0002945048,0.0027910152,0.004467993026968306,0.8888888888888888,90,True
30--300s,train2000_2009_test2010_2012,2000-2009,2010-2012,285,300,292.5,3,-0.0015209379525046155,-0.0015209379525046155,-0.004761321457722537,2.9976338478343866e-05,0.0001685312617303458,0.00038266418,-0.0012603005,0.00031254182,0.004143293099575766,0.7964912280701755,95,True
30--300s,train2000_2009_test2010_2012,2000-2009,2010-2012,285,300,292.5,4,0.0028640241461762423,0.0028640241461762423,0.00028008757487276695,0.0026931647582001447,0.005618820105455815,0.002833988,0.0025158518,0.006160748,0.003565883618131664,0.8354978354978354,77,True
30--300s,train2000_2009_test2010_2012,2000-2009,2010-2012,285,300,292.5,5,0.0014672551214048493,0.0014672551214048493,-0.00244055175229826,0.0020648087296995378,0.00477750838681327,0.0015111103,0.0016249017,0.0052580135,0.0031438831082561403,0.7945736434108527,86,True
30--300s,train2000_2009_test2010_2012,2000-2009,2010-2012,285,300,292.5,6,-0.0016800776719826478,-0.0016800776719826478,-0.0062076732247983175,-7.700279783721916e-06,0.0011751404886340964,-0.00032060675,-0.0013137225,0.0013926422,0.0032277904344127696,0.7487179487179487,65,True
30--300s,train2000_2009_test2010_2012,2000-2009,2010-2012,285,300,292.5,7,-0.0030229743891281853,-0.0030229743891281853,-0.00932718917786567,-0.0007825162058670054,0.001040782216348119,-0.0018374334,-0.002412339,0.0012484745,0.002760816390815558,0.6925925925925925,90,True
30--300s,train2000_2009_test2010_2012,2000-2009,2010-2012,285,300,292.5,8,-0.0034203913468733547,-0.0034203913468733547,-0.008039066837079513,-0.0014209077186861348,-0.0008011994848544186,-0.0012110996,-0.0033175184,-0.00072798756,0.0024750388365722,0.8850574712643678,58,True
30--300s,train2000_2009_test2010_2012,2000-2009,2010-2012,285,300,292.5,9,-0.003772648538576321,-0.003772648538576321,-0.009313147666267277,-0.001362103535665154,-0.0006426944137965316,-0.0018306059,-0.0032341399,-0.00055791024,0.003273871052417946,0.869047619047619,56,True
30--300s,train2000_2009_test2010_2012,2000-2009,2010-2012,285,300,292.5,10,-0.005813977573083994,-0.005813977573083994,-0.015292933699008573,-0.0013273566116447065,-0.0008216424085987019,-0.004738204,-0.0031848717,-0.00074992294,0.0030408811125154775,0.9128205128205129,65,True
30--300s,train2000_2012_test2013_2015,2000-2012,2013-2015,30,45,37.5,-10,0.011255549343517855,0.011255549343517855,0.014866437170071366,0.012445238521568504,0.0064549723389136955,0.010440321,0.017412888,0.0081672,0.01601251731806889,0.8908045977011494,116,True
30--300s,train2000_2012_test2013_2015,2000-2012,2013-2015,30,45,37.5,-9,0.010998284928531357,0.010998284928531357,0.015208615195474005,0.011740006758671016,0.006046232831449053,0.010629084,0.016475825,0.0076348362,0.017684550598231513,0.8981481481481481,108,True
30--300s,train2000_2012_test2013_2015,2000-2012,2013-2015,30,45,37.5,-8,0.004118756290574842,0.004118756290574842,0.0006648865987096696,0.00950277383411663,0.0021886084388982262,0.0026059577,0.0135031445,0.002610461,0.015749639552147785,0.9154929577464789,142,True
30--300s,train2000_2012_test2013_2015,2000-2012,2013-2015,30,45,37.5,-7,0.011237931865097226,0.011237931865097226,0.014292518991026884,0.010160928188844794,0.009260348415420002,0.010123716,0.0143776545,0.011821072,0.019351883864748776,0.8683473389355741,119,True
30--300s,train2000_2012_test2013_2015,2000-2012,2013-2015,30,45,37.5,-6,0.01251915066098264,0.01251915066098264,0.015817039029398038,0.015348887170673732,0.006391525782876149,0.010964725,0.021271056,0.0080845645,0.01905224062204243,0.8743589743589744,130,True
30--300s,train2000_2012_test2013_2015,2000-2012,2013-2015,30,45,37.5,-5,0.020042109963346197,0.020042109963346197,0.025515491872529196,0.022589021258636342,0.012021816758873047,0.01631493,0.03089125,0.015417754,0.01904704379134836,0.8930348258706468,134,True
30--300s,train2000_2012_test2013_2015,2000-2012,2013-2015,30,45,37.5,-4,0.016581224551086567,0.016581224551086567,0.023321304438245094,0.016245142325815136,0.010177226889199474,0.015104494,0.02246194,0.013015263,0.016437977162557987,0.9148418491484185,137,True
30--300s,train2000_2012_test2013_2015,2000-2012,2013-2015,30,45,37.5,-3,0.00843161835793339,0.00843161835793339,0.004422721278650909,0.012088565455011704,0.008783568340137557,0.004678988,0.016938966,0.011200087,0.017320137998032507,0.839622641509434,106,True
30--300s,train2000_2012_test2013_2015,2000-2012,2013-2015,30,45,37.5,-2,0.01061295215883332,0.01061295215883332,0.010211386713507893,0.012043092306446637,0.009584377456545431,0.007872337,0.016878545,0.012243104,0.014168429355775133,0.871604938271605,135,True
30--300s,train2000_2012_test2013_2015,2000-2012,2013-2015,30,45,37.5,-1,0.01730811193358398,0.01730811193358398,0.025185179910293766,0.013802419562464125,0.012936736327994046,0.01613271,0.019216217,0.016609393,0.012581928595469605,0.8935185185185185,144,True
30--300s,train2000_2012_test2013_2015,2000-2012,2013-2015,30,45,37.5,0,-0.002128799818441439,-0.002128799818441439,0.0021546255659813107,-0.009611809581784495,0.0010707845604788655,0.0034277802,-0.011895,0.0011545477,0.007362077028662279,0.7676056338028169,142,True
30--300s,train2000_2012_test2013_2015,2000-2012,2013-2015,30,45,37.5,1,0.0027097045270211874,0.0027097045270211874,0.0030607415444029373,0.0008352496129728939,0.004233122423687732,0.0039276443,0.0019863339,0.0052733445,0.005584545621372531,0.7786885245901639,122,True
30--300s,train2000_2012_test2013_2015,2000-2012,2013-2015,30,45,37.5,2,-0.004420848145119766,-0.004420848145119766,-0.011425466455879238,-0.0003209821755074512,-0.0015160958039726086,-0.0040637515,0.00045001265,-0.002214743,0.004828926783841646,0.8380952380952381,105,True
30--300s,train2000_2012_test2013_2015,2000-2012,2013-2015,30,45,37.5,3,-0.007548385123426512,-0.007548385123426512,-0.014982501004445306,-0.0037966444089011847,-0.003866009956933049,-0.0060260086,-0.004168208,-0.005275396,0.00391792018077739,0.9571865443425076,109,True
30--300s,train2000_2012_test2013_2015,2000-2012,2013-2015,30,45,37.5,4,-0.0005418768038192369,-0.0005418768038192369,-0.0034926943253905892,0.0009669318974418889,0.0009001320164909891,0.00031240555,0.0021613042,0.00093228073,0.004029468308246212,0.75,80,True
30--300s,train2000_2012_test2013_2015,2000-2012,2013-2015,30,45,37.5,5,-0.003110650715441195,-0.003110650715441195,-0.008413643660428903,-0.001674047339217437,0.0007557388533227548,-0.002402263,-0.0013478473,0.00074421533,0.0038576452921741384,0.7555555555555555,90,True
30--300s,train2000_2012_test2013_2015,2000-2012,2013-2015,30,45,37.5,6,-0.003870469640104312,-0.003870469640104312,-0.00638866583954085,-0.004143693431946222,-0.0010790496488258642,-0.001285173,-0.0046293433,-0.0016455108,0.004299631979448764,0.7925925925925925,90,True
30--300s,train2000_2012_test2013_2015,2000-2012,2013-2015,30,45,37.5,7,-0.005661351736907398,-0.005661351736907398,-0.010396726325272854,-0.003819384489531468,-0.0027679443959178736,-0.0034962413,-0.0041984236,-0.003845217,0.0035348871201955913,0.9444444444444444,54,True
30--300s,train2000_2012_test2013_2015,2000-2012,2013-2015,30,45,37.5,8,-0.0062144976396286845,-0.0062144976396286845,-0.010428210990017029,-0.00517832869887519,-0.0030369532299938367,-0.00351361,-0.006004095,-0.0041955886,0.0037201944181011223,0.8979591836734694,49,True
30--300s,train2000_2012_test2013_2015,2000-2012,2013-2015,30,45,37.5,9,-0.006292008269132032,-0.006292008269132032,-0.01075625137505887,-0.004783316571027719,-0.003336456861309507,-0.0036945753,-0.00547923,-0.004585678,0.003939675262356566,0.9365079365079365,63,True
30--300s,train2000_2012_test2013_2015,2000-2012,2013-2015,30,45,37.5,10,-0.007665722191528058,-0.007665722191528058,-0.015095226652141828,-0.005034281798486878,-0.0028676581239554686,-0.006088195,-0.0058126957,-0.0039750896,0.004369003633830511,0.961111111111111,60,True
30--300s,train2000_2012_test2013_2015,2000-2012,2013-2015,45,60,52.5,-10,0.010245477768555068,0.010245477768555068,0.011862904932825609,0.011850472150039197,0.007023056222800394,0.008783406,0.016622605,0.008907103,0.013165105716490957,0.8636363636363636,88,True
30--300s,train2000_2012_test2013_2015,2000-2012,2013-2015,45,60,52.5,-9,0.00935304068148577,0.00935304068148577,0.00928461574544726,0.011992779595617882,0.006781726703392164,0.0073610786,0.016811693,0.008592783,0.014662777743044968,0.8195718654434251,109,True
30--300s,train2000_2012_test2013_2015,2000-2012,2013-2015,45,60,52.5,-8,0.004331213027499967,0.004331213027499967,-0.0005085968068183167,0.009152727764434617,0.004349508124883601,0.0019585993,0.013038027,0.0054249316,0.014359760557003411,0.8934707903780069,97,True
30--300s,train2000_2012_test2013_2015,2000-2012,2013-2015,45,60,52.5,-7,0.016762139417222235,0.016762139417222235,0.023544276109183988,0.014506035322169916,0.012236106820312799,0.015227498,0.020151133,0.015696857,0.01704360650416867,0.9081632653061225,98,True
30--300s,train2000_2012_test2013_2015,2000-2012,2013-2015,45,60,52.5,-6,0.016231036107349266,0.016231036107349266,0.02265509816409894,0.014473009841197088,0.01156500031675176,0.014736977,0.02010725,0.014822773,0.01644218024528003,0.8921568627450981,102,True
30--300s,train2000_2012_test2013_2015,2000-2012,2013-2015,45,60,52.5,-5,0.022891043269094545,0.022891043269094545,0.03155030520062148,0.02172424103315095,0.015398583573511215,0.019644069,0.029742189,0.019815834,0.015931551050265207,0.9528619528619529,99,True
30--300s,train2000_2012_test2013_2015,2000-2012,2013-2015,45,60,52.5,-4,0.01937529769838336,0.01937529769838336,0.030138763422818755,0.018670679322849777,0.009316450349481543,0.018865382,0.025684826,0.011894141,0.015991144251557395,0.9393939393939394,99,True
30--300s,train2000_2012_test2013_2015,2000-2012,2013-2015,45,60,52.5,-3,0.020233278657851062,0.020233278657851062,0.027832199689200216,0.019164914804738642,0.013702721479614325,0.017592954,0.026341531,0.017607056,0.01619599360207114,0.9088319088319088,117,True
30--300s,train2000_2012_test2013_2015,2000-2012,2013-2015,45,60,52.5,-2,0.019886089846136275,0.019886089846136275,0.027221261554242208,0.018020739614163103,0.014416268370003512,0.017255927,0.024821231,0.018536417,0.013487817454149497,0.9333333333333333,120,True
30--300s,train2000_2012_test2013_2015,2000-2012,2013-2015,45,60,52.5,-1,0.02447548747254054,0.02447548747254054,0.03722478916287623,0.01998978602453855,0.016211887230206844,0.022774426,0.027437564,0.020875124,0.011689486213542868,0.9784946236559139,124,True
30--300s,train2000_2012_test2013_2015,2000-2012,2013-2015,45,60,52.5,0,0.002474002533433762,0.002474002533433762,0.00348872145014204,-0.0001511726704336994,0.004084458820592945,0.0041637416,0.00067564385,0.005079717,0.005649452493343697,0.8095238095238094,133,True
30--300s,train2000_2012_test2013_2015,2000-2012,2013-2015,45,60,52.5,1,0.006054739340988101,0.006054739340988101,0.00554268524260423,0.007189031655667413,0.005432501124692661,0.0052968217,0.010428803,0.0068354793,0.005476095937939523,0.9014492753623189,115,True
30--300s,train2000_2012_test2013_2015,2000-2012,2013-2015,45,60,52.5,2,-0.006025217651312207,-0.006025217651312207,-0.014313054387973584,-0.002049771042634835,-0.001712827523328203,-0.0056567052,-0.0018470831,-0.002470977,0.004667151023732756,0.9139784946236559,93,True
30--300s,train2000_2012_test2013_2015,2000-2012,2013-2015,45,60,52.5,3,-0.008768911440127904,-0.008768911440127904,-0.018481158440770494,-0.0043962763690695615,-0.0034292995105436558,-0.007956062,-0.004964958,-0.004706601,0.0036756543261283964,0.96996996996997,111,True
30--300s,train2000_2012_test2013_2015,2000-2012,2013-2015,45,60,52.5,4,-0.0009946342704822643,-0.0009946342704822643,-0.004770013804038189,0.0003244563052635422,0.001461654687327855,-0.0003922347,0.001307627,0.0016636377,0.004080433760913362,0.7514619883040935,114,True
30--300s,train2000_2012_test2013_2015,2000-2012,2013-2015,45,60,52.5,5,-0.00252881068525567,-0.00252881068525567,-0.006564640342641023,-0.0019103763587958848,0.0008885846456698966,-0.0013822502,-0.001661865,0.0009172408,0.004019551378594146,0.7521367521367521,78,True
30--300s,train2000_2012_test2013_2015,2000-2012,2013-2015,45,60,52.5,6,-0.004732998271892988,-0.004732998271892988,-0.008492907957086087,-0.0045089466131553076,-0.001197140245437568,-0.0024459895,-0.0051146667,-0.0017993182,0.0033872074847428367,0.9156118143459915,79,True
30--300s,train2000_2012_test2013_2015,2000-2012,2013-2015,45,60,52.5,7,-0.006468874154652689,-0.006468874154652689,-0.01223436457990221,-0.004247039532548878,-0.00292521835150698,-0.0045099845,-0.0047666626,-0.0040500592,0.0035969629491052683,0.9583333333333334,72,True
30--300s,train2000_2012_test2013_2015,2000-2012,2013-2015,45,60,52.5,8,-0.006331842976864438,-0.006331842976864438,-0.010822763358788269,-0.0051993922646126605,-0.0029733733071923858,-0.0037312668,-0.006032083,-0.0041127787,0.002759466660098366,0.9537037037037037,72,True
30--300s,train2000_2012_test2013_2015,2000-2012,2013-2015,45,60,52.5,9,-0.0067163768916501465,-0.0067163768916501465,-0.011724534375737863,-0.0052035830012015635,-0.003221013298011013,-0.004228734,-0.0060376516,-0.004435318,0.003670363172790772,0.963855421686747,83,True
30--300s,train2000_2012_test2013_2015,2000-2012,2013-2015,45,60,52.5,10,-0.006369503206620003,-0.006369503206620003,-0.011160448730526289,-0.005365135722389227,-0.0025829251669444906,-0.003917553,-0.0062523116,-0.0036042384,0.0029872434980536522,0.9469696969696969,44,True
30--300s,train2000_2012_test2013_2015,2000-2012,2013-2015,60,75,67.5,-10,0.0037700312149636034,0.0037700312149636034,0.003023071118895209,0.003636923720466471,0.0046500988055291305,0.003906863,0.005709006,0.005816437,0.00595093151075642,0.8297101449275361,92,True
30--300s,train2000_2012_test2013_2015,2000-2012,2013-2015,60,75,67.5,-9,0.0023370929654403182,0.0023370929654403182,-0.0008580733633287588,0.003626002007599037,0.004243350252050677,0.0017658086,0.0056944937,0.0052866656,0.006439299132859131,0.801980198019802,101,True
30--300s,train2000_2012_test2013_2015,2000-2012,2013-2015,60,75,67.5,-8,-0.0012244345205021582,-0.0012244345205021582,-0.007035924214983195,0.0007530436522881247,0.0026095770011885957,-0.0016422365,0.0018771043,0.0031587528,0.006472348190509248,0.7692307692307693,104,True
30--300s,train2000_2012_test2013_2015,2000-2012,2013-2015,60,75,67.5,-7,0.008032199288528222,0.008032199288528222,0.01232386485894931,0.006346333228929285,0.005426399777706073,0.009037697,0.009309083,0.006827533,0.007393233061273994,0.8888888888888888,87,True
30--300s,train2000_2012_test2013_2015,2000-2012,2013-2015,60,75,67.5,-6,0.012695964044000467,0.012695964044000467,0.015906415606730662,0.009879873486713325,0.012301603038557417,0.01101403,0.014004208,0.015782163,0.006791278983710144,0.9528985507246377,92,True
30--300s,train2000_2012_test2013_2015,2000-2012,2013-2015,60,75,67.5,-5,0.01617201970875857,0.01617201970875857,0.021654551353750627,0.01323719425934203,0.013624313513183054,0.014185021,0.018465186,0.017504932,0.008602978235784584,0.9494047619047619,112,True
30--300s,train2000_2012_test2013_2015,2000-2012,2013-2015,60,75,67.5,-4,0.010473201106331995,0.010473201106331995,0.013815429940416783,0.009572033009051129,0.008032140369528071,0.009860527,0.01359517,0.010221388,0.008944988105932306,0.9037800687285223,97,True
30--300s,train2000_2012_test2013_2015,2000-2012,2013-2015,60,75,67.5,-3,0.011366204082065217,0.011366204082065217,0.013300357351166926,0.011044302582276412,0.009753952312752312,0.009576384,0.015551422,0.012463967,0.008514619098226203,0.8879781420765027,122,True
30--300s,train2000_2012_test2013_2015,2000-2012,2013-2015,60,75,67.5,-2,0.012024418414558693,0.012024418414558693,0.014833953397699936,0.011149323338098687,0.01008997850787746,0.0104224,0.015690966,0.012901626,0.009096213304793281,0.8910256410256411,104,True
30--300s,train2000_2012_test2013_2015,2000-2012,2013-2015,60,75,67.5,-1,0.01411754977574612,0.01411754977574612,0.019530779752239227,0.011957908678028263,0.010863960896970866,0.013013431,0.016765358,0.013909702,0.0072211709268155495,0.9479905437352245,141,True
30--300s,train2000_2012_test2013_2015,2000-2012,2013-2015,60,75,67.5,0,-0.0010537276128387797,-0.0010537276128387797,-0.0030097591252323547,-0.0026014560436594465,0.0024500323303754627,0.0005788193,-0.0025801242,0.0029509533,0.005914812449812233,0.7591036414565826,119,True
30--300s,train2000_2012_test2013_2015,2000-2012,2013-2015,60,75,67.5,1,0.002767604735506359,0.002767604735506359,-7.529531261761108e-05,0.004633721995537887,0.0037443875235988,0.0021976323,0.0070334827,0.00463679,0.0048384749813197465,0.8623853211009175,109,True
30--300s,train2000_2012_test2013_2015,2000-2012,2013-2015,60,75,67.5,2,-0.005989490731081343,-0.005989490731081343,-0.01285909663368488,-0.002619703107460939,-0.002489672452098212,-0.004854621,-0.0026043695,-0.0034827811,0.0035044240538482105,0.9613095238095238,112,True
30--300s,train2000_2012_test2013_2015,2000-2012,2013-2015,60,75,67.5,3,-0.008207080773044457,-0.008207080773044457,-0.015625606455302383,-0.004472609198769173,-0.004523026665061812,-0.0063807815,-0.005066384,-0.0061311293,0.0029213791229760586,0.9877675840978594,109,True
30--300s,train2000_2012_test2013_2015,2000-2012,2013-2015,60,75,67.5,4,-0.0011758196294342157,-0.0011758196294342157,-0.003381019589570749,6.083028801527374e-05,-0.00020726958674717236,0.0003740115,0.0009573388,-0.0005100581,0.002911441940806962,0.7777777777777778,96,True
30--300s,train2000_2012_test2013_2015,2000-2012,2013-2015,60,75,67.5,5,-0.001934220444692299,-0.001934220444692299,-0.0036203655240032856,-0.0020301212281735614,-0.00015217458190004956,0.00024197501,-0.0018209738,-0.0004382994,0.0032223379102948153,0.7901234567901234,81,True
30--300s,train2000_2012_test2013_2015,2000-2012,2013-2015,60,75,67.5,6,-0.004003457505194904,-0.004003457505194904,-0.005932766204027674,-0.004350732582441772,-0.0017268737291152674,-0.0010336734,-0.0049044425,-0.0024892713,0.0030981266698071937,0.9233716475095785,87,True
30--300s,train2000_2012_test2013_2015,2000-2012,2013-2015,60,75,67.5,7,-0.005469565385801986,-0.005469565385801986,-0.008326859755819132,-0.0043540981511204805,-0.0037277382504663447,-0.0023543881,-0.0049089147,-0.0050953035,0.002958278765187116,0.9375,64,True
30--300s,train2000_2012_test2013_2015,2000-2012,2013-2015,60,75,67.5,8,-0.0059325847618656715,-0.0059325847618656715,-0.008823531234461099,-0.005177404154219665,-0.003796818896916252,-0.0026283797,-0.0060028667,-0.005185278,0.003237699243147939,0.9393939393939394,66,True
30--300s,train2000_2012_test2013_2015,2000-2012,2013-2015,60,75,67.5,9,-0.00532409029655278,-0.00532409029655278,-0.006901944402414312,-0.005258682550120875,-0.0038116439371231534,-0.0015683259,-0.0061108638,-0.005204587,0.003279551587221348,0.9253731343283582,67,True
30--300s,train2000_2012_test2013_2015,2000-2012,2013-2015,60,75,67.5,10,-0.006288852544341827,-0.006288852544341827,-0.009874389223867205,-0.005211257088587514,-0.003780911320570761,-0.0032080912,-0.006047848,-0.005164559,0.003273051246974031,0.9555555555555556,60,True
30--300s,train2000_2012_test2013_2015,2000-2012,2013-2015,75,90,82.5,-10,0.0003980533901052774,0.0003980533901052774,5.815809425836882e-05,-0.000604516518719659,0.0017405185947771222,0.0022712527,7.32717e-05,0.0020268448,0.0038273967594867984,0.7477477477477477,74,True
30--300s,train2000_2012_test2013_2015,2000-2012,2013-2015,75,90,82.5,-9,-0.002025905768058056,-0.002025905768058056,-0.0052827139815004994,-0.001093542229550192,0.0002985389068765227,-0.0006750685,-0.000576512,0.00014873382,0.004229345456392168,0.8205128205128205,78,True
30--300s,train2000_2012_test2013_2015,2000-2012,2013-2015,75,90,82.5,-8,-0.0050813577424987585,-0.0050813577424987585,-0.00978252885620289,-0.0042070922445547705,-0.0012544521267386123,-0.0031574161,-0.0047135833,-0.0018739643,0.003631327175074656,0.894927536231884,92,True
30--300s,train2000_2012_test2013_2015,2000-2012,2013-2015,75,90,82.5,-7,0.0032054167717046095,0.0032054167717046095,0.0030441624158503,0.0032491973990282754,0.0033228905002352536,0.0039184983,0.005193822,0.00408781,0.004255447394355994,0.8636363636363636,110,True
30--300s,train2000_2012_test2013_2015,2000-2012,2013-2015,75,90,82.5,-6,0.0058339528897765796,0.0058339528897765796,0.005010510201579789,0.0055043092750422015,0.0069870391927077495,0.0050032446,0.008190259,0.008860192,0.0043354755732498305,0.8852459016393442,122,True
30--300s,train2000_2012_test2013_2015,2000-2012,2013-2015,75,90,82.5,-5,0.006243818496401293,0.006243818496401293,0.008198208611667666,0.005934119992789472,0.004599126884746743,0.006761756,0.008761362,0.0057500484,0.004230871393806785,0.8967551622418879,113,True
30--300s,train2000_2012_test2013_2015,2000-2012,2013-2015,75,90,82.5,-4,0.0018050453380448112,0.0018050453380448112,0.0007425612683974539,0.004183311050848152,0.0004892636948888273,0.0026488074,0.0064350073,0.00039714391,0.006156235773000031,0.7127659574468085,94,True
30--300s,train2000_2012_test2013_2015,2000-2012,2013-2015,75,90,82.5,-3,0.0021673216923903467,0.0021673216923903467,0.001058559565889475,0.0037934431904996842,0.0016499623207818814,0.0028231295,0.005916978,0.0019088995,0.005139481884203347,0.7537537537537536,111,True
30--300s,train2000_2012_test2013_2015,2000-2012,2013-2015,75,90,82.5,-2,0.0026035480811907315,0.0026035480811907315,0.001951197132826879,0.004098753390209141,0.0017606937205361744,0.003315558,0.0063226535,0.002053122,0.0070155071994714,0.7570093457943925,107,True
30--300s,train2000_2012_test2013_2015,2000-2012,2013-2015,75,90,82.5,-1,0.0038894939944444087,0.0038894939944444087,0.003833794747136186,0.005865922470474115,0.0019687647657229248,0.004354103,0.008670746,0.0023241248,0.0063918010796524555,0.7745098039215685,136,True
30--300s,train2000_2012_test2013_2015,2000-2012,2013-2015,75,90,82.5,0,-0.005575792089068135,-0.005575792089068135,-0.009955209474066432,-0.004428471388636776,-0.0023436954045011997,-0.0032526762,-0.0050077364,-0.0032926528,0.0045838545155103706,0.8923884514435695,127,True
30--300s,train2000_2012_test2013_2015,2000-2012,2013-2015,75,90,82.5,1,-0.0030889997243177796,-0.0030889997243177796,-0.010140389768659847,-0.0003164939646409601,0.001189884560347468,-0.0033548318,0.00045597626,0.0013096697,0.0052932937338952615,0.7414330218068536,107,True
30--300s,train2000_2012_test2013_2015,2000-2012,2013-2015,75,90,82.5,2,-0.005303888036311163,-0.005303888036311163,-0.010539491685184858,-0.0033600164359998395,-0.002012155987748792,-0.0035749988,-0.0035880469,-0.002860838,0.00299206759833075,0.9590643274853801,114,True
30--300s,train2000_2012_test2013_2015,2000-2012,2013-2015,75,90,82.5,3,-0.00788420209206954,-0.00788420209206954,-0.014552086944981599,-0.004517358447279503,-0.004583160883947516,-0.005788569,-0.0051258435,-0.006209452,0.002782313827413664,0.9900990099009901,101,True
30--300s,train2000_2012_test2013_2015,2000-2012,2013-2015,75,90,82.5,4,-0.0006490601665961917,-0.0006490601665961917,-0.0017082133598228725,1.3825014268555549e-05,-0.0002527921542342581,0.0012968242,0.0008948814,-0.0005693491,0.003255861281113673,0.7925170068027212,98,True
30--300s,train2000_2012_test2013_2015,2000-2012,2013-2015,75,90,82.5,5,-0.0007172757285818481,-0.0007172757285818481,0.0006034300324219625,-0.0022058270388850727,-0.0005494301792824347,0.002572055,-0.0020544396,-0.00095570623,0.0030186459093855806,0.7866666666666666,75,True
30--300s,train2000_2012_test2013_2015,2000-2012,2013-2015,75,90,82.5,6,-0.0030013050292661187,-0.0030013050292661187,-0.0026363415877854375,-0.004467115674345336,-0.001900457825667583,0.00078481715,-0.0050590844,-0.0027153566,0.0027197940804147,0.895582329317269,83,True
30--300s,train2000_2012_test2013_2015,2000-2012,2013-2015,75,90,82.5,7,-0.004122268129311748,-0.004122268129311748,-0.004613192813023705,-0.0041181023157573805,-0.003635509259154158,-0.00030572357,-0.0045953393,-0.0049751797,0.0030558711223963825,0.9153439153439153,63,True
30--300s,train2000_2012_test2013_2015,2000-2012,2013-2015,75,90,82.5,8,-0.005238500103097566,-0.005238500103097566,-0.00628388112828962,-0.0055672338715992715,-0.003864385309403807,-0.0012273679,-0.006520846,-0.00527328,0.0031944142493855934,0.9333333333333333,80,True
30--300s,train2000_2012_test2013_2015,2000-2012,2013-2015,75,90,82.5,9,-0.0045129378107531025,-0.0045129378107531025,-0.0044349511443282095,-0.0053138180367508,-0.003790044251180299,-0.00020739557,-0.0061841244,-0.0051764543,0.002815395440589029,0.9177489177489178,77,True
30--300s,train2000_2012_test2013_2015,2000-2012,2013-2015,75,90,82.5,10,-0.006084318015690108,-0.006084318015690108,-0.008948876300230493,-0.005343824927667091,-0.0039602528191727375,-0.002697527,-0.0062239952,-0.005398143,0.00293865473132384,0.958904109589041,73,True
30--300s,train2000_2012_test2013_2015,2000-2012,2013-2015,90,105,97.5,-10,-0.00037289423913362254,-0.00037289423913362254,-0.0010486924804003867,-0.0013395731216649704,0.0012695828846644897,0.0016606523,-0.000903421,0.0014134732,0.0032836149636727035,0.7560137457044673,97,True
30--300s,train2000_2012_test2013_2015,2000-2012,2013-2015,90,105,97.5,-9,-0.0015104572199614332,-0.0015104572199614332,-0.0034503251686648037,-0.0009732840736225499,-0.00010776241759694642,0.0003357787,-0.00041672128,-0.00038045464,0.004045275713565706,0.8253968253968254,63,True
30--300s,train2000_2012_test2013_2015,2000-2012,2013-2015,90,105,97.5,-8,-0.005518376205932272,-0.005518376205932272,-0.011632746646615157,-0.004027418963146726,-0.0008949630080349328,-0.004178099,-0.0044748457,-0.0014057466,0.0035853951593631888,0.8181818181818182,88,True
30--300s,train2000_2012_test2013_2015,2000-2012,2013-2015,90,105,97.5,-7,0.003453981831389186,0.003453981831389186,0.0023786780308314107,0.004160188532745496,0.0038230789305906507,0.00355138,0.006404284,0.004739282,0.004036841391195611,0.8611111111111112,72,True
30--300s,train2000_2012_test2013_2015,2000-2012,2013-2015,90,105,97.5,-6,0.00512036308056432,0.00512036308056432,0.0030450835375500167,0.006733496774400504,0.0055825089297424375,0.0039190063,0.009823519,0.0070308573,0.005482983197493413,0.8488372093023255,86,True
30--300s,train2000_2012_test2013_2015,2000-2012,2013-2015,90,105,97.5,-5,0.007289626848960172,0.007289626848960172,0.008400325079546316,0.007621507883827476,0.005847047583506721,0.006873254,0.011003448,0.0073754066,0.004332117766674526,0.928,125,True
30--300s,train2000_2012_test2013_2015,2000-2012,2013-2015,90,105,97.5,-4,0.003952146935283959,0.003952146935283959,0.0023860290888025534,0.006466439402892585,0.0030039723141567385,0.0035554352,0.009468672,0.0036724342,0.005414949450321098,0.7857142857142857,98,True
30--300s,train2000_2012_test2013_2015,2000-2012,2013-2015,90,105,97.5,-3,0.0043976954138814535,0.0043976954138814535,0.0015205649256157644,0.0073170051345936155,0.004355516181434981,0.0030779971,0.010598845,0.0054327566,0.005405638583938407,0.8163841807909604,118,True
30--300s,train2000_2012_test2013_2015,2000-2012,2013-2015,90,105,97.5,-2,0.004395083306872891,0.004395083306872891,0.0017036395822952674,0.007162751802438404,0.004318858535885003,0.0031789914,0.010393884,0.0053850124,0.00617766906113475,0.8293333333333334,125,True
30--300s,train2000_2012_test2013_2015,2000-2012,2013-2015,90,105,97.5,-1,0.006307229240670925,0.006307229240670925,0.006518625440801595,0.008623878020479732,0.0037791842607314496,0.0058352044,0.012335327,0.0046821116,0.005740041483794864,0.8753387533875339,123,True
30--300s,train2000_2012_test2013_2015,2000-2012,2013-2015,90,105,97.5,0,-0.0033478626969977786,-0.0033478626969977786,-0.007669075460812392,-0.0019716638353826582,-0.00040284879479828597,-0.0019915178,-0.0017432997,-0.00076479086,0.004714114608965671,0.8296296296296296,135,True
30--300s,train2000_2012_test2013_2015,2000-2012,2013-2015,90,105,97.5,1,-0.001575639542038752,-0.001575639542038752,-0.007747357296480826,0.0009825230372718582,0.0020379156330927128,-0.0020347023,0.0021820208,0.0024141907,0.00487905039323375,0.7581699346405228,102,True
30--300s,train2000_2012_test2013_2015,2000-2012,2013-2015,90,105,97.5,2,-0.006060514057322757,-0.006060514057322757,-0.012558947490132474,-0.003047162092492335,-0.002575432589343461,-0.0046890425,-0.0031723478,-0.0035944795,0.0035032634268442908,0.9657320872274143,107,True
30--300s,train2000_2012_test2013_2015,2000-2012,2013-2015,90,105,97.5,3,-0.007528008020547656,-0.007528008020547656,-0.013060324808453018,-0.004096984382173686,-0.005426714871016264,-0.00496563,-0.0045672795,-0.0073081413,0.002961799600842606,0.9807162534435262,121,True
30--300s,train2000_2012_test2013_2015,2000-2012,2013-2015,90,105,97.5,4,-0.0007292006079665138,-0.0007292006079665138,-0.0011272932114709362,0.00035172330569532227,-0.0014120319181239274,0.001617292,0.0013438575,-0.0020792047,0.0031049217042223303,0.717948717948718,91,True
30--300s,train2000_2012_test2013_2015,2000-2012,2013-2015,90,105,97.5,5,-0.0008162838874954232,-0.0008162838874954232,0.0003854040865400883,-0.0015617704716872846,-0.0012724852773390734,0.0024517796,-0.0011986615,-0.0018974516,0.0026968443430617434,0.8263888888888888,96,True
30--300s,train2000_2012_test2013_2015,2000-2012,2013-2015,90,105,97.5,6,-0.00372571935453026,-0.00372571935453026,-0.0036328319155233863,-0.004111474245109227,-0.0034328519029581672,0.00023509786,-0.0045865322,-0.004711228,0.0026121987103894947,0.8928571428571429,84,True
30--300s,train2000_2012_test2013_2015,2000-2012,2013-2015,90,105,97.5,7,-0.005096332355766804,-0.005096332355766804,-0.005780535170932649,-0.0041503757864362325,-0.0053580861099315315,-0.0009496943,-0.004638222,-0.007218756,0.002770665185970729,0.9371980676328503,69,True
30--300s,train2000_2012_test2013_2015,2000-2012,2013-2015,90,105,97.5,8,-0.005873863854981108,-0.005873863854981108,-0.007115738353605425,-0.0049777066005222146,-0.005528146610815684,-0.0016862665,-0.0057375226,-0.0074402518,0.00298148239315202,0.9283154121863799,93,True
30--300s,train2000_2012_test2013_2015,2000-2012,2013-2015,90,105,97.5,9,-0.006103303949395523,-0.006103303949395523,-0.007520825644583549,-0.005006487565835548,-0.00578259863776747,-0.0019097351,-0.0057757646,-0.0077716634,0.0025865293974094337,0.967948717948718,52,True
30--300s,train2000_2012_test2013_2015,2000-2012,2013-2015,90,105,97.5,10,-0.006671063269934971,-0.006671063269934971,-0.009375637547389114,-0.005004555091699113,-0.005632997170716686,-0.0029329523,-0.005773197,-0.0075768144,0.002725605375276636,0.9794871794871794,65,True
30--300s,train2000_2012_test2013_2015,2000-2012,2013-2015,105,120,112.5,-10,0.00039487707200645496,0.00039487707200645496,9.290267920004208e-06,-0.0004362318732678139,0.0016115728213671747,0.0022442944,0.00029687677,0.001858899,0.003328897644514185,0.7905982905982906,78,True
30--300s,train2000_2012_test2013_2015,2000-2012,2013-2015,105,120,112.5,-9,-0.0009061140968319475,-0.0009061140968319475,-0.002924894300811829,-0.0005898054661212695,0.0007963574764372556,0.0006256355,9.281874e-05,0.00079711917,0.0036075454087226852,0.7216494845360825,97,True
30--300s,train2000_2012_test2013_2015,2000-2012,2013-2015,105,120,112.5,-8,-0.00355427756038841,-0.00355427756038841,-0.007671269549827938,-0.002961989500390826,-2.957363094646344e-05,-0.001992728,-0.0030591763,-0.0002786174,0.0036857289377893003,0.8021978021978022,91,True
30--300s,train2000_2012_test2013_2015,2000-2012,2013-2015,105,120,112.5,-7,0.003622333437442082,0.003622333437442082,0.0028583781577479757,0.00438380340989735,0.0036248187446809195,0.0038160093,0.0067014084,0.0044810576,0.004777801927892755,0.8505747126436781,87,True
30--300s,train2000_2012_test2013_2015,2000-2012,2013-2015,105,120,112.5,-6,0.005997492503865291,0.005997492503865291,0.004389806567656617,0.007130732573741628,0.006471938370197627,0.00466083,0.010351338,0.008189297,0.004261318877658735,0.8855218855218856,99,True
30--300s,train2000_2012_test2013_2015,2000-2012,2013-2015,105,120,112.5,-5,0.008881885256721497,0.008881885256721497,0.009989212493147092,0.009012438192489593,0.007644005084527806,0.0077497726,0.012851619,0.00971586,0.003862959619225449,0.9339622641509434,106,True
30--300s,train2000_2012_test2013_2015,2000-2012,2013-2015,105,120,112.5,-4,0.009319979759757378,0.009319979759757378,0.009778362363466369,0.0100629631822919,0.008118613733513863,0.0076334565,0.0142474845,0.010334016,0.004561624343142029,0.946360153256705,87,True
30--300s,train2000_2012_test2013_2015,2000-2012,2013-2015,105,120,112.5,-3,0.009404439208915493,0.009404439208915493,0.00821598781323469,0.010338949036605944,0.009658380776905845,0.006771564,0.0146141965,0.01233949,0.004359560827248573,0.9293785310734464,118,True
30--300s,train2000_2012_test2013_2015,2000-2012,2013-2015,105,120,112.5,-2,0.00943180124075083,0.00943180124075083,0.008380492440247078,0.010522426680607098,0.009392484601398313,0.006862314,0.014857989,0.011993173,0.005069392825196965,0.9090909090909091,121,True
30--300s,train2000_2012_test2013_2015,2000-2012,2013-2015,105,120,112.5,-1,0.012020277999755535,0.012020277999755535,0.015033963487070865,0.011490645867608082,0.00953622464458766,0.010532737,0.016144492,0.012180387,0.004828853071260598,0.9676375404530745,103,True
30--300s,train2000_2012_test2013_2015,2000-2012,2013-2015,105,120,112.5,0,-0.0007316126030856571,-0.0007316126030856571,-0.0033687198200822444,0.0003615881850574773,0.0008122938257677956,0.00038079676,0.0013569652,0.00081787555,0.004089712349416185,0.7669376693766937,123,True
30--300s,train2000_2012_test2013_2015,2000-2012,2013-2015,105,120,112.5,1,-0.00030020786425534056,-0.00030020786425534056,-0.004955212034987814,0.0013225337060299351,0.0027320547361918586,-0.00049440033,0.0026338035,0.0033182744,0.003942147105354647,0.7893081761006289,106,True
30--300s,train2000_2012_test2013_2015,2000-2012,2013-2015,105,120,112.5,2,-0.004569383008310421,-0.004569383008310421,-0.010540218759735655,-0.002392236306311905,-0.0007756939588837032,-0.0035753998,-0.0023021274,-0.0012504043,0.0034661680367414887,0.8801498127340823,89,True
30--300s,train2000_2012_test2013_2015,2000-2012,2013-2015,105,120,112.5,3,-0.007766337609679314,-0.007766337609679314,-0.014820471543935052,-0.003856737664846811,-0.0046218036202560825,-0.0059366245,-0.004248056,-0.006259782,0.0029175973807164268,0.9898989898989898,132,True
30--300s,train2000_2012_test2013_2015,2000-2012,2013-2015,105,120,112.5,4,-0.0013020132568679686,-0.0013020132568679686,-0.0039054506647618593,0.0005317103330149276,-0.0005322994388569737,8.470624e-05,0.0015830118,-0.0009333942,0.0032845924380195154,0.7398373983739837,82,True
30--300s,train2000_2012_test2013_2015,2000-2012,2013-2015,105,120,112.5,5,-0.001515151896956969,-0.001515151896956969,-0.002071301316053671,-0.00156201322388448,-0.0009121411509327561,0.0010965248,-0.0011989841,-0.0014281203,0.0034180071197972436,0.812206572769953,71,True
30--300s,train2000_2012_test2013_2015,2000-2012,2013-2015,105,120,112.5,6,-0.0037041095963094954,-0.0037041095963094954,-0.004352789089846107,-0.0039000989807207627,-0.002859440718361616,-0.00016207044,-0.0043056714,-0.003964387,0.002758804374634344,0.9166666666666666,80,True
30--300s,train2000_2012_test2013_2015,2000-2012,2013-2015,105,120,112.5,7,-0.00601353396512498,-0.00601353396512498,-0.008446422555392253,-0.003999909906174163,-0.005594269433808523,-0.0024203456,-0.0044382936,-0.007526373,0.0032953985254800698,0.9479166666666666,64,True
30--300s,train2000_2012_test2013_2015,2000-2012,2013-2015,105,120,112.5,8,-0.005598103082520873,-0.005598103082520873,-0.007009211292723126,-0.004821544401526728,-0.004963553553312765,-0.0016275003,-0.005530025,-0.0067048958,0.0023776197470709074,0.9411764705882353,85,True
30--300s,train2000_2012_test2013_2015,2000-2012,2013-2015,105,120,112.5,9,-0.005564441736606498,-0.005564441736606498,-0.007257186767887554,-0.004563533616116516,-0.004872604825815423,-0.0017642973,-0.005187198,-0.006586439,0.003274187198100918,0.9427083333333334,64,True
30--300s,train2000_2012_test2013_2015,2000-2012,2013-2015,105,120,112.5,10,-0.005446040730432498,-0.005446040730432498,-0.006505104901962865,-0.004854420328022947,-0.004978596961311687,-0.0013494071,-0.0055737086,-0.0067244885,0.002738482081622115,0.9417989417989419,63,True
30--300s,train2000_2012_test2013_2015,2000-2012,2013-2015,120,135,127.5,-10,0.0011965332109409824,0.0011965332109409824,0.0031434440673544163,-0.0007789597058712626,0.0012251152713397932,0.0039732675,-0.00015851641,0.0013555562,0.0037210207785032604,0.7717391304347826,92,True
30--300s,train2000_2012_test2013_2015,2000-2012,2013-2015,120,135,127.5,-9,-0.00025085204967491796,-0.00025085204967491796,-0.0003960080955338698,-0.00028250875163167286,-7.403930185921114e-05,0.0020207092,0.0005011335,-0.00033653187,0.0034038562091921413,0.7445887445887446,77,True
30--300s,train2000_2012_test2013_2015,2000-2012,2013-2015,120,135,127.5,-8,-0.003985629266896814,-0.003985629266896814,-0.008706212954151195,-0.0033596834757836573,0.00010900862924441268,-0.0025636605,-0.0035876047,-9.81205e-05,0.004300430547787855,0.7857142857142857,70,True
30--300s,train2000_2012_test2013_2015,2000-2012,2013-2015,120,135,127.5,-7,0.004461545546194797,0.004461545546194797,0.004686358034310304,0.004844043736775654,0.0038542348674984335,0.004824424,0.007312944,0.0047798613,0.005250136547958443,0.8761904761904762,70,True
30--300s,train2000_2012_test2013_2015,2000-2012,2013-2015,120,135,127.5,-6,0.006479219704248704,0.006479219704248704,0.005097297955670275,0.007614580015555492,0.006725781141520343,0.0050511216,0.010994242,0.008519916,0.003697586707804682,0.8918918918918919,74,True
30--300s,train2000_2012_test2013_2015,2000-2012,2013-2015,120,135,127.5,-5,0.0073395535545888934,0.0073395535545888934,0.00807487685547434,0.00761522288715981,0.006328560921132532,0.0066937194,0.0109950965,0.008002555,0.004074743503642366,0.9121212121212121,110,True
30--300s,train2000_2012_test2013_2015,2000-2012,2013-2015,120,135,127.5,-4,0.008106415382907047,0.008106415382907047,0.009521706344277176,0.009182866974226237,0.005614672830217729,0.007491871,0.013078074,0.007072749,0.004456002393987312,0.9175257731958762,97,True
30--300s,train2000_2012_test2013_2015,2000-2012,2013-2015,120,135,127.5,-3,0.00890000631108081,0.00890000631108081,0.009981441084327034,0.009423778353317706,0.00729479949559769,0.0077454858,0.01339818,0.009261036,0.004336385645645246,0.9391304347826087,115,True
30--300s,train2000_2012_test2013_2015,2000-2012,2013-2015,120,135,127.5,-2,0.008667358672291245,0.008667358672291245,0.00874319151956635,0.01010452362259724,0.007154360874710144,0.007062399,0.014302708,0.009078121,0.0055994500589059545,0.9276729559748427,106,True
30--300s,train2000_2012_test2013_2015,2000-2012,2013-2015,120,135,127.5,-1,0.010171974497155184,0.010171974497155184,0.013484040808010198,0.010441562196265047,0.006590320487190305,0.009677715,0.014750541,0.008343485,0.005869701568573636,0.943502824858757,118,True
30--300s,train2000_2012_test2013_2015,2000-2012,2013-2015,120,135,127.5,0,-0.0009179314725523451,-0.0009179314725523451,-0.0025950544854470275,-0.0003864338050877506,0.0002276938728777425,0.0008075934,0.00036304502,5.6461475e-05,0.004919152443867877,0.764102564102564,130,True
30--300s,train2000_2012_test2013_2015,2000-2012,2013-2015,120,135,127.5,1,-0.0003858874567755191,-0.0003858874567755191,-0.004626869281544649,0.0013757792675104328,0.002093427643707659,-0.00031326828,0.0027045526,0.0024864923,0.004581003723859642,0.8090614886731391,103,True
30--300s,train2000_2012_test2013_2015,2000-2012,2013-2015,120,135,127.5,2,-0.004472230545035378,-0.004472230545035378,-0.01054322392165382,-0.002542410869338804,-0.00033105684411350905,-0.0035770575,-0.002501669,-0.0006712852,0.003968246583021438,0.8185185185185185,90,True
30--300s,train2000_2012_test2013_2015,2000-2012,2013-2015,120,135,127.5,3,-0.006237204824123546,-0.006237204824123546,-0.013264886571410622,-0.003079891526686962,-0.0023668363742730546,-0.005078478,-0.0032158364,-0.0033227927,0.0034464815298350425,0.9433333333333332,100,True
30--300s,train2000_2012_test2013_2015,2000-2012,2013-2015,120,135,127.5,4,0.00011862583953191839,0.00011862583953191839,-0.0030677130859973205,0.0015180697322366456,0.0019055208723564297,0.00054684875,0.0028936183,0.0022417526,0.003140234748768855,0.8039215686274509,85,True
30--300s,train2000_2012_test2013_2015,2000-2012,2013-2015,120,135,127.5,5,3.824321386640548e-05,3.824321386640548e-05,-0.001192164346870025,-0.0005300008837044476,0.0018368948721736891,0.0015815054,0.00017228295,0.0021523705,0.0025513709060124385,0.717391304347826,92,True
30--300s,train2000_2012_test2013_2015,2000-2012,2013-2015,120,135,127.5,6,-0.0029322407365549264,-0.0029322407365549264,-0.004457695767192083,-0.0030448927441137706,-0.001294133698358925,-0.00021994275,-0.0031693324,-0.0019256476,0.0024933431706121926,0.8991228070175438,76,True
30--300s,train2000_2012_test2013_2015,2000-2012,2013-2015,120,135,127.5,7,-0.0049172752670868045,-0.0049172752670868045,-0.008277333012026485,-0.003120865643592207,-0.003353627145641723,-0.0023270666,-0.0032702798,-0.0046080416,0.002744703242081112,0.9629629629629629,81,True
30--300s,train2000_2012_test2013_2015,2000-2012,2013-2015,120,135,127.5,8,-0.00419033743795503,-0.00419033743795503,-0.005352927690950502,-0.0038664660890558103,-0.0033516185338587755,-0.00071380235,-0.004260983,-0.0046054255,0.002480806809454627,0.9236111111111112,48,True
30--300s,train2000_2012_test2013_2015,2000-2012,2013-2015,120,135,127.5,9,-0.004920727725938135,-0.004920727725938135,-0.007345529171276346,-0.003974193339616263,-0.003442460666921796,-0.0018130318,-0.004404123,-0.004723743,0.002724772711813624,0.9444444444444445,66,True
30--300s,train2000_2012_test2013_2015,2000-2012,2013-2015,120,135,127.5,10,-0.00589008845017856,-0.00589008845017856,-0.010438070373625907,-0.003944900185772663,-0.003287294791137111,-0.003519049,-0.0043652,-0.004521647,0.002907389257916412,0.9836065573770492,61,True
30--300s,train2000_2012_test2013_2015,2000-2012,2013-2015,135,150,142.5,-10,0.0006146703366254078,0.0006146703366254078,0.0011317404912714974,-0.000581130701518158,0.0012934012201228837,0.0028635003,0.00010434517,0.0014444954,0.0029234444148555166,0.7476190476190475,70,True
30--300s,train2000_2012_test2013_2015,2000-2012,2013-2015,135,150,142.5,-9,-0.0004070724954240344,-0.0004070724954240344,-0.001390616346109538,-0.00035070470007628744,0.0005201035599137224,0.0014720283,0.0004105194,0.00043731142,0.0027302081041230045,0.7066666666666667,75,True
30--300s,train2000_2012_test2013_2015,2000-2012,2013-2015,135,150,142.5,-8,-0.003468347119940448,-0.003468347119940448,-0.006688330793781554,-0.002752999513648144,-0.0009637110523916468,-0.0014504847,-0.0027814847,-0.0014952876,0.0034221327461235237,0.797752808988764,89,True
30--300s,train2000_2012_test2013_2015,2000-2012,2013-2015,135,150,142.5,-7,0.0034526253974461493,0.0034526253974461493,0.0015899308352280493,0.004539991976629162,0.004227953380481236,0.0031162635,0.0069089406,0.0052666124,0.003936174394755424,0.8695652173913043,69,True
30--300s,train2000_2012_test2013_2015,2000-2012,2013-2015,135,150,142.5,-6,0.005558744607743211,0.005558744607743211,0.003556690066664075,0.006863753090780386,0.006255790665785172,0.0042012366,0.009996595,0.007907775,0.004176703533892167,0.8583333333333334,80,True
30--300s,train2000_2012_test2013_2015,2000-2012,2013-2015,135,150,142.5,-5,0.006769697668960722,0.006769697668960722,0.0067621911835690374,0.007990604460800887,0.0055562973625122416,0.005969569,0.0114938775,0.0069967182,0.004757837600311718,0.912280701754386,95,True
30--300s,train2000_2012_test2013_2015,2000-2012,2013-2015,135,150,142.5,-4,0.008067386950633738,0.008067386950633738,0.009034860955123373,0.009022080040431396,0.006145219856346442,0.0072232997,0.01286443,0.007763762,0.0051585231396534155,0.9233716475095785,87,True
30--300s,train2000_2012_test2013_2015,2000-2012,2013-2015,135,150,142.5,-3,0.0081728579159376,0.0081728579159376,0.008622848068735225,0.00944326163533246,0.006452464043745116,0.0069960104,0.013424069,0.008163934,0.004190376291642384,0.9415807560137457,97,True
30--300s,train2000_2012_test2013_2015,2000-2012,2013-2015,135,150,142.5,-2,0.00822919705928732,0.00822919705928732,0.008281551755320428,0.009072665789363787,0.007333373633177747,0.0068077324,0.012931646,0.0093112765,0.005068933726746769,0.9093567251461989,114,True
30--300s,train2000_2012_test2013_2015,2000-2012,2013-2015,135,150,142.5,-1,0.010762722221662375,0.010762722221662375,0.015487134390740783,0.009208363715341,0.007592668558905344,0.010782732,0.013111952,0.009648996,0.005339052176666211,0.9495798319327731,119,True
30--300s,train2000_2012_test2013_2015,2000-2012,2013-2015,135,150,142.5,0,-1.572793836107338e-05,-1.572793836107338e-05,-0.0013263762004512617,0.000805146110289002,0.0004740462750790395,0.0015074667,0.0019463345,0.00037732394,0.004776985814192806,0.7703081232492996,119,True
30--300s,train2000_2012_test2013_2015,2000-2012,2013-2015,135,150,142.5,1,0.0007105217922460473,0.0007105217922460473,-0.0023745288433231412,0.0021776212110973846,0.0023284730089638984,0.00092924765,0.003769985,0.002792628,0.004029086849242699,0.8130841121495327,107,True
30--300s,train2000_2012_test2013_2015,2000-2012,2013-2015,135,150,142.5,2,-0.003965825065701318,-0.003965825065701318,-0.009581615747640387,-0.002283626414968934,-3.2233034494631165e-05,-0.003046581,-0.002157814,-0.00028208116,0.0032618225169935844,0.8118811881188119,101,True
30--300s,train2000_2012_test2013_2015,2000-2012,2013-2015,135,150,142.5,3,-0.005274561931699343,-0.005274561931699343,-0.011021293593319654,-0.003054688667008756,-0.0017477035347696177,-0.0038407873,-0.0031823486,-0.002516401,0.003638429253071791,0.9166666666666667,100,True
30--300s,train2000_2012_test2013_2015,2000-2012,2013-2015,135,150,142.5,4,-0.00020592903104673388,-0.00020592903104673388,-0.004049518062130616,0.0014659812960022838,0.001965749672988131,5.2306655e-06,0.0028244068,0.0023201979,0.0030417529397008076,0.8008130081300814,82,True
30--300s,train2000_2012_test2013_2015,2000-2012,2013-2015,135,150,142.5,5,-0.00045078532128702546,-0.00045078532128702546,-0.002543725053561799,-0.0006043918226058969,0.0017957609123066191,0.0008359096,7.343739e-05,0.0020987955,0.0028126263484527796,0.7142857142857143,84,True
30--300s,train2000_2012_test2013_2015,2000-2012,2013-2015,135,150,142.5,6,-0.003977084552310005,-0.003977084552310005,-0.008120343397687933,-0.0028893616741313684,-0.0009215485851107127,-0.0022404622,-0.0029626733,-0.001440373,0.0028722588426587786,0.9101123595505618,89,True
30--300s,train2000_2012_test2013_2015,2000-2012,2013-2015,135,150,142.5,7,-0.004109211059620387,-0.004109211059620387,-0.006972849219434948,-0.0027837167806249686,-0.0025710671788012453,-0.0016074409,-0.0028222997,-0.0035887938,0.003355224198195599,0.924731182795699,62,True
30--300s,train2000_2012_test2013_2015,2000-2012,2013-2015,135,150,142.5,8,-0.004906814697921703,-0.004906814697921703,-0.007956597883525426,-0.003728689533335125,-0.0030351566769045574,-0.0021501312,-0.004077914,-0.0041932487,0.002963876494087993,0.9451476793248946,79,True
30--300s,train2000_2012_test2013_2015,2000-2012,2013-2015,135,150,142.5,9,-0.004926548805215124,-0.004926548805215124,-0.008403388600182837,-0.003755999895922421,-0.002620257919540112,-0.0023966057,-0.0041142027,-0.0036528625,0.0023949615836098355,0.9607843137254901,68,True
30--300s,train2000_2012_test2013_2015,2000-2012,2013-2015,135,150,142.5,10,-0.005435639602201123,-0.005435639602201123,-0.0101141482370575,-0.0036433582622238496,-0.0025494123073220177,-0.0033403556,-0.003964532,-0.0035605894,0.0031982972090344626,0.9491525423728814,59,True
30--300s,train2000_2012_test2013_2015,2000-2012,2013-2015,150,165,157.5,-10,0.0008156740232588542,0.0008156740232588542,0.0014459471455564974,-0.000541143197825832,0.0015422181220458972,0.003036834,0.00015747781,0.0017685677,0.002832573694197062,0.780952380952381,70,True
30--300s,train2000_2012_test2013_2015,2000-2012,2013-2015,150,165,157.5,-9,0.0006281431573008113,0.0006281431573008113,0.0012662289239223092,-3.469893663307544e-05,0.0006528994846132,0.0029376915,0.0008304061,0.0006102719,0.003501267559756365,0.75,72,True
30--300s,train2000_2012_test2013_2015,2000-2012,2013-2015,150,165,157.5,-8,-0.0028137637683580212,-0.0028137637683580212,-0.0054251742996573905,-0.002965666348800835,-5.045065661583806e-05,-0.00075365754,-0.0030640617,-0.00030580876,0.0038901439722472935,0.7777777777777777,75,True
30--300s,train2000_2012_test2013_2015,2000-2012,2013-2015,150,165,157.5,-7,0.005289147301913107,0.005289147301913107,0.006066797479822531,0.005541468026031303,0.004259176399885487,0.0055859513,0.008239633,0.0053072786,0.0020583640419046313,0.9682051282051283,325,True
30--300s,train2000_2012_test2013_2015,2000-2012,2013-2015,150,165,157.5,-6,0.004094127644553766,0.004094127644553766,0.001531844728082037,0.006096337788665548,0.004654200416913712,0.0030842198,0.008976906,0.005821779,0.0038801586774755183,0.8464912280701754,76,True
30--300s,train2000_2012_test2013_2015,2000-2012,2013-2015,150,165,157.5,-5,0.005049668252821223,0.005049668252821223,0.002676911039766508,0.007487349213243579,0.004984744505453583,0.0037159019,0.010825186,0.006252297,0.004806393148758378,0.8623188405797101,92,True
30--300s,train2000_2012_test2013_2015,2000-2012,2013-2015,150,165,157.5,-4,0.0066187752383201895,0.0066187752383201895,0.00702729352263987,0.007685955083753358,0.005143077108567341,0.006115814,0.01108908,0.006458518,0.004559754591425651,0.9015873015873016,105,True
30--300s,train2000_2012_test2013_2015,2000-2012,2013-2015,150,165,157.5,-3,0.0071141477239345784,0.0071141477239345784,0.006259493662698858,0.008408956333728873,0.006673993175376005,0.0056922534,0.012049755,0.008452465,0.004482057972733832,0.9143730886850153,109,True
30--300s,train2000_2012_test2013_2015,2000-2012,2013-2015,150,165,157.5,-2,0.007239762160302194,0.007239762160302194,0.007024384670683641,0.008966828523381475,0.005728073286841464,0.0061142095,0.012791017,0.0072204485,0.005497187092836861,0.8880407124681934,131,True
30--300s,train2000_2012_test2013_2015,2000-2012,2013-2015,150,165,157.5,-1,0.008150149616278213,0.008150149616278213,0.009826359063486,0.007724659603301634,0.006899430182047007,0.007659934,0.011140508,0.008746086,0.004963893907162763,0.928,125,True
30--300s,train2000_2012_test2013_2015,2000-2012,2013-2015,150,165,157.5,0,-0.0013793141841464485,-0.0013793141841464485,-0.004526145159337513,0.0013372956564165887,-0.0009490930495184211,-0.00025770327,0.0026534183,-0.0014762484,0.005070143076859206,0.7972222222222222,120,True
30--300s,train2000_2012_test2013_2015,2000-2012,2013-2015,150,165,157.5,1,0.001258607155479395,0.001258607155479395,-0.0013583109170960444,0.003098110531721441,0.002036021851812788,0.0014898498,0.004993068,0.002411724,0.003898507031613181,0.8173076923076923,104,True
30--300s,train2000_2012_test2013_2015,2000-2012,2013-2015,150,165,157.5,2,-0.0024822662507805186,-0.0024822662507805186,-0.007065823548598601,-0.0007280625254752787,0.0003470873217323232,-0.0016587307,-9.0887734e-05,0.00021196586,0.00303273198703,0.7961165048543689,103,True
30--300s,train2000_2012_test2013_2015,2000-2012,2013-2015,150,165,157.5,3,-0.005257779675369707,-0.005257779675369707,-0.010923933119599768,-0.003030276112440243,-0.0018191297940691102,-0.0037870777,-0.0031499108,-0.0026094306,0.0029188520718050953,0.9285714285714286,98,True
30--300s,train2000_2012_test2013_2015,2000-2012,2013-2015,150,165,157.5,4,9.98838916249018e-05,9.98838916249018e-05,-0.0035532870837985888,0.0014358701679994341,0.0024170685906738597,0.00027897922,0.0027843972,0.0029080196,0.002991807200182155,0.8076923076923077,78,True
30--300s,train2000_2012_test2013_2015,2000-2012,2013-2015,150,165,157.5,5,-0.0005451314562282584,-0.0005451314562282584,-0.0032162733228870283,-0.0005947837253675906,0.002175662679569843,0.0004648947,8.620397e-05,0.0025935997,0.0029407151583655455,0.7028112449799196,83,True
30--300s,train2000_2012_test2013_2015,2000-2012,2013-2015,150,165,157.5,6,-0.003013414200778889,-0.003013414200778889,-0.00537753861931135,-0.002984828323021233,-0.0006778756600040834,-0.0007273791,-0.003089523,-0.0011230004,0.002954110387514182,0.8487972508591065,97,True
30--300s,train2000_2012_test2013_2015,2000-2012,2013-2015,150,165,157.5,7,-0.003940195919966146,-0.003940195919966146,-0.0063860459490519056,-0.0029740065660587463,-0.0024605352447877875,-0.0012837277,-0.0030751436,-0.0034448311,0.0028601704453585,0.9367816091954023,58,True
30--300s,train2000_2012_test2013_2015,2000-2012,2013-2015,150,165,157.5,8,-0.004410900537433467,-0.004410900537433467,-0.006502211117530153,-0.003993770260554376,-0.0027367202342158743,-0.0013478108,-0.0044301357,-0.003804549,0.002611938910917493,0.9411764705882353,85,True
30--300s,train2000_2012_test2013_2015,2000-2012,2013-2015,150,165,157.5,9,-0.0044615537302416,-0.0044615537302416,-0.007299006823789327,-0.0037256242741402074,-0.0023600300927952645,-0.0017873675,-0.0040738415,-0.003313928,0.0025964279849488387,0.9452054794520548,73,True
30--300s,train2000_2012_test2013_2015,2000-2012,2013-2015,150,165,157.5,10,-0.004640651626583996,-0.004640651626583996,-0.007800414283601765,-0.003876057343087734,-0.002245483253062489,-0.0020639717,-0.0042737266,-0.0031647359,0.002445027968846194,0.9513888888888888,48,True
30--300s,train2000_2012_test2013_2015,2000-2012,2013-2015,165,180,172.5,-10,0.0018779777217814164,0.0018779777217814164,0.003775680666874061,0.0004893805270402676,0.001368871971429921,0.004322044,0.0015267669,0.0015427925,0.003283723558342729,0.7934272300469483,71,True
30--300s,train2000_2012_test2013_2015,2000-2012,2013-2015,165,180,172.5,-9,0.0005397943115579319,0.0005397943115579319,0.0003176049115901798,5.4196997196202593e-05,0.001247581025887413,0.0024143779,0.0009485249,0.0013848167,0.002405147287372219,0.7214611872146118,73,True
30--300s,train2000_2012_test2013_2015,2000-2012,2013-2015,165,180,172.5,-8,-0.002056828637781643,-0.002056828637781643,-0.003951460618727379,-0.0024558498405585685,0.00023682454594101815,5.93246e-05,-0.0023866526,6.835375e-05,0.00346229691828533,0.751054852320675,79,True
30--300s,train2000_2012_test2013_2015,2000-2012,2013-2015,165,180,172.5,-7,0.003647060762979184,0.003647060762979184,0.0017035698204372442,0.005081341049428217,0.00415627141907209,0.0031789527,0.007628248,0.0051732496,0.0033370938643516534,0.8127340823970037,89,True
30--300s,train2000_2012_test2013_2015,2000-2012,2013-2015,165,180,172.5,-6,0.004214467708995008,0.004214467708995008,0.002640242571292622,0.005194841761027536,0.004808318794664865,0.0036956735,0.0077790604,0.006022511,0.0038379078501363127,0.8640350877192983,76,True
30--300s,train2000_2012_test2013_2015,2000-2012,2013-2015,165,180,172.5,-5,0.00620181253325305,0.00620181253325305,0.004072215448457823,0.007473691790405784,0.007059530360895544,0.004485629,0.01080704,0.008954609,0.0036969051508845643,0.8853046594982078,93,True
30--300s,train2000_2012_test2013_2015,2000-2012,2013-2015,165,180,172.5,-4,0.008668624306040549,0.008668624306040549,0.00993080487046946,0.007663477260952168,0.00841159078670002,0.007717552,0.011059213,0.010715604,0.0036136865102240007,0.9618055555555555,96,True
30--300s,train2000_2012_test2013_2015,2000-2012,2013-2015,165,180,172.5,-3,0.007726512307514268,0.007726512307514268,0.0066411813821603514,0.007865773927184566,0.008672581613197885,0.0059028133,0.011328011,0.011055533,0.004337835905829934,0.9117647058823529,102,True
30--300s,train2000_2012_test2013_2015,2000-2012,2013-2015,165,180,172.5,-2,0.0075542596585525005,0.0075542596585525005,0.006074971273725545,0.008187417268254199,0.008400390433677758,0.0055904607,0.011755389,0.010701016,0.00488530789656697,0.917989417989418,126,True
30--300s,train2000_2012_test2013_2015,2000-2012,2013-2015,165,180,172.5,-1,0.010783419568635395,0.010783419568635395,0.015155928849059093,0.007605080539054937,0.009589249317792157,0.01060002,0.010981619,0.012249449,0.004943108423622203,0.9635416666666666,128,True
30--300s,train2000_2012_test2013_2015,2000-2012,2013-2015,165,180,172.5,0,0.001627365906440211,0.001627365906440211,0.0012246330606012583,0.0018478892906767389,0.0018095753680426362,0.002914745,0.0033318598,0.0021167882,0.004661535282693191,0.8166666666666667,120,True
30--300s,train2000_2012_test2013_2015,2000-2012,2013-2015,165,180,172.5,1,0.0017086686920404148,0.0017086686920404148,-0.002617722015980374,0.0038849821231763553,0.0038587459689252627,0.00079508877,0.0060386085,0.004785737,0.003608456165251126,0.8194444444444445,96,True
30--300s,train2000_2012_test2013_2015,2000-2012,2013-2015,165,180,172.5,2,-0.0023186509519099283,-0.0023186509519099283,-0.007163736968444904,5.135443102313132e-05,0.00015642968169198753,-0.001712745,0.00094474794,-3.63568e-05,0.0038583923478620707,0.7585034013605442,98,True
30--300s,train2000_2012_test2013_2015,2000-2012,2013-2015,165,180,172.5,3,-0.004521274981750583,-0.004521274981750583,-0.00932846534774088,-0.002751107587726003,-0.0014842520097848666,-0.0029069292,-0.0027789709,-0.002173268,0.0027611079632218756,0.9233038348082595,113,True
30--300s,train2000_2012_test2013_2015,2000-2012,2013-2015,165,180,172.5,4,0.0001594725016035588,0.0001594725016035588,-0.0034387546383717453,0.001657281942023693,0.002259890201158728,0.00034216166,0.0030785939,0.002703302,0.00313745605009476,0.7951807228915663,83,True
30--300s,train2000_2012_test2013_2015,2000-2012,2013-2015,165,180,172.5,5,-9.269008076584576e-05,-9.269008076584576e-05,-0.0027147870943913083,-0.0001786730067181621,0.002615389858811933,0.00074154226,0.0006391033,0.0031663238,0.0023924743638198786,0.7127659574468085,94,True
30--300s,train2000_2012_test2013_2015,2000-2012,2013-2015,165,180,172.5,6,-0.0030441767179326994,-0.0030441767179326994,-0.005675210054308827,-0.002920976209750497,-0.0005363438897387736,-0.00089159113,-0.0030046806,-0.000938662,0.0025952552267601197,0.8484848484848484,77,True
30--300s,train2000_2012_test2013_2015,2000-2012,2013-2015,165,180,172.5,7,-0.004512816964586198,-0.004512816964586198,-0.008304039530017902,-0.0028744731620812766,-0.0023599382016594147,-0.0023417992,-0.0029428904,-0.003313808,0.002759553396723808,0.9532163742690059,57,True
30--300s,train2000_2012_test2013_2015,2000-2012,2013-2015,165,180,172.5,8,-0.004631636569587772,-0.004631636569587772,-0.007714040682683475,-0.0036512849822865306,-0.0025295840437933093,-0.0020163232,-0.003975065,-0.003534764,0.003033629435498903,0.9238095238095239,70,True
30--300s,train2000_2012_test2013_2015,2000-2012,2013-2015,165,180,172.5,9,-0.00507145868847264,-0.00507145868847264,-0.008915393233800103,-0.0037274754543123786,-0.0025715073773054384,-0.0026790558,-0.004076301,-0.003589367,0.002734158623351298,0.9583333333333334,64,True
30--300s,train2000_2012_test2013_2015,2000-2012,2013-2015,165,180,172.5,10,-0.005402368817502676,-0.005402368817502676,-0.01023859967763022,-0.0035942729167724014,-0.0023742338581054082,-0.00340901,-0.003899311,-0.0033324275,0.002560978082449248,0.9726775956284154,61,True
30--300s,train2000_2012_test2013_2015,2000-2012,2013-2015,180,195,187.5,-10,0.0017103086477992372,0.0017103086477992372,0.002904747486216677,-0.0002983069785828956,0.0025244854357639305,0.0038415892,0.00048014187,0.003047925,0.0029134706077914123,0.7512437810945273,67,True
30--300s,train2000_2012_test2013_2015,2000-2012,2013-2015,180,195,187.5,-9,0.0007471209568474061,0.0007471209568474061,0.0008988583262605931,-0.0004095234797952874,0.0017520280240769126,0.0027350294,0.00033236505,0.0020418353,0.003135418891264808,0.7442922374429223,73,True
30--300s,train2000_2012_test2013_2015,2000-2012,2013-2015,180,195,187.5,-8,-0.0016675329102811794,-0.0016675329102811794,-0.0032639074160214815,-0.0026756148342851243,0.000936923519463067,0.00043861708,-0.0026786611,0.0009801999,0.0029450003438194314,0.748792270531401,69,True
30--300s,train2000_2012_test2013_2015,2000-2012,2013-2015,180,195,187.5,-7,0.002742317729598958,0.002742317729598958,0.0013345106257749743,0.003903571485629978,0.002988871077391921,0.0029753593,0.006063309,0.0036527656,0.003964436055858035,0.8579234972677596,61,True
30--300s,train2000_2012_test2013_2015,2000-2012,2013-2015,180,195,187.5,-6,0.002333891000758895,0.002333891000758895,0.0005029999133789967,0.003976011700120527,0.002522661388777161,0.002516652,0.0061595626,0.0030455492,0.004158953600932606,0.8268398268398268,77,True
30--300s,train2000_2012_test2013_2015,2000-2012,2013-2015,180,195,187.5,-5,0.0043635986086281026,0.0043635986086281026,0.001772812584461641,0.006123035243117121,0.005194947998305545,0.0032171512,0.00901238,0.0065260776,0.0036751112109084244,0.8591065292096219,97,True
30--300s,train2000_2012_test2013_2015,2000-2012,2013-2015,180,195,187.5,-4,0.004903779882027121,0.004903779882027121,0.0033370257838384113,0.006280183301848862,0.005094130560394089,0.004080058,0.009221187,0.0063947677,0.004386163111507005,0.8705882352941177,85,True
30--300s,train2000_2012_test2013_2015,2000-2012,2013-2015,180,195,187.5,-3,0.005095423809092519,0.005095423809092519,0.0031076141387642517,0.006199389193476624,0.005979268095036682,0.0039535016,0.009113833,0.0075476174,0.005323543769188033,0.8715596330275229,109,True
30--300s,train2000_2012_test2013_2015,2000-2012,2013-2015,180,195,187.5,-2,0.0038090898094822576,0.0038090898094822576,-9.497196608747834e-05,0.005998780432676232,0.005523460961858018,0.0021867775,0.008847279,0.0069539505,0.0065971311292908905,0.8450292397660818,114,True
30--300s,train2000_2012_test2013_2015,2000-2012,2013-2015,180,195,187.5,-1,0.006693449091283374,0.006693449091283374,0.00783971085102638,0.005627068789841717,0.006613567632982026,0.0065639885,0.008353374,0.008373763,0.0058703088723432734,0.9139784946236559,93,True
30--300s,train2000_2012_test2013_2015,2000-2012,2013-2015,180,195,187.5,0,-0.0001287497419629617,-0.0001287497419629617,-0.0022566788967158936,0.0004708606736633925,0.0013995689971636163,0.0009942602,0.0015021589,0.0015827741,0.005037476813318598,0.8161993769470405,107,True
30--300s,train2000_2012_test2013_2015,2000-2012,2013-2015,180,195,187.5,1,0.001554796978091754,0.001554796978091754,-0.0006465031839969443,0.002288468090987367,0.0030224260272848397,0.0018825224,0.003917271,0.0036964694,0.003625331453876766,0.852852852852853,111,True
30--300s,train2000_2012_test2013_2015,2000-2012,2013-2015,180,195,187.5,2,-0.0026759315773240656,-0.0026759315773240656,-0.00772876145926592,-0.0001508674671185233,-0.00014816580558775334,-0.002024444,0.0006760494,-0.00043307818,0.003914294719144438,0.8391608391608392,143,True
30--300s,train2000_2012_test2013_2015,2000-2012,2013-2015,180,195,187.5,3,-0.003456098380876706,-0.003456098380876706,-0.006299245687390684,-0.002844107866630596,-0.0012249415886088372,-0.0012358438,-0.0029025432,-0.0018355283,0.0032434394717031187,0.8611111111111112,96,True
30--300s,train2000_2012_test2013_2015,2000-2012,2013-2015,180,195,187.5,4,0.0004922540270041315,0.0004922540270041315,-0.0028947420049111184,0.0017561792765516588,0.0026153248093718547,0.0006422692,0.0032100019,0.003166239,0.0032109434557963633,0.8083333333333333,80,True
30--300s,train2000_2012_test2013_2015,2000-2012,2013-2015,180,195,187.5,5,0.0005040769404062138,0.0005040769404062138,-0.000922004379586686,-0.0001756950442903411,0.0026099302450956685,0.0017305407,0.0006430602,0.0031592129,0.002864139166692783,0.7442922374429223,73,True
30--300s,train2000_2012_test2013_2015,2000-2012,2013-2015,180,195,187.5,6,-0.0026442931449844314,-0.0026442931449844314,-0.005160975865151083,-0.0028773218364060793,0.00010541826660386774,-0.00060791103,-0.0029466758,-0.00010279678,0.0032877355071243885,0.7936507936507937,84,True
30--300s,train2000_2012_test2013_2015,2000-2012,2013-2015,180,195,187.5,7,-0.00360909485297049,-0.00360909485297049,-0.00664700985132925,-0.002822165530282243,-0.0013581091772999774,-0.0014276899,-0.002873388,-0.0020089727,0.002825566042367282,0.9236947791164659,83,True
30--300s,train2000_2012_test2013_2015,2000-2012,2013-2015,180,195,187.5,8,-0.003066088471805259,-0.003066088471805259,-0.0043177042009210605,-0.0036233774460872896,-0.0012571837684074274,-0.00014271567,-0.003937983,-0.0018775221,0.0029433307900621356,0.895582329317269,83,True
30--300s,train2000_2012_test2013_2015,2000-2012,2013-2015,180,195,187.5,9,-0.0030637837877793175,-0.0030637837877793175,-0.004656273336001516,-0.003525985325870126,-0.0010090927014663085,-0.00032948915,-0.003808575,-0.0015543951,0.002825418390873576,0.857843137254902,68,True
30--300s,train2000_2012_test2013_2015,2000-2012,2013-2015,180,195,187.5,10,-0.0032801087095470634,-0.0032801087095470634,-0.005420384519092796,-0.003463752529481783,-0.0009561890800666111,-0.00075101526,-0.0037258845,-0.0014854907,0.0023158359582923357,0.8939393939393939,66,True
30--300s,train2000_2012_test2013_2015,2000-2012,2013-2015,195,210,202.5,-10,0.0022177039097251204,0.0022177039097251204,0.003970532793718591,-0.00022733945344840972,0.0029099183889051802,0.0044295355,0.00057443866,0.0035499334,0.002061400227667962,0.7833333333333333,60,True
30--300s,train2000_2012_test2013_2015,2000-2012,2013-2015,195,210,202.5,-9,0.0006651194669159565,0.0006651194669159565,0.0006336152090190643,-0.0003705911671190402,0.0017323343588478454,0.0025887068,0.00038409562,0.0020161853,0.0021739362739557704,0.7222222222222221,60,True
30--300s,train2000_2012_test2013_2015,2000-2012,2013-2015,195,210,202.5,-8,-0.0021006571050530007,-0.0021006571050530007,-0.004604589207376941,-0.002658699895872006,0.0009613177880899449,-0.00030097735,-0.002656186,0.0010119723,0.003861988077166703,0.7794117647058824,68,True
30--300s,train2000_2012_test2013_2015,2000-2012,2013-2015,195,210,202.5,-7,0.001792690684495148,0.001792690684495148,-0.000179217128708586,0.0031751574117759077,0.002382131770418123,0.0021403034,0.0050954423,0.0028625159,0.003806895557519446,0.8461538461538461,78,True
30--300s,train2000_2012_test2013_2015,2000-2012,2013-2015,195,210,202.5,-6,0.0013193100850864745,0.0013193100850864745,-0.0001796387275670054,0.0023516441263935254,0.0017859248564329033,0.0021400708,0.0040012146,0.0020859845,0.004261580469324544,0.7898550724637682,92,True
30--300s,train2000_2012_test2013_2015,2000-2012,2013-2015,195,210,202.5,-5,0.0021964921150205556,0.0021964921150205556,-0.001189400919482615,0.0034274368255182604,0.004351440439026021,0.0015830299,0.0054306537,0.0054274485,0.004460489062769104,0.8193146417445484,107,True
30--300s,train2000_2012_test2013_2015,2000-2012,2013-2015,195,210,202.5,-4,0.003050667121179634,0.003050667121179634,0.001943478896246918,0.0043713223534000275,0.0028372001138919556,0.0033113,0.006684824,0.0034552214,0.004405832231008169,0.8596491228070176,95,True
30--300s,train2000_2012_test2013_2015,2000-2012,2013-2015,195,210,202.5,-3,0.00229755868781281,0.00229755868781281,-0.0004694992616290678,0.004589537354912894,0.0027726379701546035,0.0019801676,0.0069747735,0.003371132,0.005378371056475144,0.852852852852853,111,True
30--300s,train2000_2012_test2013_2015,2000-2012,2013-2015,195,210,202.5,-2,0.002610804774266178,0.002610804774266178,-0.00024516227678886656,0.004530779147211689,0.003546797452375712,0.0021039243,0.0068966993,0.0043794382,0.00446433584737253,0.8231884057971014,115,True
30--300s,train2000_2012_test2013_2015,2000-2012,2013-2015,195,210,202.5,-1,0.005698150098468135,0.005698150098468135,0.008447207602348529,0.004694960032709416,0.00395228266034646,0.0068991175,0.007114852,0.004907564,0.004702472929267894,0.9059139784946236,124,True
30--300s,train2000_2012_test2013_2015,2000-2012,2013-2015,195,210,202.5,0,-0.00047462374253394506,-0.00047462374253394506,-0.001980517929469625,-0.0002105999289042492,0.0007672466307720394,0.0011466059,0.00059668097,0.0007592037,0.004434722066150211,0.78743961352657,138,True
30--300s,train2000_2012_test2013_2015,2000-2012,2013-2015,195,210,202.5,1,0.0007514157936557206,0.0007514157936557206,-0.0021247229829283215,0.002482669460572527,0.0018963009033229567,0.0010670543,0.0041753124,0.002229744,0.004454897134057622,0.8253968253968255,105,True
30--300s,train2000_2012_test2013_2015,2000-2012,2013-2015,195,210,202.5,2,-0.0021202294183630386,-0.0021202294183630386,-0.005752665022067538,-0.00024004565730001702,-0.00036797757572156045,-0.0009343196,0.0005575555,-0.0007193727,0.0036838401482511816,0.8279569892473118,124,True
30--300s,train2000_2012_test2013_2015,2000-2012,2013-2015,195,210,202.5,3,-0.0030134127434267854,-0.0030134127434267854,-0.004896766181504721,-0.0027546669352261745,-0.0013888051135494616,-0.00046215838,-0.0027837001,-0.0020489527,0.0033399818824899345,0.8741496598639457,98,True
30--300s,train2000_2012_test2013_2015,2000-2012,2013-2015,195,210,202.5,4,0.0013084525982543457,0.0013084525982543457,-0.0005627128385661929,0.0017210477151849782,0.0027670229181442517,0.0019287458,0.0031633214,0.0033638189,0.0032988490865967107,0.835820895522388,67,True
30--300s,train2000_2012_test2013_2015,2000-2012,2013-2015,195,210,202.5,5,0.0003170935940659003,0.0003170935940659003,-0.0012834910740041998,-0.00033147833773772447,0.0025662501939396256,0.0015311245,0.00043606604,0.0031023214,0.003295762614460439,0.7195121951219512,82,True
30--300s,train2000_2012_test2013_2015,2000-2012,2013-2015,195,210,202.5,6,-0.002068657451297247,-0.002068657451297247,-0.0038480161096063796,-0.0027824959862824024,0.00042453974199704045,0.00011639032,-0.0028206776,0.00031284403,0.0026358180637434795,0.7644444444444444,75,True
30--300s,train2000_2012_test2013_2015,2000-2012,2013-2015,195,210,202.5,7,-0.003297304645960652,-0.003297304645960652,-0.006109939958810479,-0.0027455862613502383,-0.0010363877177212392,-0.0011314123,-0.0027716344,-0.0015899456,0.002783788627185349,0.9248826291079812,71,True
30--300s,train2000_2012_test2013_2015,2000-2012,2013-2015,195,210,202.5,8,-0.0023906805427119627,-0.0023906805427119627,-0.0029187419984915853,-0.003494323833108248,-0.0007589757965360558,0.0006290294,-0.0037665057,-0.0012286296,0.002566418745908986,0.835680751173709,71,True
30--300s,train2000_2012_test2013_2015,2000-2012,2013-2015,195,210,202.5,9,-0.0032257184440056966,-0.0032257184440056966,-0.005080972225496178,-0.003645246824483273,-0.0009509362820376388,-0.00056377664,-0.0039670416,-0.0014786491,0.0025266701081330116,0.8867924528301887,53,True
30--300s,train2000_2012_test2013_2015,2000-2012,2013-2015,195,210,202.5,10,-0.003248802005311595,-0.003248802005311595,-0.005078681043647263,-0.003676789996003321,-0.0009909349762842023,-0.0005625127,-0.004008954,-0.0015307455,0.00284645225799104,0.8805970149253731,67,True
30--300s,train2000_2012_test2013_2015,2000-2012,2013-2015,210,225,217.5,-10,0.002324757893575094,0.002324757893575094,0.0038022699842369155,0.00041076246204479886,0.0027612412344435676,0.0043367124,0.0014223045,0.0033562884,0.0028999116465816344,0.82,50,True
30--300s,train2000_2012_test2013_2015,2000-2012,2013-2015,210,225,217.5,-9,0.0008657852497081004,0.0008657852497081004,0.0007414658195293391,0.0003756349079755926,0.0014802550216193697,0.0026482032,0.0013756296,0.0016878637,0.0031917394904553598,0.7721518987341772,79,True
30--300s,train2000_2012_test2013_2015,2000-2012,2013-2015,210,225,217.5,-8,-0.0018991161867119995,-0.0018991161867119995,-0.004893891894321639,-0.0020956719077803105,0.0012922152419659514,-0.00046057277,-0.0019080731,0.0014429507,0.003102854345935945,0.7590361445783133,83,True
30--300s,train2000_2012_test2013_2015,2000-2012,2013-2015,210,225,217.5,-7,0.002784506890521866,0.002784506890521866,0.002163228605720229,0.0039209781694508625,0.002269313896394506,0.0034325263,0.006086438,0.002715576,0.0030749383368990878,0.8480392156862745,68,True
30--300s,train2000_2012_test2013_2015,2000-2012,2013-2015,210,225,217.5,-6,0.0036936762075805906,0.0036936762075805906,0.0036966324125443707,0.004164238989806215,0.003220157220391187,0.004278437,0.006409666,0.003954005,0.003763222129349019,0.8604651162790697,86,True
30--300s,train2000_2012_test2013_2015,2000-2012,2013-2015,210,225,217.5,-5,0.004492953338038102,0.004492953338038102,0.003464320523858313,0.005417078597487964,0.00459746089276803,0.0041502807,0.008074353,0.0057478785,0.003853179091832107,0.8900343642611683,97,True
30--300s,train2000_2012_test2013_2015,2000-2012,2013-2015,210,225,217.5,-4,0.004878011107608915,0.004878011107608915,0.0060965335284265,0.005044989447122272,0.003492510347277971,0.0056023556,0.0075799464,0.004308732,0.004597556948167118,0.9209621993127147,97,True
30--300s,train2000_2012_test2013_2015,2000-2012,2013-2015,210,225,217.5,-3,0.005370675818327323,0.005370675818327323,0.006329301574781922,0.005157948465640299,0.004624777414559748,0.0057307635,0.007730039,0.0057834573,0.0043613426116493985,0.9150943396226415,106,True
30--300s,train2000_2012_test2013_2015,2000-2012,2013-2015,210,225,217.5,-2,0.0043303307593155335,0.0043303307593155335,0.003980623068434159,0.0054648324537694415,0.003545536755743,0.004435102,0.008137805,0.004377797,0.005379121499852736,0.8796992481203008,133,True
30--300s,train2000_2012_test2013_2015,2000-2012,2013-2015,210,225,217.5,-1,0.006336134949367072,0.006336134949367072,0.009986502434275681,0.0047419155132148805,0.004279986900610654,0.007748278,0.007177243,0.0053343833,0.004874805810892924,0.9306930693069307,101,True
30--300s,train2000_2012_test2013_2015,2000-2012,2013-2015,210,225,217.5,0,0.0028229096088846096,0.0028229096088846096,0.004677844120859379,0.0017898720818000972,0.0020010126239943526,0.0048197275,0.0032547705,0.0023661263,0.004186400331068456,0.8085106382978723,141,True
30--300s,train2000_2012_test2013_2015,2000-2012,2013-2015,210,225,217.5,1,0.003774655322756843,0.003774655322756843,0.0052936543912362344,0.0032096393760740315,0.0028206722009602647,0.005159443,0.0051412596,0.0034336944,0.0036938030636713306,0.9166666666666666,116,True
30--300s,train2000_2012_test2013_2015,2000-2012,2013-2015,210,225,217.5,2,-0.0006386419249404819,-0.0006386419249404819,-0.0023816433477471506,0.0003063509522374237,0.00015936662068828113,0.0009253228,0.0012835697,-3.2531574e-05,0.0036165411402738234,0.7906976744186046,129,True
30--300s,train2000_2012_test2013_2015,2000-2012,2013-2015,210,225,217.5,3,-0.0026227472774307003,-0.0026227472774307003,-0.00413134516387029,-0.0025073810222589954,-0.0012295156461628151,-3.9909693e-05,-0.0024551237,-0.0018414856,0.003499966186331993,0.8368055555555555,96,True
30--300s,train2000_2012_test2013_2015,2000-2012,2013-2015,210,225,217.5,4,0.0022400002435270508,0.0022400002435270508,0.002555523898324529,0.0016940894314614928,0.0024703874007951316,0.0036489381,0.0031275013,0.0029774648,0.0030719718234280932,0.8995983935742973,83,True
30--300s,train2000_2012_test2013_2015,2000-2012,2013-2015,210,225,217.5,5,0.00011196121522050306,0.00011196121522050306,-0.0018151934301129128,-0.0002367535540371944,0.0023878306298116166,0.001237808,0.00056192983,0.0028699385,0.0029498435190406388,0.7348484848484848,88,True
30--300s,train2000_2012_test2013_2015,2000-2012,2013-2015,210,225,217.5,6,-0.002240059815185556,-0.002240059815185556,-0.004205093205508712,-0.0028675927815070535,0.0003525065414590964,-8.05932e-05,-0.0029337485,0.00021902414,0.0023258781903245738,0.7551020408163265,98,True
30--300s,train2000_2012_test2013_2015,2000-2012,2013-2015,210,225,217.5,7,-0.0032994551973139726,-0.0032994551973139726,-0.006154667730407314,-0.002730007887363238,-0.0010136899741713672,-0.0011560866,-0.002750935,-0.0015603829,0.003109853245279197,0.8776371308016877,79,True
30--300s,train2000_2012_test2013_2015,2000-2012,2013-2015,210,225,217.5,8,-0.0031535906088479833,-0.0031535906088479833,-0.005235112089152856,-0.0032289591205761233,-0.00099670061681497,-0.0006488087,-0.003413907,-0.001538255,0.0032989166316719095,0.8928571428571429,56,True
30--300s,train2000_2012_test2013_2015,2000-2012,2013-2015,210,225,217.5,9,-0.0035754615857484405,-0.0035754615857484405,-0.006048247096913332,-0.0035957646312067236,-0.001082373029125266,-0.001097379,-0.0039012928,-0.0016498395,0.0032200614589606366,0.8985507246376812,69,True
30--300s,train2000_2012_test2013_2015,2000-2012,2013-2015,210,225,217.5,10,-0.00397530001034328,-0.00397530001034328,-0.007209414359156669,-0.003599970795329907,-0.0011165148765432658,-0.0017379434,-0.003906882,-0.0016943075,0.0028418815898987155,0.90625,64,True
30--300s,train2000_2012_test2013_2015,2000-2012,2013-2015,225,240,232.5,-10,0.002132551410516098,0.002132551410516098,0.0037683406332701813,0.0004759774148815988,0.0021533361833965146,0.004317995,0.0015089577,0.0025645203,0.003045062418066357,0.7833333333333333,80,True
30--300s,train2000_2012_test2013_2015,2000-2012,2013-2015,225,240,232.5,-9,0.0016585575256053459,0.0016585575256053459,0.0022706731604463263,0.0005368201735179302,0.0021681792428517813,0.0034917986,0.0015898014,0.002583853,0.002659759937979897,0.7634408602150536,62,True
30--300s,train2000_2012_test2013_2015,2000-2012,2013-2015,225,240,232.5,-8,-0.0008844057223438022,-0.0008844057223438022,-0.001666745456028667,-0.0022293949088831705,0.001242923197880431,0.0013197002,-0.0020857549,0.0013787501,0.0030629394258573778,0.75,68,True
30--300s,train2000_2012_test2013_2015,2000-2012,2013-2015,225,240,232.5,-7,0.003482471331954817,0.003482471331954817,0.003489761232125817,0.004185210620054443,0.0027724421436841912,0.0041643153,0.006437531,0.0033708771,0.0029912844277552586,0.8995983935742973,83,True
30--300s,train2000_2012_test2013_2015,2000-2012,2013-2015,225,240,232.5,-6,0.0036498757096129816,0.0036498757096129816,0.002261732685469303,0.003846884389491947,0.004841010053877694,0.0034868664,0.005987987,0.0060650897,0.003959790723700771,0.8732394366197183,71,True
30--300s,train2000_2012_test2013_2015,2000-2012,2013-2015,225,240,232.5,-5,0.005260751033577789,0.005260751033577789,0.003835309540598868,0.005090544322804548,0.006856399237329952,0.004354939,0.0076404773,0.00869004,0.003824504625447372,0.8913043478260869,92,True
30--300s,train2000_2012_test2013_2015,2000-2012,2013-2015,225,240,232.5,-4,0.006640928461464759,0.006640928461464759,0.00944866829255872,0.005771338762860814,0.004702778328974744,0.007451579,0.00854507,0.0058850497,0.004338980969083285,0.93,100,True
30--300s,train2000_2012_test2013_2015,2000-2012,2013-2015,225,240,232.5,-3,0.0069419629062395264,0.0069419629062395264,0.009257677121210648,0.0055605620028000985,0.006007649594707831,0.0073462175,0.008265004,0.0075845835,0.003688018468335858,0.9546925566343042,103,True
30--300s,train2000_2012_test2013_2015,2000-2012,2013-2015,225,240,232.5,-2,0.006702258446520667,0.006702258446520667,0.008856927345823272,0.00571685730924671,0.0055329906844920175,0.0071251416,0.008472678,0.0069663622,0.004244630955003452,0.9410430839002268,147,True
30--300s,train2000_2012_test2013_2015,2000-2012,2013-2015,225,240,232.5,-1,0.008369979295883645,0.008369979295883645,0.013984599496496521,0.005223883357981044,0.005901455033173373,0.00995385,0.007817648,0.00744627,0.004529360096110058,0.9611650485436893,103,True
30--300s,train2000_2012_test2013_2015,2000-2012,2013-2015,225,240,232.5,0,0.002449239653699238,0.002449239653699238,0.002933883893816731,0.0013971345230588852,0.003016700544222098,0.0038576624,0.002732928,0.003689012,0.005236362214595584,0.8191721132897604,153,True
30--300s,train2000_2012_test2013_2015,2000-2012,2013-2015,225,240,232.5,1,0.004091857231966774,0.004091857231966774,0.005238813939138064,0.0033248830592591543,0.0037118746975031026,0.0051291897,0.0052943877,0.0045944443,0.004095556292746993,0.9174311926605505,109,True
30--300s,train2000_2012_test2013_2015,2000-2012,2013-2015,225,240,232.5,2,-0.0002671777155095144,-0.0002671777155095144,-0.002351206573900111,0.00068099085374751,0.0008686825736240577,0.0009421135,0.0017813655,0.00089131924,0.003833892499856616,0.7908496732026145,102,True
30--300s,train2000_2012_test2013_2015,2000-2012,2013-2015,225,240,232.5,3,-0.0019472756331355924,-0.0019472756331355924,-0.0028286492592038246,-0.0021944953746110153,-0.000818682265591937,0.0006787296,-0.002039383,-0.0013063945,0.0030970158520146358,0.8241758241758241,91,True
30--300s,train2000_2012_test2013_2015,2000-2012,2013-2015,225,240,232.5,4,0.0017362238963354853,0.0017362238963354853,0.0011103772194332735,0.001651721042563704,0.0024465734270094786,0.002851715,0.003071205,0.002946448,0.0027899104478913113,0.8434343434343434,66,True
30--300s,train2000_2012_test2013_2015,2000-2012,2013-2015,225,240,232.5,5,0.0002337070972198449,0.0002337070972198449,-0.001575346930221333,-0.0002436793204673973,0.002520147542348265,0.0013701207,0.0005527274,0.003042275,0.0029959607467469965,0.7391304347826086,92,True
30--300s,train2000_2012_test2013_2015,2000-2012,2013-2015,225,240,232.5,6,-0.0019452745692078793,-0.0019452745692078793,-0.003680956516956934,-0.0028038962910040804,0.0006490291003373762,0.00020854964,-0.002849113,0.0006052309,0.002283395665059217,0.7521367521367521,78,True
30--300s,train2000_2012_test2013_2015,2000-2012,2013-2015,225,240,232.5,7,-0.0027775685508464507,-0.0027775685508464507,-0.004756508897241483,-0.0027034063298526085,-0.0008727904254452596,-0.00038478468,-0.0027155888,-0.0013768678,0.0027153737231179562,0.8412698412698413,63,True
30--300s,train2000_2012_test2013_2015,2000-2012,2013-2015,225,240,232.5,8,-0.003103303657661795,-0.003103303657661795,-0.004778345398878585,-0.003635618500050767,-0.0008959470740560336,-0.0003968309,-0.003954248,-0.0014070283,0.0026414108403414326,0.8809523809523809,84,True
30--300s,train2000_2012_test2013_2015,2000-2012,2013-2015,225,240,232.5,9,-0.0034369606642889257,-0.0034369606642889257,-0.0056460993808848045,-0.0036521277549484976,-0.0010126548570334746,-0.0008755321,-0.003976185,-0.0015590347,0.002411576107528495,0.892156862745098,68,True
30--300s,train2000_2012_test2013_2015,2000-2012,2013-2015,225,240,232.5,10,-0.003968160703845346,-0.003968160703845346,-0.007296323657875316,-0.0035785038170777755,-0.0010296546365829457,-0.0017858873,-0.0038783583,-0.0015811761,0.003198313936039827,0.9166666666666666,52,True
30--300s,train2000_2012_test2013_2015,2000-2012,2013-2015,240,255,247.5,-10,0.00210173295307141,0.00210173295307141,0.0036239305143776976,-2.2474001914521684e-06,0.0026835157450279838,0.0042383303,0.0008735255,0.0032550546,0.003063621716524098,0.7878787878787878,66,True
30--300s,train2000_2012_test2013_2015,2000-2012,2013-2015,240,255,247.5,-9,0.0014305122537601157,0.0014305122537601157,0.0022126203238551317,8.654978874270353e-05,0.001992366648682512,0.0034597735,0.0009915131,0.002354865,0.0026053760224531734,0.8044444444444444,75,True
30--300s,train2000_2012_test2013_2015,2000-2012,2013-2015,240,255,247.5,-8,-0.0012938040153483994,-0.0012938040153483994,-0.00261058587049474,-0.002189076322313033,0.0009182501467625749,0.00079902547,-0.0020321824,0.0009558787,0.002882280487954446,0.7666666666666666,100,True
30--300s,train2000_2012_test2013_2015,2000-2012,2013-2015,240,255,247.5,-7,0.00411393246232028,0.00411393246232028,0.004872524009123387,0.004277049811712756,0.003192223566124696,0.004927124,0.0065595615,0.0039176224,0.0034719188704159035,0.9076923076923077,65,True
30--300s,train2000_2012_test2013_2015,2000-2012,2013-2015,240,255,247.5,-6,0.004077636627497766,0.004077636627497766,0.003945047777084681,0.003414368068332626,0.004873494037075992,0.004415476,0.005413289,0.006107399,0.0036656173196710226,0.8820512820512821,65,True
30--300s,train2000_2012_test2013_2015,2000-2012,2013-2015,240,255,247.5,-5,0.006010628580822445,0.006010628580822445,0.00583927505398573,0.005027921429253301,0.007164689259228307,0.0054604374,0.007557268,0.009091574,0.003409064876086625,0.9058823529411765,85,True
30--300s,train2000_2012_test2013_2015,2000-2012,2013-2015,240,255,247.5,-4,0.007429792163567425,0.007429792163567425,0.010855261374076133,0.00518348076590219,0.006250634350723952,0.008227533,0.0077639646,0.007901059,0.0030473755838917012,0.9704641350210971,79,True
30--300s,train2000_2012_test2013_2015,2000-2012,2013-2015,240,255,247.5,-3,0.007528419213325282,0.007528419213325282,0.010503962297274396,0.004855270416659355,0.007226024926042095,0.008033738,0.0073278607,0.00917146,0.0035237653195035177,0.9768115942028985,115,True
30--300s,train2000_2012_test2013_2015,2000-2012,2013-2015,240,255,247.5,-2,0.006807024564373415,0.006807024564373415,0.008946391043668655,0.0055074110571927985,0.005967271592258792,0.0071744947,0.00819438,0.007531993,0.003729106958145907,0.9343832020997376,127,True
30--300s,train2000_2012_test2013_2015,2000-2012,2013-2015,240,255,247.5,-1,0.009793029383917299,0.009793029383917299,0.01759963178547726,0.005438320752634475,0.006341135613640162,0.011948102,0.008102578,0.008018933,0.003763688975812073,0.96875,96,True
30--300s,train2000_2012_test2013_2015,2000-2012,2013-2015,240,255,247.5,0,0.004938163714824134,0.004938163714824134,0.008774187893398594,0.002048729280999026,0.003991573970074779,0.0070794984,0.0035987222,0.004958739,0.0040300878813267745,0.8162162162162162,185,True
30--300s,train2000_2012_test2013_2015,2000-2012,2013-2015,240,255,247.5,1,0.004969849224037955,0.004969849224037955,0.007155736791829737,0.0035161957884832363,0.004237615091800893,0.0061866706,0.005548591,0.005279196,0.004075152637963349,0.9344729344729344,117,True
30--300s,train2000_2012_test2013_2015,2000-2012,2013-2015,240,255,247.5,2,0.0009082185656600546,0.0009082185656600546,0.0011122397717663415,0.0006249615014613886,0.0009874544237524336,0.0028527426,0.0017069175,0.001046014,0.003546255019757053,0.84375,128,True
30--300s,train2000_2012_test2013_2015,2000-2012,2013-2015,240,255,247.5,3,-0.00156532110338618,-0.00156532110338618,-0.0012661915198677318,-0.0023779036150582216,-0.001051868175232587,0.001540668,-0.002283083,-0.0016101082,0.003501541782348657,0.8195718654434251,109,True
30--300s,train2000_2012_test2013_2015,2000-2012,2013-2015,240,255,247.5,4,0.001929878319726863,0.001929878319726863,0.0018237383199419747,0.001679879853136444,0.0022860167861021696,0.0032452445,0.0031086204,0.002737331,0.0028690433074396522,0.883495145631068,103,True
30--300s,train2000_2012_test2013_2015,2000-2012,2013-2015,240,255,247.5,5,0.0002600150693299923,0.0002600150693299923,-0.0010121527881268193,-0.0004291740960632114,0.0022213720921800077,0.0016808098,0.00030625466,0.0026531343,0.002628119225026555,0.7087719298245614,95,True
30--300s,train2000_2012_test2013_2015,2000-2012,2013-2015,240,255,247.5,6,-0.0020951056209371145,-0.0020951056209371145,-0.004130188170758663,-0.002712789092846508,0.0005576604007938282,-3.9271436e-05,-0.002728056,0.00048622745,0.0030059316312892994,0.7583333333333333,80,True
30--300s,train2000_2012_test2013_2015,2000-2012,2013-2015,240,255,247.5,7,-0.0031913006601003843,-0.0031913006601003843,-0.00547582702246051,-0.0028984838561536184,-0.0011995911016870243,-0.0007816004,-0.0029747945,-0.0018025103,0.002933618221256447,0.9107981220657277,71,True
30--300s,train2000_2012_test2013_2015,2000-2012,2013-2015,240,255,247.5,8,-0.003908196107158276,-0.003908196107158276,-0.007210919710087901,-0.0036184716948528648,-0.0008951969165340627,-0.0017387738,-0.0039314646,-0.0014060512,0.0029389849763693677,0.8873239436619719,71,True
30--300s,train2000_2012_test2013_2015,2000-2012,2013-2015,240,255,247.5,9,-0.004658304257864313,-0.004658304257864313,-0.009106816766274334,-0.0036781894423904577,-0.0011899065649281452,-0.002784656,-0.0040108133,-0.0017898967,0.0030619758576025656,0.9275362318840579,46,True
30--300s,train2000_2012_test2013_2015,2000-2012,2013-2015,240,255,247.5,10,-0.0037610990508852656,-0.0037610990508852656,-0.006741989052533997,-0.003503189114776937,-0.0010381189853448612,-0.0014800857,-0.003778285,-0.0015922006,0.0026493185348645306,0.9119496855345912,53,True
30--300s,train2000_2012_test2013_2015,2000-2012,2013-2015,255,270,262.5,-10,0.0020664064297370834,0.0020664064297370834,0.003287455862231696,0.0006745722427613628,0.0022371911842181914,0.004052712,0.0017728369,0.0026737377,0.0025172996125307095,0.7873563218390804,58,True
30--300s,train2000_2012_test2013_2015,2000-2012,2013-2015,255,270,262.5,-9,0.00022243493305337315,0.00022243493305337315,-0.0007957062438648071,-0.0002681232587466736,0.0017311343017716002,0.0018002136,0.0005202479,0.0020146223,0.00338838882225068,0.7798742138364779,53,True
30--300s,train2000_2012_test2013_2015,2000-2012,2013-2015,255,270,262.5,-8,-0.0015720451392527161,-0.0015720451392527161,-0.0027586850610405314,-0.00233437761977272,0.0003769272630551025,0.0007173257,-0.0022252488,0.00025083098,0.0035517277103633807,0.780952380952381,70,True
30--300s,train2000_2012_test2013_2015,2000-2012,2013-2015,255,270,262.5,-7,0.004097654627680908,0.004097654627680908,0.005008183435403898,0.003988507373432539,0.0032962730742062863,0.0050019613,0.006176166,0.0040531424,0.003206485132984579,0.897119341563786,81,True
30--300s,train2000_2012_test2013_2015,2000-2012,2013-2015,255,270,262.5,-6,0.00504250707556973,0.00504250707556973,0.006589884063383124,0.003769857290504126,0.00476777987282194,0.005874515,0.0058856388,0.005969711,0.003249476843873952,0.9282700421940928,79,True
30--300s,train2000_2012_test2013_2015,2000-2012,2013-2015,255,270,262.5,-5,0.006197388832673448,0.006197388832673448,0.0065608177201866395,0.0055743669291180185,0.006456981848715687,0.00585848,0.008283347,0.008169818,0.002966486067924715,0.9404761904761905,84,True
30--300s,train2000_2012_test2013_2015,2000-2012,2013-2015,255,270,262.5,-4,0.006895452656112825,0.006895452656112825,0.010295513351674423,0.005434671286404252,0.0049561733302598025,0.007918745,0.00809773,0.0062150843,0.004316471318084086,0.9473684210526315,76,True
30--300s,train2000_2012_test2013_2015,2000-2012,2013-2015,255,270,262.5,-3,0.0072152514561882805,0.0072152514561882805,0.010058394462373707,0.005390411387200928,0.006196948518990207,0.0077879373,0.008038919,0.007831137,0.0036368500245532094,0.9603174603174603,84,True
30--300s,train2000_2012_test2013_2015,2000-2012,2013-2015,255,270,262.5,-2,0.008026041691332276,0.008026041691332276,0.012087798381922348,0.0054221740400034555,0.0065681526520710255,0.00890747,0.008081124,0.008314612,0.003988155659900983,0.9539473684210527,152,True
30--300s,train2000_2012_test2013_2015,2000-2012,2013-2015,255,270,262.5,-1,0.00916872635159172,0.00916872635159172,0.01606527004576084,0.0055897295825948195,0.005851179426419504,0.011101663,0.00830376,0.007380788,0.0043430311433416855,0.9519230769230769,104,True
30--300s,train2000_2012_test2013_2015,2000-2012,2013-2015,255,270,262.5,0,0.004355459580183452,0.004355459580183452,0.007838257608841364,0.001441182798482056,0.003786938333226938,0.0065631866,0.0027914562,0.004692211,0.003863418128293761,0.7967479674796747,205,True
30--300s,train2000_2012_test2013_2015,2000-2012,2013-2015,255,270,262.5,1,0.0050702222679205175,0.0050702222679205175,0.007565432148852149,0.0034757659603966698,0.004169468694512734,0.006412681,0.0054948707,0.0051904386,0.003377599787926042,0.9320987654320988,108,True
30--300s,train2000_2012_test2013_2015,2000-2012,2013-2015,255,270,262.5,2,0.0017502990374705346,0.0017502990374705346,0.0031391536798573657,0.0008119067126361514,0.001299836719918086,0.003970901,0.0019553173,0.0014528773,0.003307544319661353,0.8846153846153846,78,True
30--300s,train2000_2012_test2013_2015,2000-2012,2013-2015,255,270,262.5,3,-0.0008491984465952443,-0.0008491984465952443,0.0003993379134381045,-0.0023550605369444945,-0.0005918727162793431,0.0024594662,-0.0022527308,-0.0010109857,0.0038019311715596017,0.7647058823529411,85,True
30--300s,train2000_2012_test2013_2015,2000-2012,2013-2015,255,270,262.5,4,0.0021403325593205946,0.0021403325593205946,0.0016494844131697114,0.001755967008520216,0.0030155462562718566,0.0031491164,0.0032097197,0.0036875086,0.0029468299333427,0.8851851851851852,90,True
30--300s,train2000_2012_test2013_2015,2000-2012,2013-2015,255,270,262.5,5,0.00024135855835877428,0.00024135855835877428,-0.0012268792211786125,-0.00030238075466319835,0.002253335650918134,0.0015623547,0.00047472893,0.002694765,0.002797179194297303,0.7303370786516854,89,True
30--300s,train2000_2012_test2013_2015,2000-2012,2013-2015,255,270,262.5,6,-0.002299106856819541,-0.002299106856819541,-0.004389054647403606,-0.0028972797853670843,0.0003890138623120668,-0.00018207652,-0.0029731945,0.00026657322,0.003201479018765559,0.7764227642276422,82,True
30--300s,train2000_2012_test2013_2015,2000-2012,2013-2015,255,270,262.5,7,-0.003330161613156307,-0.003330161613156307,-0.006162338231967589,-0.0027490703125666372,-0.0010790762949346947,-0.001160318,-0.0027762637,-0.0016455455,0.0030237033196791204,0.8872549019607844,68,True
30--300s,train2000_2012_test2013_2015,2000-2012,2013-2015,255,270,262.5,8,-0.0029601182535597724,-0.0029601182535597724,-0.004891135217291955,-0.00335861498391007,-0.0006306045594772908,-0.00045905204,-0.003586185,-0.0010614321,0.002902107305212249,0.8457711442786069,67,True
30--300s,train2000_2012_test2013_2015,2000-2012,2013-2015,255,270,262.5,9,-0.0036719013981907117,-0.0036719013981907117,-0.006175644871251798,-0.003698209187934292,-0.0011418501353860446,-0.0011676587,-0.0040374147,-0.0017273055,0.0028671418039757585,0.9104477611940298,67,True
30--300s,train2000_2012_test2013_2015,2000-2012,2013-2015,255,270,262.5,10,-0.004403832534785213,-0.004403832534785213,-0.008753114093176554,-0.0035806937252844543,-0.0008776897858946309,-0.0025895338,-0.003881268,-0.001383249,0.0030498729247751513,0.9227053140096618,69,True
30--300s,train2000_2012_test2013_2015,2000-2012,2013-2015,270,285,277.5,-10,0.002261462867096908,0.002261462867096908,0.0040000682182205006,0.0003314148162292067,0.0024529055668410164,0.004445829,0.0013168729,0.0029546956,0.002811664688835277,0.8208333333333334,80,True
30--300s,train2000_2012_test2013_2015,2000-2012,2013-2015,270,285,277.5,-9,0.0010583807387225658,0.0010583807387225658,0.0013687955492113879,0.0003541692834716599,0.0014521773834846499,0.002994273,0.0013471075,0.001651294,0.003172181173916014,0.7647058823529411,85,True
30--300s,train2000_2012_test2013_2015,2000-2012,2013-2015,270,285,277.5,-8,-0.0019260843286601542,-0.0019260843286601542,-0.0038278005255472413,-0.0023483152161262043,0.0003978627556929832,0.00012754236,-0.002243768,0.00027809848,0.0032189287898577207,0.7916666666666666,64,True
30--300s,train2000_2012_test2013_2015,2000-2012,2013-2015,270,285,277.5,-7,0.004269337600010362,0.004269337600010362,0.005040648843152884,0.004285830568711107,0.003481533388167095,0.0050198706,0.0065712286,0.004294435,0.003486191548136107,0.9053030303030304,88,True
30--300s,train2000_2012_test2013_2015,2000-2012,2013-2015,270,285,277.5,-6,0.004243829444029523,0.004243829444029523,0.00437624874825298,0.00391790955160796,0.004437330032227632,0.004653351,0.0060823606,0.0055393158,0.003247876489435839,0.9166666666666666,92,True
30--300s,train2000_2012_test2013_2015,2000-2012,2013-2015,270,285,277.5,-5,0.006338250605104549,0.006338250605104549,0.006374222776839152,0.005145774173698334,0.00749475486477616,0.005755544,0.0077138627,0.009521469,0.003127170010745256,0.9311594202898551,92,True
30--300s,train2000_2012_test2013_2015,2000-2012,2013-2015,270,285,277.5,-4,0.006852529584243908,0.006852529584243908,0.00976165501105811,0.0050290202544702985,0.005766913487203317,0.007624239,0.007558728,0.0072710356,0.0043199639189260486,0.9326241134751774,94,True
30--300s,train2000_2012_test2013_2015,2000-2012,2013-2015,270,285,277.5,-3,0.007215973473175003,0.007215973473175003,0.010217762514588268,0.0048739136816299,0.006556244223306844,0.007875854,0.007352633,0.008299102,0.0044925326587292366,0.9634703196347031,73,True
30--300s,train2000_2012_test2013_2015,2000-2012,2013-2015,270,285,277.5,-2,0.006352591497668921,0.006352591497668921,0.008042958188515324,0.005022822885860739,0.005991993418630703,0.006676111,0.0075504933,0.007564192,0.004183260000305109,0.9215686274509803,85,True
30--300s,train2000_2012_test2013_2015,2000-2012,2013-2015,270,285,277.5,-1,0.00953207154508208,0.00953207154508208,0.01613121558068122,0.005224045095020852,0.007240953959544165,0.011138042,0.0078178635,0.009190905,0.00361787618199846,0.9878048780487805,82,True
30--300s,train2000_2012_test2013_2015,2000-2012,2013-2015,270,285,277.5,0,0.005040740430659104,0.005040740430659104,0.00905665242205837,0.001874569309967577,0.004190999559951366,0.007235321,0.0033673106,0.0052184816,0.0038754917549797285,0.8036677454153182,309,True
30--300s,train2000_2012_test2013_2015,2000-2012,2013-2015,270,285,277.5,1,0.005180858289705787,0.005180858289705787,0.00801224661220121,0.003360661848547596,0.004169666408368552,0.006659169,0.005341928,0.005190696,0.0033692281786415032,0.9318181818181818,88,True
30--300s,train2000_2012_test2013_2015,2000-2012,2013-2015,270,285,277.5,2,0.0007893126286187404,0.0007893126286187404,0.0008728647570494882,0.0006904591119851343,0.0008046140168215988,0.0027206899,0.0017939461,0.000807873,0.003279261413238137,0.84037558685446,71,True
30--300s,train2000_2012_test2013_2015,2000-2012,2013-2015,270,285,277.5,3,-0.0011425431200220615,-0.0011425431200220615,-0.0005792701738682735,-0.00220086997337432,-0.0006474892128235909,0.0019196118,-0.0020478528,-0.0010834235,0.0032564150846611747,0.8031746031746031,105,True
30--300s,train2000_2012_test2013_2015,2000-2012,2013-2015,270,285,277.5,4,0.0011276644712236823,0.0011276644712236823,-0.0011437463638855599,0.0017966669098435008,0.0027300728677131063,0.0016082155,0.003263799,0.003315693,0.0042462375894657305,0.8398268398268399,77,True
30--300s,train2000_2012_test2013_2015,2000-2012,2013-2015,270,285,277.5,5,0.0004535427242610571,0.0004535427242610571,-0.0007491106249554149,-0.000249667369434037,0.0023594061671726235,0.0018259184,0.00054477085,0.002832917,0.0028615131080522755,0.7252252252252251,74,True
30--300s,train2000_2012_test2013_2015,2000-2012,2013-2015,270,285,277.5,6,-0.002386111301087109,-0.002386111301087109,-0.0049079766103261695,-0.0026982246419422827,0.0004478673490071247,-0.00046834265,-0.0027087035,0.00034322712,0.0023299500874459076,0.7547892720306513,87,True
30--300s,train2000_2012_test2013_2015,2000-2012,2013-2015,270,285,277.5,7,-0.0033527083367416556,-0.0033527083367416556,-0.006341881207411759,-0.0027610242560970107,-0.0009552195467161967,-0.001259364,-0.0027921475,-0.0014842278,0.0020932065693603837,0.9151515151515152,55,True
30--300s,train2000_2012_test2013_2015,2000-2012,2013-2015,270,285,277.5,8,-0.0033719422596677844,-0.0033719422596677844,-0.005572938304582873,-0.00359710352647863,-0.0009457849479418491,-0.00083517237,-0.003903072,-0.0014719398,0.002587256822593506,0.8819444444444445,48,True
30--300s,train2000_2012_test2013_2015,2000-2012,2013-2015,270,285,277.5,9,-0.003344246860460056,-0.003344246860460056,-0.005356979103048562,-0.0036678388814259345,-0.00100792259690567,-0.00071603735,-0.00399706,-0.0015528712,0.0025452097279436417,0.8795180722891566,83,True
30--300s,train2000_2012_test2013_2015,2000-2012,2013-2015,270,285,277.5,10,-0.003754497200062394,-0.003754497200062394,-0.00649219422521189,-0.003630863746855232,-0.0011404336281200613,-0.0013422848,-0.0039479304,-0.0017254605,0.0029894941881910397,0.9251700680272109,49,True
30--300s,train2000_2012_test2013_2015,2000-2012,2013-2015,285,300,292.5,-10,0.0019542253349559605,0.0019542253349559605,0.003049328861276004,0.00017376324443217603,0.0026395838991597016,0.003921348,0.0011073963,0.0031978353,0.002662687952396509,0.7916666666666666,64,True
30--300s,train2000_2012_test2013_2015,2000-2012,2013-2015,285,300,292.5,-9,0.0002498208528250873,0.0002498208528250873,-0.000807277438200675,-6.348896362318274e-05,0.0016202289602991198,0.0017938304,0.0007921519,0.0018701733,0.0026893093727670923,0.7248677248677249,63,True
30--300s,train2000_2012_test2013_2015,2000-2012,2013-2015,285,300,292.5,-8,-0.001004690199675747,-0.001004690199675747,-0.0018641735359843801,-0.001940808553159151,0.0007909114901162904,0.0012107879,-0.0017023012,0.00079002604,0.002619226684287319,0.7403100775193798,86,True
30--300s,train2000_2012_test2013_2015,2000-2012,2013-2015,285,300,292.5,-7,0.0035061360911188286,0.0035061360911188286,0.002670090930948793,0.004161204358650919,0.003687112983756773,0.0037121396,0.006405634,0.0045621926,0.0029406995729473213,0.888888888888889,75,True
30--300s,train2000_2012_test2013_2015,2000-2012,2013-2015,285,300,292.5,-6,0.004551982563853467,0.004551982563853467,0.0046311384080777295,0.004209939310762524,0.004814869972720147,0.004793962,0.0064703897,0.006031044,0.002734319638744467,0.9114583333333334,64,True
30--300s,train2000_2012_test2013_2015,2000-2012,2013-2015,285,300,292.5,-5,0.005633312735714573,0.005633312735714573,0.004604527496007435,0.005036845094603244,0.007258565616533039,0.004779282,0.007569125,0.009213843,0.003553277629250822,0.8909090909090909,110,True
30--300s,train2000_2012_test2013_2015,2000-2012,2013-2015,285,300,292.5,-4,0.005991774052509692,0.005991774052509692,0.007989862593986725,0.0049006322843733775,0.005084827279168973,0.006646821,0.007388135,0.0063826507,0.0037767911970136136,0.9207920792079208,101,True
30--300s,train2000_2012_test2013_2015,2000-2012,2013-2015,285,300,292.5,-3,0.0075984034875911845,0.0075984034875911845,0.011207382065025225,0.005984916157139696,0.005602912240608634,0.008421782,0.008828857,0.007057432,0.003699692748800855,0.9566666666666667,100,True
30--300s,train2000_2012_test2013_2015,2000-2012,2013-2015,285,300,292.5,-2,0.00659466635898251,0.00659466635898251,0.008608049213537281,0.005150112551193106,0.006025837312217144,0.0069878465,0.007719627,0.007608272,0.0038374482327483404,0.9385113268608415,103,True
30--300s,train2000_2012_test2013_2015,2000-2012,2013-2015,285,300,292.5,-1,0.009372954319770024,0.009372954319770024,0.016326463876568588,0.005689983363635593,0.006102415719105895,0.011245753,0.00843697,0.0077080117,0.004270413347864718,0.9523809523809523,84,True
30--300s,train2000_2012_test2013_2015,2000-2012,2013-2015,285,300,292.5,0,0.005360269110934692,0.005360269110934692,0.010033329992564236,0.0017697617414215506,0.004277715598818289,0.0077741104,0.0032280495,0.005331425,0.0032397982947460565,0.8084291187739463,174,True
30--300s,train2000_2012_test2013_2015,2000-2012,2013-2015,285,300,292.5,1,0.00460060012553674,0.00460060012553674,0.0060334522383599055,0.0035924739907885216,0.0041758741474617915,0.0055675562,0.005649944,0.0051987814,0.00352748954431076,0.9090909090909091,110,True
30--300s,train2000_2012_test2013_2015,2000-2012,2013-2015,285,300,292.5,2,0.0006824640168593244,0.0006824640168593244,0.0004977907025407156,0.0005932886472549495,0.0009563127007823077,0.0025137784,0.0016648329,0.0010054534,0.003085118030839741,0.8522727272727273,88,True
30--300s,train2000_2012_test2013_2015,2000-2012,2013-2015,285,300,292.5,3,-0.0017143469070995529,-0.0017143469070995529,-0.0020283326116798815,-0.0022687410939301327,-0.0008459670156886446,0.0011202286,-0.0021380354,-0.0013419316,0.003020229192619071,0.7838827838827839,91,True
30--300s,train2000_2012_test2013_2015,2000-2012,2013-2015,285,300,292.5,4,0.0021995616302372136,0.0021995616302372136,0.0020044285357175974,0.0017734719751248918,0.002820784379869152,0.0033449233,0.0032329792,0.0034338406,0.003496924906647717,0.8736842105263158,95,True
30--300s,train2000_2012_test2013_2015,2000-2012,2013-2015,285,300,292.5,5,0.0005516494365151224,0.0005516494365151224,-0.0006506928067752651,-0.00027306360477369595,0.002578704721094328,0.0018802113,0.00051368354,0.0031185432,0.002962994828269763,0.7348484848484848,88,True
30--300s,train2000_2012_test2013_2015,2000-2012,2013-2015,285,300,292.5,6,-0.0026489229164406262,-0.0026489229164406262,-0.005794364357938643,-0.0024773472565412405,0.0003249428651580028,-0.0009573233,-0.002415217,0.00018312375,0.001663141178924771,0.6906077348066298,362,True
30--300s,train2000_2012_test2013_2015,2000-2012,2013-2015,285,300,292.5,7,-0.0037684042885962597,-0.0037684042885962597,-0.0072166223106955585,-0.0028416357810095707,-0.0012469547740836483,-0.0017419197,-0.0028992586,-0.0018641993,0.002449899935470591,0.9218106995884774,81,True
30--300s,train2000_2012_test2013_2015,2000-2012,2013-2015,285,300,292.5,8,-0.003141856139000978,-0.003141856139000978,-0.004978998387694777,-0.0036388969977407897,-0.0008076730315673668,-0.00050752226,-0.0039586043,-0.0012920555,0.0023141962697703494,0.9012345679012346,81,True
30--300s,train2000_2012_test2013_2015,2000-2012,2013-2015,285,300,292.5,9,-0.002937227455426671,-0.002937227455426671,-0.004574648580279157,-0.0035269507823311856,-0.0007100830036696693,-0.00028446046,-0.0038098579,-0.0011649489,0.00261418927321199,0.8697318007662835,87,True
30--300s,train2000_2012_test2013_2015,2000-2012,2013-2015,285,300,292.5,10,-0.004385217396457224,-0.004385217396457224,-0.00841137244705728,-0.0036558876754100296,-0.001088392066904364,-0.0024010101,-0.0039811805,-0.0016576789,0.0026353306036675803,0.9382716049382716,54,True
30--300s,train2000_2015_test2016_2018,2000-2015,2016-2018,30,45,37.5,-10,0.005597399404294771,0.005597399404294771,0.0018010049497912458,0.009541832920545239,0.005449360342547826,0.0024033617,0.014538073,0.007191216,0.013183192986076144,0.8529411764705882,102,True
30--300s,train2000_2015_test2016_2018,2000-2015,2016-2018,30,45,37.5,-9,0.006772978367157732,0.006772978367157732,0.003102324227911591,0.010447401730015961,0.006769209143545642,0.0032747015,0.015830435,0.008890287,0.01171067005916413,0.8527777777777777,120,True
30--300s,train2000_2015_test2016_2018,2000-2015,2016-2018,30,45,37.5,-8,-0.0005727552416297948,-0.0005727552416297948,-0.007278089853234623,0.006687805976595978,-0.0011279818482507393,-0.0036758352,0.0104650175,-0.0012759443,0.011094145641330103,0.8432835820895522,134,True
30--300s,train2000_2015_test2016_2018,2000-2015,2016-2018,30,45,37.5,-7,0.012788412540426184,0.012788412540426184,0.017962857965970955,0.011098330360680968,0.00930404929462663,0.013225044,0.016759392,0.012153444,0.014835550749570185,0.8906666666666666,125,True
30--300s,train2000_2015_test2016_2018,2000-2015,2016-2018,30,45,37.5,-6,0.005280375519531292,0.005280375519531292,0.00457540786129545,0.007154297092424196,0.004111421604874229,0.0042610513,0.0111307595,0.0054688575,0.014913179379041934,0.8869047619047619,112,True
30--300s,train2000_2015_test2016_2018,2000-2015,2016-2018,30,45,37.5,-5,0.009592818311868218,0.009592818311868218,0.011049510171937681,0.009748405759610529,0.007980539004056444,0.008595993,0.0148328785,0.01044966,0.013886175965871859,0.8953168044077134,121,True
30--300s,train2000_2015_test2016_2018,2000-2015,2016-2018,30,45,37.5,-4,0.004111437054941803,0.004111437054941803,0.002094823528862118,0.005772497527561208,0.004466990108402083,0.0026000973,0.0091587575,0.005926589,0.01373010197918061,0.865546218487395,119,True
30--300s,train2000_2015_test2016_2018,2000-2015,2016-2018,30,45,37.5,-3,0.0014238610897885637,0.0014238610897885637,-0.0046998731461180936,0.006129651543617035,0.002841804871866751,-0.001949508,0.009668461,0.0038344515,0.011965313837683731,0.8277777777777777,120,True
30--300s,train2000_2015_test2016_2018,2000-2015,2016-2018,30,45,37.5,-2,0.002552868621214176,0.002552868621214176,-0.002073320030861165,0.005503341386084025,0.004228584508419668,-0.00019081579,0.008774637,0.0056196842,0.012601913870650674,0.836644591611479,151,True
30--300s,train2000_2015_test2016_2018,2000-2015,2016-2018,30,45,37.5,-1,0.005746775256435183,0.005746775256435183,0.002819795583222165,0.008826603025682882,0.005593927160400503,0.0030855255,0.01351735,0.0073773204,0.009633660074966601,0.8092105263157895,152,True
30--300s,train2000_2015_test2016_2018,2000-2015,2016-2018,30,45,37.5,0,-0.013222716407874346,-0.013222716407874346,-0.020375406183503777,-0.00712763880545187,-0.012165104234667391,-0.01244556,-0.009251361,-0.01548428,0.007178160786479825,0.9144144144144145,148,True
30--300s,train2000_2015_test2016_2018,2000-2015,2016-2018,30,45,37.5,1,-0.00591209411584936,-0.00591209411584936,-0.015234608284774982,0.0022744490252882927,-0.004776123088061394,-0.009003375,0.0041666017,-0.005972279,0.005659540848979692,0.7844611528822055,133,True
30--300s,train2000_2015_test2016_2018,2000-2015,2016-2018,30,45,37.5,2,-0.009548565008006726,-0.009548565008006726,-0.024420692090398842,-0.0010848428170149407,-0.0031401601166063976,-0.01515421,-0.0006275305,-0.0038662667,0.004976979513452302,0.9094202898550725,92,True
30--300s,train2000_2015_test2016_2018,2000-2015,2016-2018,30,45,37.5,3,-0.012485401798462904,-0.012485401798462904,-0.02880552776202293,-0.004179820614637457,-0.004470857018728327,-0.018090215,-0.005044454,-0.005579303,0.004992727385362087,0.989247311827957,124,True
30--300s,train2000_2015_test2016_2018,2000-2015,2016-2018,30,45,37.5,4,-0.006748069834139315,-0.006748069834139315,-0.018837289878464974,-0.0011472267277733404,-0.0002596928961796295,-0.011415665,-0.0007165602,-0.00015817642,0.005579832818486686,0.8064516129032258,93,True
30--300s,train2000_2015_test2016_2018,2000-2015,2016-2018,30,45,37.5,5,-0.007665677759663093,-0.007665677759663093,-0.019325638601124105,-0.0013024324235949244,-0.0023689622542702495,-0.011742654,-0.0009380582,-0.0028734864,0.005294283060733579,0.9468085106382979,94,True
30--300s,train2000_2015_test2016_2018,2000-2015,2016-2018,30,45,37.5,6,-0.008189512761798,-0.008189512761798,-0.01843893331179019,-0.0033726518531088496,-0.002756953120494965,-0.011148932,-0.0038925218,-0.0033729556,0.00588805927979199,0.95,80,True
30--300s,train2000_2015_test2016_2018,2000-2015,2016-2018,30,45,37.5,7,-0.009271596797841584,-0.009271596797841584,-0.02009794980792905,-0.0037105892042630312,-0.004006251381332678,-0.01225978,-0.004374801,-0.004981206,0.006052692699947339,0.9454545454545454,55,True
30--300s,train2000_2015_test2016_2018,2000-2015,2016-2018,30,45,37.5,8,-0.009946191242726611,-0.009946191242726611,-0.02072358707301059,-0.004479555255814742,-0.004635431399354504,-0.012678696,-0.0054722126,-0.005791163,0.006221921200466785,0.9659863945578232,49,True
30--300s,train2000_2015_test2016_2018,2000-2015,2016-2018,30,45,37.5,9,-0.009000717275129117,-0.009000717275129117,-0.01801491151025337,-0.004374599862233142,-0.004612640452900842,-0.010865015,-0.005322428,-0.0057618236,0.005124034391366634,0.9597701149425287,58,True
30--300s,train2000_2015_test2016_2018,2000-2015,2016-2018,30,45,37.5,10,-0.009285792407317544,-0.009285792407317544,-0.019023584398098196,-0.004271739427325488,-0.004562053396528945,-0.0115404045,-0.0051756334,-0.005696702,0.005427169933679413,0.9481481481481481,45,True
30--300s,train2000_2015_test2016_2018,2000-2015,2016-2018,45,60,52.5,-10,0.005833145611453944,0.005833145611453944,0.005179710938112528,0.006835862557805431,0.005483863338443874,0.004665682,0.010676313,0.0072356327,0.008000691276929123,0.8823529411764706,85,True
30--300s,train2000_2015_test2016_2018,2000-2015,2016-2018,45,60,52.5,-9,0.006544143007497611,0.006544143007497611,0.008878711679111265,0.005881971317492695,0.004871746025888874,0.0071424656,0.009314991,0.0064476402,0.010506448406822692,0.8798798798798799,111,True
30--300s,train2000_2015_test2016_2018,2000-2015,2016-2018,45,60,52.5,-8,0.003567218004908366,0.003567218004908366,0.0035281347925012136,0.004777408295239884,0.002396110926983999,0.0035598164,0.0077386396,0.0032606996,0.010059273609714202,0.8793103448275862,116,True
30--300s,train2000_2015_test2016_2018,2000-2015,2016-2018,45,60,52.5,-7,0.010024584914374659,0.010024584914374659,0.014230325344310148,0.007448324205768901,0.008395105193044924,0.010725809,0.0115503725,0.01098334,0.00946802876755639,0.8837920489296636,109,True
30--300s,train2000_2015_test2016_2018,2000-2015,2016-2018,45,60,52.5,-6,0.013669050207071275,0.013669050207071275,0.01774867089716593,0.014737869242374212,0.008520610481673683,0.013081629,0.021953473,0.011144905,0.010522824039334185,0.9191919191919192,99,True
30--300s,train2000_2015_test2016_2018,2000-2015,2016-2018,45,60,52.5,-5,0.014506757881270628,0.014506757881270628,0.016259905753433196,0.016654542244170442,0.010605825646208246,0.012084778,0.024688805,0.01382925,0.011364081415051864,0.8923884514435695,127,True
30--300s,train2000_2015_test2016_2018,2000-2015,2016-2018,45,60,52.5,-4,0.011983269217439694,0.011983269217439694,0.016365693061767377,0.01253693063322279,0.007047183957328917,0.012155612,0.018812453,0.009248131,0.011337398419331825,0.9013333333333333,125,True
30--300s,train2000_2015_test2016_2018,2000-2015,2016-2018,45,60,52.5,-3,0.01300449859536624,0.01300449859536624,0.013366665736965114,0.014714568785563556,0.010932261263570053,0.010147518,0.021920219,0.014249478,0.009054592615981393,0.9002849002849003,117,True
30--300s,train2000_2015_test2016_2018,2000-2015,2016-2018,45,60,52.5,-2,0.011969653428915787,0.011969653428915787,0.011896685461877792,0.013685361808479566,0.010326913016390002,0.0091632465,0.02045141,0.013470199,0.009055512058198831,0.8974358974358974,104,True
30--300s,train2000_2015_test2016_2018,2000-2015,2016-2018,45,60,52.5,-1,0.01298490986793907,0.01298490986793907,0.011140406019077084,0.014901527362045945,0.012912796222694183,0.008656855,0.022187032,0.016799064,0.00688498799462746,0.9414414414414415,148,True
30--300s,train2000_2015_test2016_2018,2000-2015,2016-2018,45,60,52.5,0,-0.0028156413162074233,-0.0028156413162074233,-0.006585542487397517,0.0027631704138965127,-0.0046245518751212664,-0.003212118,0.0048640687,-0.0057771574,0.005611199083176228,0.7709923664122137,131,True
30--300s,train2000_2015_test2016_2018,2000-2015,2016-2018,45,60,52.5,1,-0.0025814269614876035,-0.0025814269614876035,-0.010355621380495776,0.006802429827681406,-0.004191089331648441,-0.005736494,0.010628601,-0.0052191517,0.0045012350867923295,0.7124183006535947,102,True
30--300s,train2000_2015_test2016_2018,2000-2015,2016-2018,45,60,52.5,2,-0.009398987696965403,-0.009398987696965403,-0.023616368369311955,-0.001863162438549661,-0.0027174322830345954,-0.014615649,-0.0017382905,-0.0033220795,0.004785215959409871,0.9411764705882353,102,True
30--300s,train2000_2015_test2016_2018,2000-2015,2016-2018,45,60,52.5,3,-0.010391678242125524,-0.010391678242125524,-0.022682184514093005,-0.0046359963403810565,-0.0038568538719025145,-0.013990137,-0.005695474,-0.0047888826,0.004434353717755699,0.9844961240310077,129,True
30--300s,train2000_2015_test2016_2018,2000-2015,2016-2018,45,60,52.5,4,-0.005855115054451923,-0.005855115054451923,-0.01583255369611015,-0.0016600881543070492,-7.270331293856842e-05,-0.009403748,-0.0014484781,8.253947e-05,0.004913495531924056,0.8333333333333334,86,True
30--300s,train2000_2015_test2016_2018,2000-2015,2016-2018,45,60,52.5,5,-0.006257952160161408,-0.006257952160161408,-0.015438161799875571,-0.0014528479938639043,-0.0018828466867447493,-0.009139671,-0.0011527202,-0.0022476988,0.00394987662633023,0.9547325102880658,81,True
30--300s,train2000_2015_test2016_2018,2000-2015,2016-2018,45,60,52.5,6,-0.006929671038709802,-0.006929671038709802,-0.014373111764532496,-0.003821184166421668,-0.002594717185175245,-0.008426532,-0.0045326343,-0.0031641056,0.005305792561431887,0.9490196078431373,85,True
30--300s,train2000_2015_test2016_2018,2000-2015,2016-2018,45,60,52.5,7,-0.00707843316361337,-0.00707843316361337,-0.013180158885201215,-0.004420284293645552,-0.0036348563119933414,-0.007627753,-0.005387625,-0.0045031,0.004701979014745169,0.946031746031746,105,True
30--300s,train2000_2015_test2016_2018,2000-2015,2016-2018,45,60,52.5,8,-0.006891179862687974,-0.006891179862687974,-0.012458637049195002,-0.004249770581495832,-0.003965131957373086,-0.007144635,-0.005144281,-0.0049282713,0.005459804396053292,0.9130434782608695,69,True
30--300s,train2000_2015_test2016_2018,2000-2015,2016-2018,45,60,52.5,9,-0.009008214855962985,-0.009008214855962985,-0.017782118582422648,-0.0047844572127693896,-0.004458068772696915,-0.010709141,-0.005907346,-0.00556284,0.004588405862952364,0.9830508474576272,59,True
30--300s,train2000_2015_test2016_2018,2000-2015,2016-2018,45,60,52.5,10,-0.007987180452801976,-0.007987180452801976,-0.014779850278089998,-0.004812652747028321,-0.0043690383332876115,-0.008698877,-0.0059475848,-0.005448229,0.005072335663822189,0.9552238805970149,67,True
30--300s,train2000_2015_test2016_2018,2000-2015,2016-2018,60,75,67.5,-10,0.006011585808362834,0.006011585808362834,0.011603491689812043,0.0020365759013157136,0.0043946898339607444,0.008966929,0.0038271267,0.005833515,0.0066283496262077935,0.9047619047619049,77,True
30--300s,train2000_2015_test2016_2018,2000-2015,2016-2018,60,75,67.5,-9,0.0025789394439982094,0.0025789394439982094,0.004304973902512411,-0.00017048089943879155,0.0036023253289210085,0.004079974,0.0006773791,0.0048134867,0.0071128234807516,0.8284313725490196,68,True
30--300s,train2000_2015_test2016_2018,2000-2015,2016-2018,60,75,67.5,-8,0.0016522235644134652,0.0016522235644134652,0.003827179798818553,-0.001754645588169657,0.0028841364825915,0.0037600517,-0.0015834233,0.003888946,0.0068421339758182,0.8205128205128205,78,True
30--300s,train2000_2015_test2016_2018,2000-2015,2016-2018,60,75,67.5,-7,0.007005347751027284,0.007005347751027284,0.011543239591134275,0.0018852644670275288,0.007587539194920048,0.008926584,0.0036111865,0.009943742,0.006890449866495382,0.8352490421455939,87,True
30--300s,train2000_2015_test2016_2018,2000-2015,2016-2018,60,75,67.5,-6,0.010047408729792685,0.010047408729792685,0.013185085025841802,0.009614994724151652,0.007342146439384603,0.010025935,0.0146424845,0.009627842,0.007163404816187719,0.9262536873156343,113,True
30--300s,train2000_2015_test2016_2018,2000-2015,2016-2018,60,75,67.5,-5,0.01163586397175734,0.01163586397175734,0.010494634126900318,0.012667176218385083,0.011745781569986614,0.0082244575,0.018998332,0.01529674,0.007139017141568435,0.9033333333333333,100,True
30--300s,train2000_2015_test2016_2018,2000-2015,2016-2018,60,75,67.5,-4,0.010061967191076878,0.010061967191076878,0.01398229838311879,0.008895600575279052,0.007308002614832788,0.010559735,0.013615819,0.009583888,0.007004757221797184,0.9225589225589225,99,True
30--300s,train2000_2015_test2016_2018,2000-2015,2016-2018,60,75,67.5,-3,0.009724481811585818,0.009724481811585818,0.011294852759541214,0.010196981449043055,0.007681611226173183,0.00876027,0.015473053,0.010064843,0.007108448141442987,0.9318181818181818,132,True
30--300s,train2000_2015_test2016_2018,2000-2015,2016-2018,60,75,67.5,-2,0.008377543511893215,0.008377543511893215,0.006609330293881036,0.010809560220939086,0.007713740020859524,0.005622929,0.01634728,0.010106203,0.007211267971809877,0.8833333333333333,100,True
30--300s,train2000_2015_test2016_2018,2000-2015,2016-2018,60,75,67.5,-1,0.009270646656857659,0.009270646656857659,0.00943154586127211,0.010156264860672396,0.008224129248628469,0.007512633,0.015414945,0.010763239,0.005079877303035956,0.9482200647249192,103,True
30--300s,train2000_2015_test2016_2018,2000-2015,2016-2018,60,75,67.5,0,-0.0025076448995895693,-0.0025076448995895693,-0.007612879479023751,0.00327339943200274,-0.0031834546517476975,-0.003900004,0.00559223,-0.0039220005,0.0051343250771914385,0.744131455399061,142,True
30--300s,train2000_2015_test2016_2018,2000-2015,2016-2018,60,75,67.5,1,-0.0024895385853689507,-0.0024895385853689507,-0.009552388376728761,0.006513856204737178,-0.004430083584115271,-0.005198664,0.01021677,-0.005526814,0.005127976542945179,0.6814159292035398,113,True
30--300s,train2000_2015_test2016_2018,2000-2015,2016-2018,60,75,67.5,2,-0.008429997575300191,-0.008429997575300191,-0.018548947306226964,-0.0031887058480921473,-0.003552339571581458,-0.011222596,-0.0036300079,-0.0043968745,0.004710450629685082,0.9673202614379085,102,True
30--300s,train2000_2015_test2016_2018,2000-2015,2016-2018,60,75,67.5,3,-0.009728717044225121,-0.009728717044225121,-0.020458706016121035,-0.0048350492823792815,-0.00389239583417505,-0.012501336,-0.0059795473,-0.0048346366,0.0038071504824908104,0.9847094801223241,109,True
30--300s,train2000_2015_test2016_2018,2000-2015,2016-2018,60,75,67.5,4,-0.004261356025058669,-0.004261356025058669,-0.01049775472116908,-0.0021480109393150672,-0.0001383024146918562,-0.005831664,-0.0021448052,-1.9077293e-06,0.00459276453600273,0.7849462365591398,93,True
30--300s,train2000_2015_test2016_2018,2000-2015,2016-2018,60,75,67.5,5,-0.005796320305339516,-0.005796320305339516,-0.013648865122287145,-0.001768042490719826,-0.0019720533030115756,-0.007941591,-0.0016025425,-0.0023625365,0.004377653244730315,0.9605734767025089,93,True
30--300s,train2000_2015_test2016_2018,2000-2015,2016-2018,60,75,67.5,6,-0.005711594342345904,-0.005711594342345904,-0.010890141387991848,-0.0038406793656359066,-0.0024039622734099565,-0.0060943994,-0.004560456,-0.0029185428,0.004848381030120922,0.9492753623188406,92,True
30--300s,train2000_2015_test2016_2018,2000-2015,2016-2018,60,75,67.5,7,-0.006969383623458619,-0.006969383623458619,-0.012192368166236136,-0.004821051076045708,-0.0038947316280940098,-0.0069663464,-0.00595957,-0.0048376434,0.003958838490279802,0.9516908212560388,69,True
30--300s,train2000_2015_test2016_2018,2000-2015,2016-2018,60,75,67.5,8,-0.007291262546127371,-0.007291262546127371,-0.012552518994905833,-0.005013549498186104,-0.004307719145290174,-0.007207497,-0.0062342896,-0.0053692916,0.004472419055552714,0.9471544715447155,82,True
30--300s,train2000_2015_test2016_2018,2000-2015,2016-2018,60,75,67.5,9,-0.00761859538244393,-0.00761859538244393,-0.013838313304496789,-0.00475020015951061,-0.004267272683324394,-0.008068441,-0.0058584567,-0.0053172237,0.004048964320707264,0.965686274509804,68,True
30--300s,train2000_2015_test2016_2018,2000-2015,2016-2018,60,75,67.5,10,-0.008339401500821016,-0.008339401500821016,-0.015405796577314206,-0.0051189000212820525,-0.004493507903866792,-0.009117999,-0.0063846377,-0.005608462,0.00373739466255333,0.9761904761904762,56,True
30--300s,train2000_2015_test2016_2018,2000-2015,2016-2018,75,90,82.5,-10,0.0010172627946855796,0.0010172627946855796,0.004746102893862272,-0.002685462766424116,0.0009911482566185824,0.0043753455,-0.0029118168,0.0014520595,0.0043503713247553255,0.7261904761904762,84,True
30--300s,train2000_2015_test2016_2018,2000-2015,2016-2018,75,90,82.5,-9,-0.00026461036120641697,-0.00026461036120641697,0.002420764521875051,-0.0036001519712272807,0.00038555636573297803,0.0028183416,-0.0042171935,0.00067246746,0.005521589136293764,0.7662337662337663,77,True
30--300s,train2000_2015_test2016_2018,2000-2015,2016-2018,75,90,82.5,-8,-0.002633844762600972,-0.002633844762600972,-0.001621753204597701,-0.00556762607706158,-0.0007121550061436367,0.00011154515,-0.0070250267,-0.0007406411,0.005696790790198866,0.8731884057971014,92,True
30--300s,train2000_2015_test2016_2018,2000-2015,2016-2018,75,90,82.5,-7,0.004263613711122977,0.004263613711122977,0.006869705929466998,-0.0005270132420490347,0.006448148445950967,0.0057972716,0.00016856253,0.008476979,0.0029237699165432555,0.7466666666666667,75,True
30--300s,train2000_2015_test2016_2018,2000-2015,2016-2018,75,90,82.5,-6,0.003961752493031865,0.003961752493031865,0.00522193231750508,0.004058286272319642,0.002605038889270874,0.0046939524,0.0067123626,0.0035296571,0.00539485474692788,0.8741496598639457,98,True
30--300s,train2000_2015_test2016_2018,2000-2015,2016-2018,75,90,82.5,-5,0.0057565710159804585,0.0057565710159804585,0.0046967525499658665,0.006109377104023367,0.006463583393952141,0.0043423017,0.009639527,0.008496849,0.005034326116570715,0.8901098901098901,91,True
30--300s,train2000_2015_test2016_2018,2000-2015,2016-2018,75,90,82.5,-4,0.0034557460587854574,0.0034557460587854574,0.00467138661418083,0.001988138235063059,0.003707713327112483,0.004325317,0.0037580002,0.004949155,0.0055732493926668155,0.871069182389937,106,True
30--300s,train2000_2015_test2016_2018,2000-2015,2016-2018,75,90,82.5,-3,0.0037491345047528995,0.0037491345047528995,0.00457300414620815,0.003281305270782274,0.0033930940972682747,0.004259442,0.0056035123,0.0045441384,0.004805068199503184,0.8407079646017699,113,True
30--300s,train2000_2015_test2016_2018,2000-2015,2016-2018,75,90,82.5,-2,0.0006324694195087876,0.0006324694195087876,-0.0037859438367191106,0.002249989423390883,0.0034333626718545908,-0.0013375574,0.004131695,0.0045959773,0.005047921015235055,0.7850467289719626,107,True
30--300s,train2000_2015_test2016_2018,2000-2015,2016-2018,75,90,82.5,-1,0.0008200163446342086,0.0008200163446342086,-0.0048217526550336015,0.0033607341298553485,0.003921067559080878,-0.0020311163,0.0057168673,0.0052238107,0.0062004125546426744,0.8052805280528053,101,True
30--300s,train2000_2015_test2016_2018,2000-2015,2016-2018,75,90,82.5,0,-0.004503240569931945,-0.004503240569931945,-0.010519850763444841,-0.002690705754553726,-0.0002991651917972672,-0.005846459,-0.002919299,-0.00020899001,0.004549435507218274,0.7872340425531915,141,True
30--300s,train2000_2015_test2016_2018,2000-2015,2016-2018,75,90,82.5,1,-0.004788864224768332,-0.004788864224768332,-0.01352916806714923,0.0009603116277453152,-0.0017977362349010826,-0.007861444,0.0022911625,-0.0021381343,0.0045228541827030035,0.751412429378531,118,True
30--300s,train2000_2015_test2016_2018,2000-2015,2016-2018,75,90,82.5,2,-0.008058646585358566,-0.008058646585358566,-0.017837430362555674,-0.0034052962995832904,-0.0029332130939367356,-0.010746177,-0.0039391094,-0.003599859,0.004523596976982406,0.9748427672955975,106,True
30--300s,train2000_2015_test2016_2018,2000-2015,2016-2018,75,90,82.5,3,-0.009179805157972684,-0.009179805157972684,-0.018676082067185653,-0.004930384279672105,-0.003932949127060294,-0.011307723,-0.006115602,-0.004886842,0.00394967929673811,0.9875389408099688,107,True
30--300s,train2000_2015_test2016_2018,2000-2015,2016-2018,75,90,82.5,4,-0.003050612205804603,-0.003050612205804603,-0.0071795905336550945,-0.001978305702622882,6.059618864169453e-06,-0.0036098817,-0.0019026146,0.00018393276,0.0035265330738872692,0.7924528301886793,106,True
30--300s,train2000_2015_test2016_2018,2000-2015,2016-2018,75,90,82.5,5,-0.004580283904347418,-0.004580283904347418,-0.010406874355428133,-0.0015641560662157372,-0.0017698212913983865,-0.005770812,-0.0013115709,-0.0021021988,0.0036588301493501296,0.9361702127659575,94,True
30--300s,train2000_2015_test2016_2018,2000-2015,2016-2018,75,90,82.5,6,-0.003907502073249319,-0.003907502073249319,-0.005157203930182693,-0.004016609552478055,-0.0025486927370872076,-0.0022557282,-0.0048115305,-0.0031048574,0.004151397832622256,0.8735632183908045,58,True
30--300s,train2000_2015_test2016_2018,2000-2015,2016-2018,75,90,82.5,7,-0.005477295982980303,-0.005477295982980303,-0.008277458957185452,-0.004559971991548288,-0.003594457000207167,-0.004344994,-0.0055869776,-0.0044510937,0.0036363059710599246,0.9142857142857143,70,True
30--300s,train2000_2015_test2016_2018,2000-2015,2016-2018,75,90,82.5,8,-0.006494916874976504,-0.006494916874976504,-0.010253206016721559,-0.004893147716971595,-0.004338396891236357,-0.005667919,-0.006062461,-0.005408784,0.004269702115886314,0.9269406392694065,73,True
30--300s,train2000_2015_test2016_2018,2000-2015,2016-2018,75,90,82.5,9,-0.006346033588167038,-0.006346033588167038,-0.00978567241621193,-0.0050570481108381995,-0.0041953802374509845,-0.005354867,-0.006296368,-0.0052246754,0.0035556954675138794,0.9398148148148149,72,True
30--300s,train2000_2015_test2016_2018,2000-2015,2016-2018,75,90,82.5,10,-0.007519814468350065,-0.007519814468350065,-0.013535184258468233,-0.004706444735625447,-0.004317814410956514,-0.007865472,-0.0057960125,-0.0053822873,0.003754800010029583,0.9629629629629629,54,True
30--300s,train2000_2015_test2016_2018,2000-2015,2016-2018,90,105,97.5,-10,0.0017824207750866742,0.0017824207750866742,0.00745603846933559,-0.002809476389701937,0.0007007002456263687,0.0061898693,-0.0030887998,0.0010781593,0.004364969282157272,0.7134502923976608,57,True
30--300s,train2000_2015_test2016_2018,2000-2015,2016-2018,90,105,97.5,-9,2.5585267856378033e-06,2.5585267856378033e-06,0.003607216855645856,-0.0036215319367992635,2.199066151032063e-05,0.0036127686,-0.004247705,0.00020444115,0.004126347688128521,0.7134502923976608,57,True
30--300s,train2000_2015_test2016_2018,2000-2015,2016-2018,90,105,97.5,-8,-0.0021668778402879284,-0.0021668778402879284,-0.0003521782568578408,-0.005108455983319501,-0.001039999280686444,0.0009616295,-0.0063697333,-0.0011626824,0.00414674205482567,0.7543859649122806,76,True
30--300s,train2000_2015_test2016_2018,2000-2015,2016-2018,90,105,97.5,-7,0.0061503395981562185,0.0061503395981562185,0.011756692933688355,0.00012517838949391597,0.0065691474712863875,0.00906951,0.0010993221,0.008632744,0.004462103633067534,0.8260869565217391,92,True
30--300s,train2000_2015_test2016_2018,2000-2015,2016-2018,90,105,97.5,-6,0.005509600499403956,0.005509600499403956,0.00922123423208832,0.0034672364941529176,0.003840330771970628,0.007371812,0.0058688596,0.005119876,0.004803027398747864,0.8793650793650793,105,True
30--300s,train2000_2015_test2016_2018,2000-2015,2016-2018,90,105,97.5,-5,0.006182003429605142,0.006182003429605142,0.007358734950300793,0.006043246273478258,0.005144029065036376,0.0061247167,0.00954515,0.0067981565,0.0042401079658181675,0.9301587301587302,105,True
30--300s,train2000_2015_test2016_2018,2000-2015,2016-2018,90,105,97.5,-4,0.0034160648468631706,0.0034160648468631706,0.004505019697232118,0.0028538863863092215,0.0028892884570481726,0.004213921,0.004993532,0.003895578,0.0050723202139478975,0.819672131147541,122,True
30--300s,train2000_2015_test2016_2018,2000-2015,2016-2018,90,105,97.5,-3,0.0018925679928530838,0.0018925679928530838,0.0002846220467747477,0.003232554507593623,0.002160527424190881,0.0013880194,0.005533939,0.0029574276,0.005490172298974797,0.7899159663865546,119,True
30--300s,train2000_2015_test2016_2018,2000-2015,2016-2018,90,105,97.5,-2,0.0003309846514861737,0.0003309846514861737,-0.0036436566512589685,0.0026434890545573614,0.001993121551160128,-0.0012422847,0.0046932683,0.0027419222,0.005254313757525388,0.7627118644067796,118,True
30--300s,train2000_2015_test2016_2018,2000-2015,2016-2018,90,105,97.5,-1,0.000597283205488579,0.000597283205488579,-0.004170894459743275,0.003952990911854456,0.002009753164354557,-0.0015953135,0.0065620923,0.0027633326,0.005710956902422476,0.7828746177370031,109,True
30--300s,train2000_2015_test2016_2018,2000-2015,2016-2018,90,105,97.5,0,-0.0030481056736485213,-0.0030481056736485213,-0.006982319711423579,-0.0018667734913723052,-0.0002952238181496807,-0.0034777927,-0.0017434439,-0.00020391618,0.005016895184876846,0.7571059431524547,129,True
30--300s,train2000_2015_test2016_2018,2000-2015,2016-2018,90,105,97.5,1,-0.0043952769832171995,-0.0043952769832171995,-0.012170657071125614,0.0008681290058678097,-0.0018833028843937953,-0.006951809,0.0021596062,-0.002248286,0.005334224742192534,0.7482269503546098,94,True
30--300s,train2000_2015_test2016_2018,2000-2015,2016-2018,90,105,97.5,2,-0.006720869438536641,-0.006720869438536641,-0.014327980946848042,-0.0031639354549957595,-0.00267069191376612,-0.0083963135,-0.0035946574,-0.0032619098,0.0038425527424406944,0.9747899159663865,119,True
30--300s,train2000_2015_test2016_2018,2000-2015,2016-2018,90,105,97.5,3,-0.007918676067453443,-0.007918676067453443,-0.014233302657320914,-0.004806405450014361,-0.004716320095025055,-0.008332919,-0.005938669,-0.005895293,0.00399080892413812,0.9756944444444445,96,True
30--300s,train2000_2015_test2016_2018,2000-2015,2016-2018,90,105,97.5,4,-0.002750571806929259,-0.002750571806929259,-0.005507294501784385,-0.0019963640690332947,-0.0007480568499700967,-0.0024901426,-0.001928386,-0.0007868583,0.0035396162904811185,0.8259259259259258,90,True
30--300s,train2000_2015_test2016_2018,2000-2015,2016-2018,90,105,97.5,5,-0.003118052227043512,-0.003118052227043512,-0.00506330672801159,-0.0016958407519148098,-0.0025950092012041355,-0.0021928565,-0.0014995015,-0.0031644818,0.0032880462643724725,0.8861788617886179,82,True
30--300s,train2000_2015_test2016_2018,2000-2015,2016-2018,90,105,97.5,6,-0.004133452247878546,-0.004133452247878546,-0.005258685162370331,-0.0039475284931585345,-0.003194143088106772,-0.0023236782,-0.0047129435,-0.0039357604,0.0032709085256370724,0.9094202898550725,92,True
30--300s,train2000_2015_test2016_2018,2000-2015,2016-2018,90,105,97.5,7,-0.006118027353132597,-0.006118027353132597,-0.008880920065303428,-0.0048087869449861655,-0.004664375049108196,-0.004749061,-0.0059420676,-0.005828423,0.003920371461322168,0.9295774647887324,71,True
30--300s,train2000_2015_test2016_2018,2000-2015,2016-2018,90,105,97.5,8,-0.006390017505625965,-0.006390017505625965,-0.009279327728348994,-0.0048801487496151165,-0.005010576038913782,-0.0050158272,-0.0060439096,-0.0062740953,0.004136269090760985,0.9368421052631579,95,True
30--300s,train2000_2015_test2016_2018,2000-2015,2016-2018,90,105,97.5,9,-0.005047195022734114,-0.005047195022734114,-0.00532365863763417,-0.0049972460085232024,-0.00482068042204497,-0.0023671833,-0.0062110224,-0.0060296385,0.0032629583696796426,0.9181286549707602,57,True
30--300s,train2000_2015_test2016_2018,2000-2015,2016-2018,90,105,97.5,10,-0.00747007901491258,-0.00747007901491258,-0.012199369128428169,-0.0049319871426184965,-0.0052788807736910736,-0.006971034,-0.0061178897,-0.00661949,0.003641082317252253,0.9824561403508771,57,True
30--300s,train2000_2015_test2016_2018,2000-2015,2016-2018,105,120,112.5,-10,0.0028135865904013384,0.0028135865904013384,0.009445120315766352,-0.0025350467744237443,0.0015306862298614073,0.007521722,-0.0026971542,0.002146619,0.0040220924642550455,0.6883116883116883,77,True
30--300s,train2000_2015_test2016_2018,2000-2015,2016-2018,105,120,112.5,-9,0.000943244741836491,0.000943244741836491,0.0045563540585766196,-0.002852049518100415,0.001125429685033269,0.0042482936,-0.0031495567,0.0016249231,0.004566094176717714,0.7023809523809523,56,True
30--300s,train2000_2015_test2016_2018,2000-2015,2016-2018,105,120,112.5,-8,-0.0009333551195060131,-0.0009333551195060131,0.002656747354382762,-0.004632970049171424,-0.0008238426637293771,0.0029763514,-0.0056911544,-0.00088441913,0.004484108289391847,0.7624521072796935,87,True
30--300s,train2000_2015_test2016_2018,2000-2015,2016-2018,105,120,112.5,-7,0.006408087204638792,0.006408087204638792,0.01116490146363057,-0.00031177537360561186,0.008371135523891418,0.008673257,0.00047573404,0.010952483,0.0025653089706164705,0.7068965517241379,348,True
30--300s,train2000_2015_test2016_2018,2000-2015,2016-2018,105,120,112.5,-6,0.0065743106492662726,0.0065743106492662726,0.010749199819192395,0.004452156162615631,0.004521575965990794,0.008394911,0.007274464,0.0059968587,0.005122064017123613,0.9116465863453815,83,True
30--300s,train2000_2015_test2016_2018,2000-2015,2016-2018,105,120,112.5,-5,0.007583798313616777,0.007583798313616777,0.010084502095203082,0.006546058097515996,0.0061208347481312535,0.00794984,0.010262726,0.008055621,0.004508237132375205,0.9532163742690059,114,True
30--300s,train2000_2015_test2016_2018,2000-2015,2016-2018,105,120,112.5,-4,0.005592518492092888,0.005592518492092888,0.0056235643913556,0.005492869403447166,0.005661121681475895,0.0049628783,0.008759692,0.007463821,0.0046362090471895965,0.9043478260869565,115,True
30--300s,train2000_2015_test2016_2018,2000-2015,2016-2018,105,120,112.5,-3,0.004964637878339337,0.004964637878339337,0.0025720502856109695,0.006808002896103337,0.005513860453303703,0.0029196397,0.010636554,0.007274249,0.004972501045424324,0.8696969696969697,110,True
30--300s,train2000_2015_test2016_2018,2000-2015,2016-2018,105,120,112.5,-2,0.004120855208516043,0.004120855208516043,0.00010813535190239952,0.0062918532583489326,0.005962577015296795,0.001269847,0.009899944,0.007851892,0.004614268641271832,0.8427230046948356,142,True
30--300s,train2000_2015_test2016_2018,2000-2015,2016-2018,105,120,112.5,-1,0.005396184254042508,0.005396184254042508,0.001964335166423881,0.007983448849980684,0.006240768745722957,0.0025127248,0.0123140635,0.008210014,0.004316151387417706,0.8541666666666667,112,True
30--300s,train2000_2015_test2016_2018,2000-2015,2016-2018,105,120,112.5,0,-0.0010709374499790608,-0.0010709374499790608,-0.0036939006089707817,-0.00018228418775201213,0.0006633724467856115,-0.0012759271,0.0006605343,0.0010301063,0.004546287021656001,0.717948717948718,130,True
30--300s,train2000_2015_test2016_2018,2000-2015,2016-2018,105,120,112.5,1,-0.00325053634559395,-0.00325053634559395,-0.009621861209511513,0.0011406064947816687,-0.0012703543220520066,-0.005245182,0.0025484657,-0.0014592236,0.004342226970689571,0.7585034013605442,98,True
30--300s,train2000_2015_test2016_2018,2000-2015,2016-2018,105,120,112.5,2,-0.005783549841716982,-0.005783549841716982,-0.01301138714196675,-0.003011183044424807,-0.001328079338759392,-0.007514747,-0.0033766604,-0.0015335343,0.004050097875154753,0.8717948717948718,117,True
30--300s,train2000_2015_test2016_2018,2000-2015,2016-2018,105,120,112.5,3,-0.006655168700698685,-0.006655168700698685,-0.01167952217712968,-0.004542730450084574,-0.003743253474881802,-0.006622954,-0.005562371,-0.0046426426,0.0035000570623187274,0.9478260869565217,115,True
30--300s,train2000_2015_test2016_2018,2000-2015,2016-2018,105,120,112.5,4,-0.0022720669020060715,-0.0022720669020060715,-0.004812176957609498,-0.0017142456601519274,-0.0002897780882567895,-0.0020247046,-0.0015257676,-0.00019690578,0.0038073150061147362,0.7830188679245284,106,True
30--300s,train2000_2015_test2016_2018,2000-2015,2016-2018,105,120,112.5,5,-0.0027548316867929933,-0.0027548316867929933,-0.005188078925496475,-0.0013491563676133796,-0.0017272597672691248,-0.0022764017,-0.0010047392,-0.0020474081,0.004284149727152994,0.8835978835978836,63,True
30--300s,train2000_2015_test2016_2018,2000-2015,2016-2018,105,120,112.5,6,-0.0038635120291272843,-0.0038635120291272843,-0.00577605295787731,-0.0035059037804943474,-0.0023085793490101965,-0.0026700983,-0.004082689,-0.002795754,0.00395028565881256,0.8658536585365854,82,True
30--300s,train2000_2015_test2016_2018,2000-2015,2016-2018,105,120,112.5,7,-0.005410823145169107,-0.005410823145169107,-0.007967523378363008,-0.00433530552433962,-0.0039296405328046935,-0.004137467,-0.00526635,-0.0048825825,0.004544556659939644,0.9102564102564102,78,True
30--300s,train2000_2015_test2016_2018,2000-2015,2016-2018,105,120,112.5,8,-0.006018319155139485,-0.006018319155139485,-0.00907907801807329,-0.004591487176685648,-0.004384392270659514,-0.0048817443,-0.0056319535,-0.0054679946,0.0035448608285112617,0.9360730593607305,73,True
30--300s,train2000_2015_test2016_2018,2000-2015,2016-2018,105,120,112.5,9,-0.005095843210734534,-0.005095843210734534,-0.006463690071124753,-0.00460041823845756,-0.00422342132262129,-0.0031305277,-0.0056446996,-0.005260773,0.0040389192913564504,0.8941798941798942,63,True
30--300s,train2000_2015_test2016_2018,2000-2015,2016-2018,105,120,112.5,10,-0.006331963178385325,-0.006331963178385325,-0.01007860997814525,-0.004777904198990013,-0.004139375358020713,-0.0055510122,-0.005897994,-0.005152579,0.003857237600763663,0.9333333333333333,45,True
30--300s,train2000_2015_test2016_2018,2000-2015,2016-2018,120,135,127.5,-10,0.002663908945678845,0.002663908945678845,0.009002740891868376,-0.0025035101542523167,0.001492496099420474,0.0072255135,-0.0026521473,0.0020974558,0.004028871068943344,0.6787878787878787,55,True
30--300s,train2000_2015_test2016_2018,2000-2015,2016-2018,120,135,127.5,-9,0.0027568908943756167,0.0027568908943756167,0.010123180187352839,-0.0024026043268496264,0.0005500968226236361,0.007975739,-0.002508142,0.00088428415,0.004130289046501836,0.7171717171717171,66,True
30--300s,train2000_2015_test2016_2018,2000-2015,2016-2018,120,135,127.5,-8,-0.0010605888304648485,-0.0010605888304648485,0.003212873344867197,-0.004978916428522576,-0.001415723407739166,0.0033487233,-0.0061848634,-0.0016463605,0.0038148210289835737,0.7592592592592592,72,True
30--300s,train2000_2015_test2016_2018,2000-2015,2016-2018,120,135,127.5,-7,0.006544327809121176,0.006544327809121176,0.012434072947952342,0.0002026155851520335,0.006996294894259155,0.009523071,0.0012098347,0.00918262,0.004486391782600127,0.8429118773946359,87,True
30--300s,train2000_2015_test2016_2018,2000-2015,2016-2018,120,135,127.5,-6,0.005710730342722009,0.005710730342722009,0.00960854508301085,0.003996768190987919,0.0035268777541672598,0.0076311487,0.0066245683,0.004716361,0.004403820710123222,0.9108527131782945,86,True
30--300s,train2000_2015_test2016_2018,2000-2015,2016-2018,120,135,127.5,-5,0.005667392389130457,0.005667392389130457,0.006466567168758025,0.006017919649063439,0.004517690349569908,0.005527337,0.009509006,0.0059918566,0.004083426324146853,0.9069767441860465,86,True
30--300s,train2000_2015_test2016_2018,2000-2015,2016-2018,120,135,127.5,-4,0.0038093071099558626,0.0038093071099558626,0.0018773094011771533,0.006715017074986038,0.0028355948537043974,0.0024544538,0.010503851,0.003826457,0.004875865268456106,0.8647798742138365,106,True
30--300s,train2000_2015_test2016_2018,2000-2015,2016-2018,120,135,127.5,-3,0.004137148537301857,0.004137148537301857,0.0017889343307778026,0.0077156771281558095,0.0029068341529719572,0.0023952795,0.0119319195,0.003918165,0.004834338078967344,0.8527131782945736,86,True
30--300s,train2000_2015_test2016_2018,2000-2015,2016-2018,120,135,127.5,-2,0.0021957664067802046,0.0021957664067802046,-0.004018123336316045,0.007575997650309038,0.003029424906347621,-0.0014930207,0.011732579,0.004075979,0.005579433056474252,0.7916666666666666,112,True
30--300s,train2000_2015_test2016_2018,2000-2015,2016-2018,120,135,127.5,-1,0.0037994810934913127,0.0037994810934913127,-0.0008236314917204095,0.008050494445881998,0.004171580326312349,0.00064595294,0.012409746,0.005546301,0.005076017058642895,0.828125,128,True
30--300s,train2000_2015_test2016_2018,2000-2015,2016-2018,120,135,127.5,0,-0.001995910309719044,-0.001995910309719044,-0.004936485062862402,-0.00012264822553914646,-0.0009285976407555831,-0.002107939,0.0007456423,-0.0010192726,0.004751219281916521,0.7410468319559228,121,True
30--300s,train2000_2015_test2016_2018,2000-2015,2016-2018,120,135,127.5,1,-0.003184689454979685,-0.003184689454979685,-0.010043522849927303,0.0016293260776734239,-0.0011398715926851774,-0.0055275187,0.0032459302,-0.0012912503,0.003981475116739014,0.7239057239057238,99,True
30--300s,train2000_2015_test2016_2018,2000-2015,2016-2018,120,135,127.5,2,-0.006431314480135179,-0.006431314480135179,-0.015049270849446936,-0.0026471779687763613,-0.0015974946221822357,-0.008879277,-0.0028571794,-0.0018803587,0.003764816023260265,0.8856209150326797,102,True
30--300s,train2000_2015_test2016_2018,2000-2015,2016-2018,120,135,127.5,3,-0.0059512257498156125,-0.0059512257498156125,-0.011287599867316651,-0.004074394431893023,-0.0024916829502371644,-0.00636053,-0.0048939968,-0.0030314676,0.005000527637830292,0.9541666666666666,80,True
30--300s,train2000_2015_test2016_2018,2000-2015,2016-2018,120,135,127.5,4,-0.000713843102725351,-0.000713843102725351,-0.0027829240414837704,-0.0009542991805664004,0.0015956939138741177,-0.00066595373,-0.0004412283,0.0022303048,0.0036942353108965625,0.7022653721682848,103,True
30--300s,train2000_2015_test2016_2018,2000-2015,2016-2018,120,135,127.5,5,-0.0009846668246975647,-0.0009846668246975647,-0.0036672492671113934,-0.0005055265342913433,0.0012187753273100424,-0.0012580819,0.00019922676,0.0017450891,0.003508547271292669,0.7045454545454546,88,True
30--300s,train2000_2015_test2016_2018,2000-2015,2016-2018,120,135,127.5,6,-0.0018145328100325439,-0.0018145328100325439,-0.002918272775585735,-0.002972570762248507,0.00044724510773661084,-0.0007565808,-0.003321556,0.00075188075,0.004117556636464501,0.706140350877193,76,True
30--300s,train2000_2015_test2016_2018,2000-2015,2016-2018,120,135,127.5,7,-0.0030965211948038207,-0.0030965211948038207,-0.00486713829938011,-0.0034130978522853863,-0.0010093274327459655,-0.0020615058,-0.0039502434,-0.0011231978,0.003118501035460323,0.9017094017094016,78,True
30--300s,train2000_2015_test2016_2018,2000-2015,2016-2018,120,135,127.5,8,-0.0038746768303155937,-0.0038746768303155937,-0.006163503829574293,-0.0038172711693524103,-0.0016432554920200774,-0.0029295285,-0.0045270496,-0.0019392677,0.003781887941426456,0.9033816425120773,69,True
30--300s,train2000_2015_test2016_2018,2000-2015,2016-2018,120,135,127.5,9,-0.004673268785610563,-0.004673268785610563,-0.008247797021909375,-0.003942130368245971,-0.001829878966676341,-0.0043251333,-0.0047052396,-0.0021795123,0.0031238874715239376,0.9583333333333333,56,True
30--300s,train2000_2015_test2016_2018,2000-2015,2016-2018,120,135,127.5,10,-0.004083220830682398,-0.004083220830682398,-0.006803255292125246,-0.0037972633322639776,-0.001649143867657971,-0.0033578945,-0.004498496,-0.001946848,0.0030365773466624335,0.9292929292929293,66,True
30--300s,train2000_2015_test2016_2018,2000-2015,2016-2018,135,150,142.5,-10,0.0025571662080598654,0.0025571662080598654,0.008645437934467565,-0.002376384193562577,0.0014024448832746074,0.0069862697,-0.0024707227,0.0019815308,0.0047098305798159035,0.7037037037037036,63,True
30--300s,train2000_2015_test2016_2018,2000-2015,2016-2018,135,150,142.5,-9,0.002020722945160654,0.002020722945160654,0.0071105045928251415,-0.0023214308709084276,0.001273095113565248,0.0059585064,-0.0023922974,0.001815016,0.004487308901464447,0.7135416666666666,64,True
30--300s,train2000_2015_test2016_2018,2000-2015,2016-2018,135,150,142.5,-8,-0.0004874845400136298,-0.0004874845400136298,0.003142832474160567,-0.004174837255773762,-0.00043044883842769353,0.0033018251,-0.0050373417,-0.00037799438,0.004449728339884867,0.7268518518518517,72,True
30--300s,train2000_2015_test2016_2018,2000-2015,2016-2018,135,150,142.5,-7,0.006053594159684113,0.006053594159684113,0.009883616987664288,0.0007466769900547261,0.007530488501333325,0.007815332,0.001986279,0.009870299,0.003423865164683135,0.8658536585365854,82,True
30--300s,train2000_2015_test2016_2018,2000-2015,2016-2018,135,150,142.5,-6,0.005726405032425422,0.005726405032425422,0.00905920737390459,0.003964715234697098,0.0041552924886745805,0.007263322,0.0065788245,0.005525334,0.0040266292508851125,0.8533333333333333,100,True
30--300s,train2000_2015_test2016_2018,2000-2015,2016-2018,135,150,142.5,-5,0.00488023392583369,0.00488023392583369,0.006031950900912121,0.0051925295983087415,0.003416221278280207,0.0052363263,0.00833107,0.0045739105,0.0054473974736223224,0.9068100358422938,93,True
30--300s,train2000_2015_test2016_2018,2000-2015,2016-2018,135,150,142.5,-4,0.004285678328194381,0.004285678328194381,0.002395550717510341,0.005516093081876067,0.004945391185196733,0.0028014588,0.008792836,0.006542445,0.004427309441149591,0.8428184281842819,123,True
30--300s,train2000_2015_test2016_2018,2000-2015,2016-2018,135,150,142.5,-3,0.005241047079881135,0.005241047079881135,0.004414405551665532,0.006442546878909914,0.004866188809067958,0.0041532475,0.010115002,0.0064404863,0.004673787080870645,0.8958333333333334,96,True
30--300s,train2000_2015_test2016_2018,2000-2015,2016-2018,135,150,142.5,-2,0.0029491281970383566,0.0029491281970383566,-0.0021351824496606544,0.00699800461397347,0.003984562426802255,-0.00023223774,0.0109077105,0.005305549,0.005078875668078663,0.8070175438596491,114,True
30--300s,train2000_2015_test2016_2018,2000-2015,2016-2018,135,150,142.5,-1,0.004162303498535587,0.004162303498535587,-0.0001551094466335633,0.007420494535834515,0.005221525406405809,0.0010935832,0.011510657,0.0068979193,0.004445924569291472,0.8511326860841424,103,True
30--300s,train2000_2015_test2016_2018,2000-2015,2016-2018,135,150,142.5,0,-0.0010262174706199365,-0.0010262174706199365,-0.003321468075526155,0.0003651884358717123,-0.00012237277220536634,-0.001026553,0.0014418466,1.8598857e-05,0.004069861177415993,0.7138643067846607,113,True
30--300s,train2000_2015_test2016_2018,2000-2015,2016-2018,135,150,142.5,1,-0.0029176971278983325,-0.0029176971278983325,-0.010340070627230639,0.001911909986297362,-0.0003249307427617197,-0.005726082,0.0036492131,-0.00024215858,0.004324953364784269,0.7222222222222222,114,True
30--300s,train2000_2015_test2016_2018,2000-2015,2016-2018,135,150,142.5,2,-0.0037279280662720713,-0.0037279280662720713,-0.008598176732725102,-0.0018244709901658574,-0.0007611364759252546,-0.0045597414,-0.001683073,-0.00080369605,0.003806301145734276,0.8398692810457516,102,True
30--300s,train2000_2015_test2016_2018,2000-2015,2016-2018,135,150,142.5,3,-0.004863870633392065,-0.004863870633392065,-0.008087720919286095,-0.003985212046928819,-0.0025186789339612806,-0.004217949,-0.0047667227,-0.0030662199,0.004232575264569166,0.8900709219858156,94,True
30--300s,train2000_2015_test2016_2018,2000-2015,2016-2018,135,150,142.5,4,-0.0011449240579058187,-0.0011449240579058187,-0.0036758996916958202,-0.0011508373800724098,0.001391964898050774,-0.001263874,-0.00072171306,0.0019680397,0.0037090491363475217,0.7325102880658436,81,True
30--300s,train2000_2015_test2016_2018,2000-2015,2016-2018,135,150,142.5,5,-0.0012515260764382414,-0.0012515260764382414,-0.004713904843677767,-0.0004543097785875175,0.0014136363929505606,-0.0019589034,0.00027231954,0.0019959381,0.0036286936673996114,0.7027027027027027,74,True
30--300s,train2000_2015_test2016_2018,2000-2015,2016-2018,135,150,142.5,6,-0.0017963608633438488,-0.0017963608633438488,-0.003531222134421565,-0.0028030504721565297,0.0009451900165465488,-0.0011670006,-0.003079629,0.0013928964,0.0032751380282251864,0.680365296803653,73,True
30--300s,train2000_2015_test2016_2018,2000-2015,2016-2018,135,150,142.5,7,-0.0023291229068531176,-0.0023291229068531176,-0.0025715725551358954,-0.0036094740711537193,-0.0008063220942697384,-0.0005244366,-0.0042304974,-0.0008618645,0.0032163972699393094,0.8415300546448088,61,True
30--300s,train2000_2015_test2016_2018,2000-2015,2016-2018,135,150,142.5,8,-0.0025849515063346117,-0.0025849515063346117,-0.0028479154822188277,-0.003727403725230993,-0.0011795353115540128,-0.0007094708,-0.004398797,-0.0013423103,0.0027815930281223735,0.8725490196078431,68,True
30--300s,train2000_2015_test2016_2018,2000-2015,2016-2018,135,150,142.5,9,-0.0041681643437297185,-0.0041681643437297185,-0.007419854867559607,-0.0038188226030521416,-0.0012658155605774085,-0.0037707584,-0.004529264,-0.0014533808,0.003479894273004439,0.9253731343283582,67,True
30--300s,train2000_2015_test2016_2018,2000-2015,2016-2018,135,150,142.5,10,-0.0035753846630724633,-0.0035753846630724633,-0.005687274805348987,-0.003800925889465484,-0.0012379532944029178,-0.002610654,-0.004503723,-0.001417513,0.0034015687058685496,0.9195402298850575,58,True
30--300s,train2000_2015_test2016_2018,2000-2015,2016-2018,150,165,157.5,-10,0.003113492476845184,0.003113492476845184,0.009768084798486176,-0.001974238350574973,0.0015466309826243502,0.0077379737,-0.0018968099,0.002167145,0.004250553521637045,0.7066666666666667,75,True
30--300s,train2000_2015_test2016_2018,2000-2015,2016-2018,150,165,157.5,-9,0.001998929103914049,0.001998929103914049,0.007068053672059048,-0.002419410314439526,0.0013481439541226242,0.005930082,-0.0025321261,0.0019116282,0.005198262187571739,0.6944444444444444,60,True
30--300s,train2000_2015_test2016_2018,2000-2015,2016-2018,150,165,157.5,-8,-0.0003065521204681748,-0.0003065521204681748,0.003331979003563804,-0.0040633138802998806,-0.00018832148466844722,0.003428474,-0.004878184,-6.62984e-05,0.004737042724483053,0.7456140350877193,76,True
30--300s,train2000_2015_test2016_2018,2000-2015,2016-2018,150,165,157.5,-7,0.007639558914448586,0.007639558914448586,0.013569451557494628,0.001749639344313469,0.00759958584153766,0.010283299,0.0034176323,0.00995925,0.0033821975178533873,0.927710843373494,83,True
30--300s,train2000_2015_test2016_2018,2000-2015,2016-2018,150,165,157.5,-6,0.006126673542704069,0.006126673542704069,0.009782443459888648,0.004708022530551101,0.0038895546376724577,0.0077475877,0.0076396177,0.005183243,0.004931564206246057,0.9176470588235294,85,True
30--300s,train2000_2015_test2016_2018,2000-2015,2016-2018,150,165,157.5,-5,0.006061837572025753,0.006061837572025753,0.006012976247278325,0.006402553019951008,0.0057699834488479235,0.005223621,0.010057926,0.0076039615,0.004631105410185638,0.9122807017543859,76,True
30--300s,train2000_2015_test2016_2018,2000-2015,2016-2018,150,165,157.5,-4,0.006142059219217939,0.006142059219217939,0.0056184265458533835,0.006495705637554317,0.006312045474246117,0.004959438,0.010190867,0.00830177,0.005156842632178435,0.9108910891089109,101,True
30--300s,train2000_2015_test2016_2018,2000-2015,2016-2018,150,165,157.5,-3,0.00567307620126394,0.00567307620126394,0.00212062576298954,0.008052313063964709,0.006846289776837569,0.002617374,0.01241234,0.008989515,0.006110490347601217,0.8766666666666667,100,True
30--300s,train2000_2015_test2016_2018,2000-2015,2016-2018,150,165,157.5,-2,0.004151836005532861,0.004151836005532861,-0.0018965809325140063,0.00778476338849284,0.00656732556061975,-7.247449e-05,0.012030514,0.008630398,0.005506683882275778,0.8255208333333333,128,True
30--300s,train2000_2015_test2016_2018,2000-2015,2016-2018,150,165,157.5,-1,0.004745498973810716,0.004745498973810716,-0.0005117532299047253,0.008054729197081383,0.006693520954255491,0.0008547809,0.012415789,0.008792852,0.004943310032874332,0.8415841584158416,101,True
30--300s,train2000_2015_test2016_2018,2000-2015,2016-2018,150,165,157.5,0,-7.072408062220533e-05,-7.072408062220533e-05,-0.0027638441978952957,0.001335792349563982,0.0012158796064646983,-0.0006531782,0.0028270206,0.0017413613,0.00430748456039935,0.751412429378531,118,True
30--300s,train2000_2015_test2016_2018,2000-2015,2016-2018,150,165,157.5,1,-0.001794600511283607,-0.001794600511283607,-0.0070699881255735465,0.0017159470801005618,-2.976048837783627e-05,-0.003536494,0.0033695493,0.00013782074,0.004201565972577566,0.7547169811320755,106,True
30--300s,train2000_2015_test2016_2018,2000-2015,2016-2018,150,165,157.5,2,-0.003923542377752018,-0.003923542377752018,-0.008420719082331815,-0.002135176211926427,-0.0012147318389978121,-0.0044409186,-0.0021264884,-0.0013876195,0.003438967537782182,0.8315412186379928,93,True
30--300s,train2000_2015_test2016_2018,2000-2015,2016-2018,150,165,157.5,3,-0.004634452758257812,-0.004634452758257812,-0.008079029419134064,-0.003715403164747586,-0.0021089256908917867,-0.0042121294,-0.004381671,-0.0025387353,0.0031638050862878905,0.9375,96,True
30--300s,train2000_2015_test2016_2018,2000-2015,2016-2018,150,165,157.5,4,-0.0001031383758799067,-0.0001031383758799067,-0.0014448972324909836,-0.0008210577741561351,0.0019565398790073983,0.00022996469,-0.000251076,0.0026948298,0.003193133483514543,0.6920289855072463,92,True
30--300s,train2000_2015_test2016_2018,2000-2015,2016-2018,150,165,157.5,5,-0.0023518765915424016,-0.0023518765915424016,-0.007216037834260828,-0.0008443082425948796,0.001004716302228503,-0.0036342863,-0.00028425737,0.001469526,0.0036715451043105424,0.7411764705882353,85,True
30--300s,train2000_2015_test2016_2018,2000-2015,2016-2018,150,165,157.5,6,-0.0014897192108164294,-0.0014897192108164294,-0.0019625537498135248,-0.0031496371398275417,0.0006430332571917781,-0.000116648676,-0.003574252,0.0010039232,0.0036019386817057303,0.714975845410628,69,True
30--300s,train2000_2015_test2016_2018,2000-2015,2016-2018,150,165,157.5,7,-0.0025606078580076306,-0.0025606078580076306,-0.003494103530202006,-0.0034694361952479122,-0.0007182838485729735,-0.0011421465,-0.0040306454,-0.0007485309,0.003296668307471116,0.8535353535353535,66,True
30--300s,train2000_2015_test2016_2018,2000-2015,2016-2018,150,165,157.5,8,-0.0029044594804308933,-0.0029044594804308933,-0.003340211716386966,-0.003991039292402173,-0.0013821274325035407,-0.0010391034,-0.0047750385,-0.0016031116,0.0041386023007003924,0.8611111111111112,72,True
30--300s,train2000_2015_test2016_2018,2000-2015,2016-2018,150,165,157.5,9,-0.002656316766872875,-0.002656316766872875,-0.0028945921652641276,-0.0038467623158857885,-0.0012275958194687081,-0.0007407247,-0.0045691375,-0.0014041797,0.0034124735806929135,0.8787878787878789,77,True
30--300s,train2000_2015_test2016_2018,2000-2015,2016-2018,150,165,157.5,10,-0.0036231662419878644,-0.0036231662419878644,-0.006027280495847841,-0.0036911340667198237,-0.001151084163395928,-0.002838316,-0.004347036,-0.0013056844,0.0033651409950144684,0.925,40,True
30--300s,train2000_2015_test2016_2018,2000-2015,2016-2018,165,180,172.5,-10,0.004978620379245199,0.004978620379245199,0.014733371408924402,-0.0012011808644438473,0.0014036705932550422,0.011062639,-0.00079355953,0.001983109,0.004562412735068606,0.7291666666666666,64,True
30--300s,train2000_2015_test2016_2018,2000-2015,2016-2018,165,180,172.5,-9,0.002637301028124541,0.002637301028124541,0.008832872130554609,-0.0019002214015741421,0.0009792523553931556,0.007111772,-0.0017911784,0.0014367457,0.0046484556606790906,0.7142857142857143,70,True
30--300s,train2000_2015_test2016_2018,2000-2015,2016-2018,165,180,172.5,-8,-0.0009411882396776348,-0.0009411882396776348,0.0010883624220476623,-0.0038470060292178842,-6.492111186268212e-05,0.0019261893,-0.0045694853,9.2557675e-05,0.0036520859622716536,0.7370370370370369,90,True
30--300s,train2000_2015_test2016_2018,2000-2015,2016-2018,165,180,172.5,-7,0.0066067457336964055,0.0066067457336964055,0.01058263153159891,0.0022464225332522875,0.00699118313623802,0.0082833795,0.0041266046,0.009176039,0.00404994878804401,0.9084249084249085,91,True
30--300s,train2000_2015_test2016_2018,2000-2015,2016-2018,165,180,172.5,-6,0.005073415802669399,0.005073415802669399,0.008905017720723359,0.003206207489326491,0.0031090221979583467,0.0071600797,0.0054963385,0.0041784463,0.004460062521713665,0.8927203065134101,87,True
30--300s,train2000_2015_test2016_2018,2000-2015,2016-2018,165,180,172.5,-5,0.007088511905651192,0.007088511905651192,0.008667572046679606,0.006687666093838279,0.005910297576435689,0.00700109,0.010464818,0.0077845915,0.004771684017611933,0.9240506329113924,79,True
30--300s,train2000_2015_test2016_2018,2000-2015,2016-2018,165,180,172.5,-4,0.00642783304283932,0.00642783304283932,0.004925323721257886,0.007211390112070377,0.007146785295189697,0.004495349,0.011212238,0.00937635,0.004756752991014733,0.9108910891089109,101,True
30--300s,train2000_2015_test2016_2018,2000-2015,2016-2018,165,180,172.5,-3,0.006603323775208504,0.006603323775208504,0.004188669512849167,0.007952591074029524,0.00766871073874682,0.0040020985,0.012270026,0.010048236,0.00461205819846173,0.9061488673139159,103,True
30--300s,train2000_2015_test2016_2018,2000-2015,2016-2018,165,180,172.5,-2,0.0043055424814224105,0.0043055424814224105,-0.0018814815014702897,0.008119430713183641,0.006678678232553881,-6.236418e-05,0.012508126,0.008773745,0.005894877325277249,0.8166666666666667,120,True
30--300s,train2000_2015_test2016_2018,2000-2015,2016-2018,165,180,172.5,-1,0.004418580522049075,0.004418580522049075,-0.0019004354482006906,0.008332264156346894,0.006823912858001021,-7.505541e-05,0.012811867,0.008960709,0.0051689674577609255,0.815873015873016,105,True
30--300s,train2000_2015_test2016_2018,2000-2015,2016-2018,165,180,172.5,0,0.0008697252783134067,0.0008697252783134067,-0.001805594679033956,0.0016417109071095613,0.0027730596068646146,-1.1551756e-05,0.0032636048,0.003745954,0.004542643249760888,0.7557471264367815,116,True
30--300s,train2000_2015_test2016_2018,2000-2015,2016-2018,165,180,172.5,1,-0.0015631066605315725,-0.0015631066605315725,-0.007172074943171557,0.0017750428427509438,0.000707712118825895,-0.0036048493,0.0034538864,0.0010871858,0.005142885055741815,0.7789115646258503,98,True
30--300s,train2000_2015_test2016_2018,2000-2015,2016-2018,165,180,172.5,2,-0.004201985268418119,-0.004201985268418119,-0.009857156069622884,-0.0015028471041287972,-0.0012459526315026783,-0.0054027312,-0.0012240752,-0.0014278108,0.0041662193678533785,0.826530612244898,98,True
30--300s,train2000_2015_test2016_2018,2000-2015,2016-2018,165,180,172.5,3,-0.004484677554978804,-0.004484677554978804,-0.008540331297770919,-0.0033054155332478477,-0.001608285833917645,-0.004521009,-0.0037965674,-0.0018942505,0.003314981373358565,0.8809523809523809,98,True
30--300s,train2000_2015_test2016_2018,2000-2015,2016-2018,165,180,172.5,4,-0.0011367417039355085,-0.0011367417039355085,-0.004177006766190791,-0.0009014184479410038,0.0016682001023252695,-0.0015994061,-0.00036576082,0.0023236435,0.003364153563222538,0.7216494845360825,97,True
30--300s,train2000_2015_test2016_2018,2000-2015,2016-2018,165,180,172.5,5,-0.0022630874482400774,-0.0022630874482400774,-0.0072160334357264785,-0.0008361936703031431,0.0012629647613093904,-0.003634283,-0.00027267687,0.0018019751,0.0031288121504274443,0.7342995169082125,69,True
30--300s,train2000_2015_test2016_2018,2000-2015,2016-2018,165,180,172.5,6,-0.0016321300463176653,-0.0016321300463176653,-0.0031354603490719043,-0.0027667047357527188,0.0010057749458716278,-0.00090200565,-0.003027759,0.0014708887,0.0035096185626514276,0.6787878787878787,55,True
30--300s,train2000_2015_test2016_2018,2000-2015,2016-2018,165,180,172.5,7,-0.003233939048834382,-0.003233939048834382,-0.005433083786832529,-0.0035477683751493124,-0.0007209649845213065,-0.0024404526,-0.0041424353,-0.0007519824,0.0044766579674388705,0.8577235772357723,82,True
30--300s,train2000_2015_test2016_2018,2000-2015,2016-2018,165,180,172.5,8,-0.003086011789852554,-0.003086011789852554,-0.00429121887159727,-0.0038680164409123927,-0.0010988000570479985,-0.0016758805,-0.0045994697,-0.001238378,0.002995633040514354,0.8817204301075269,62,True
30--300s,train2000_2015_test2016_2018,2000-2015,2016-2018,165,180,172.5,9,-0.003723979801328217,-0.003723979801328217,-0.006278026282288585,-0.0038327095833348866,-0.00106120353836118,-0.0030062106,-0.0045490824,-0.0011899791,0.0035421468547364218,0.9019607843137255,68,True
30--300s,train2000_2015_test2016_2018,2000-2015,2016-2018,165,180,172.5,10,-0.004035505251809413,-0.004035505251809413,-0.00693457382436396,-0.003931307838335596,-0.0012406340927286824,-0.003445823,-0.0046897945,-0.0014209641,0.004046854519214209,0.9398907103825137,61,True
30--300s,train2000_2015_test2016_2018,2000-2015,2016-2018,180,195,187.5,-10,0.003026613652610943,0.003026613652610943,0.009144216885325723,-0.0020398782060968056,0.0019755022786039135,0.007320243,-0.0019904862,0.0027192407,0.0037289447256710143,0.6871794871794872,65,True
30--300s,train2000_2015_test2016_2018,2000-2015,2016-2018,180,195,187.5,-9,0.0021154049850414373,0.0021154049850414373,0.00806847565368031,-0.002785129461060794,0.0010628687625047959,0.006599946,-0.0030540535,0.0015443868,0.0044736830846575535,0.7088607594936709,79,True
30--300s,train2000_2015_test2016_2018,2000-2015,2016-2018,180,195,187.5,-8,-0.0004006034409848301,-0.0004006034409848301,0.00328546252986744,-0.00435785894138779,-0.00012941391143414042,0.0033973276,-0.0052985367,9.534641e-06,0.004506186340848868,0.738095238095238,70,True
30--300s,train2000_2015_test2016_2018,2000-2015,2016-2018,180,195,187.5,-7,0.006631121232780408,0.006631121232780408,0.01376420570100889,8.740270224162759e-05,0.006041755295090708,0.0104137035,0.0010454115,0.00795382,0.004092686791657904,0.8160919540229885,87,True
30--300s,train2000_2015_test2016_2018,2000-2015,2016-2018,180,195,187.5,-6,0.0038715245727931964,0.0038715245727931964,0.006923931509211217,0.0016858714209576561,0.003004770788210716,0.00583358,0.0033266277,0.0040442413,0.004438827603447052,0.805243445692884,89,True
30--300s,train2000_2015_test2016_2018,2000-2015,2016-2018,180,195,187.5,-5,0.005751297225133075,0.005751297225133075,0.008282572879830925,0.004363976803430377,0.004607341992137922,0.0067433016,0.0071486207,0.0061072675,0.00370179731066423,0.8953488372093024,86,True
30--300s,train2000_2015_test2016_2018,2000-2015,2016-2018,180,195,187.5,-4,0.003939085147674996,0.003939085147674996,0.0040398128163640305,0.003221279984871028,0.004556162641789929,0.0039024267,0.005517849,0.0060413824,0.00492027845858757,0.8407407407407408,90,True
30--300s,train2000_2015_test2016_2018,2000-2015,2016-2018,180,195,187.5,-3,0.003370461742121991,0.003370461742121991,0.00044352002110138733,0.0051265871785771125,0.004541278026687474,0.0014944145,0.008236962,0.0060222214,0.004523626847565039,0.8377581120943953,113,True
30--300s,train2000_2015_test2016_2018,2000-2015,2016-2018,180,195,187.5,-2,0.0020457126903654387,0.0020457126903654387,-0.00265854699400552,0.0050856371864494345,0.0037100478786524023,-0.0005826731,0.008178521,0.00495216,0.004366346106173839,0.7737003058103975,109,True
30--300s,train2000_2015_test2016_2018,2000-2015,2016-2018,180,195,187.5,-1,0.0015682259741781333,0.0015682259741781333,-0.00386133117889482,0.00526507905840438,0.00330093004302484,-0.0013880356,0.008434608,0.0044254935,0.005665637858569077,0.8015873015873016,126,True
30--300s,train2000_2015_test2016_2018,2000-2015,2016-2018,180,195,187.5,0,-0.001415037664568769,-0.001415037664568769,-0.005145190836662181,0.0001549447943666497,0.000745133048589224,-0.0022476846,0.0011418024,0.0011353586,0.00391410723972581,0.6857923497267758,122,True
30--300s,train2000_2015_test2016_2018,2000-2015,2016-2018,180,195,187.5,1,-0.0019576036366162025,-0.0019576036366162025,-0.006869205344521444,0.0012261282807625817,-0.00022973384608974398,-0.0034020534,0.002670516,-0.00011960947,0.005168942505938372,0.7706422018348624,109,True
30--300s,train2000_2015_test2016_2018,2000-2015,2016-2018,180,195,187.5,2,-0.0029651299433631237,-0.0029651299433631237,-0.0063644553029886105,-0.00149984173870241,-0.0010310927883983496,-0.003064082,-0.0012197862,-0.0011512169,0.003537052906318531,0.8018018018018018,111,True
30--300s,train2000_2015_test2016_2018,2000-2015,2016-2018,180,195,187.5,3,-0.0034942576154771386,-0.0034942576154771386,-0.005748298716013303,-0.002972049667922153,-0.0017624244624959604,-0.0026515147,-0.0033208122,-0.0020926765,0.0034169997136240166,0.8163265306122449,98,True
30--300s,train2000_2015_test2016_2018,2000-2015,2016-2018,180,195,187.5,4,0.0001739771737425775,0.0001739771737425775,-0.0005741755044183982,-0.0005502748487790975,0.0016463818744252281,0.0008129842,0.00013536529,0.0022955565,0.003324979318847601,0.7205387205387205,99,True
30--300s,train2000_2015_test2016_2018,2000-2015,2016-2018,180,195,187.5,5,-0.000997199650259674,-0.000997199650259674,-0.0036007251225377715,-0.0006604486559353711,0.0012695748276941206,-0.0012135385,-2.1866603e-05,0.0018104842,0.0028358996532822185,0.7021276595744681,94,True
30--300s,train2000_2015_test2016_2018,2000-2015,2016-2018,180,195,187.5,6,-0.0006501544559289362,-0.0006501544559289362,-0.00014837916843574224,-0.002910030660397864,0.0011079464610467976,0.0010980896,-0.0032323035,0.0016024165,0.0033732915854761502,0.6862745098039215,85,True
30--300s,train2000_2015_test2016_2018,2000-2015,2016-2018,180,195,187.5,7,-0.003150529332003815,-0.003150529332003815,-0.005269041081891771,-0.003526199581151595,-0.0006563473329680798,-0.0023306126,-0.004111654,-0.0006687986,0.0038095462735038567,0.8353413654618473,83,True
30--300s,train2000_2015_test2016_2018,2000-2015,2016-2018,180,195,187.5,8,-0.0029073996713108886,-0.0029073996713108886,-0.00448701565762071,-0.0036700887210420587,-0.0005650946352698974,-0.0018069826,-0.004317002,-0.00055132696,0.0035718018695313387,0.8961038961038961,77,True
30--300s,train2000_2015_test2016_2018,2000-2015,2016-2018,180,195,187.5,9,-0.0031752387511948333,-0.0031752387511948333,-0.005015967463868733,-0.003759756095858623,-0.0007499926938571429,-0.002161159,-0.0044449684,-0.0007893504,0.003752638310015534,0.8795180722891566,83,True
30--300s,train2000_2015_test2016_2018,2000-2015,2016-2018,180,195,187.5,10,-0.0032990751249738666,-0.0032990751249738666,-0.005071188162027682,-0.003956397602658083,-0.000869639610235835,-0.0021981339,-0.0047256006,-0.0009433745,0.002507568637578156,0.9047619047619048,56,True
30--300s,train2000_2015_test2016_2018,2000-2015,2016-2018,195,210,202.5,-10,0.003069215253994195,0.003069215253994195,0.009697506144581149,-0.0024165656172802615,0.0019267052346817,0.0076907156,-0.0025280665,0.0026564233,0.003946295840403469,0.6830601092896175,61,True
30--300s,train2000_2015_test2016_2018,2000-2015,2016-2018,195,210,202.5,-9,0.0017252711129184424,0.0017252711129184424,0.006641638046331311,-0.002800086526285537,0.0013342618187095528,0.0056445617,-0.0030753992,0.0018937573,0.004357707971751004,0.6952380952380952,70,True
30--300s,train2000_2015_test2016_2018,2000-2015,2016-2018,195,210,202.5,-8,-0.0004395618055503484,-0.0004395618055503484,0.0032264207116869514,-0.004071637919456681,-0.000473468208881316,0.0033577944,-0.0048900633,-0.0004333742,0.0041923073676775205,0.7466666666666667,75,True
30--300s,train2000_2015_test2016_2018,2000-2015,2016-2018,195,210,202.5,-7,0.003852651499503347,0.003852651499503347,0.00910529168377031,-0.0008400496947441796,0.0032927125094839135,0.0072941794,-0.00027817988,0.0044149146,0.003994133871296303,0.8488888888888888,75,True
30--300s,train2000_2015_test2016_2018,2000-2015,2016-2018,195,210,202.5,-6,0.0026608768461702462,0.0026608768461702462,0.00565038264567277,0.0006376875624181698,0.0016945603304197978,0.004980835,0.0018307372,0.0023575777,0.0050664607318262915,0.7827715355805244,89,True
30--300s,train2000_2015_test2016_2018,2000-2015,2016-2018,195,210,202.5,-5,0.003530809212601309,0.003530809212601309,0.005891463366949264,0.002296669642740863,0.0024042946281138014,0.0051422585,0.004198313,0.0032712347,0.004651109516235418,0.8080808080808081,99,True
30--300s,train2000_2015_test2016_2018,2000-2015,2016-2018,195,210,202.5,-4,0.0031172230620997708,0.0031172230620997708,0.005106665915956575,0.0020829912411408935,0.0021620120292018454,0.0046167723,0.0038933675,0.002959339,0.004359455355696471,0.7655677655677655,91,True
30--300s,train2000_2015_test2016_2018,2000-2015,2016-2018,195,210,202.5,-3,0.001935625375821654,0.001935625375821654,0.0011919499186943728,0.001938301845146639,0.0026766243636239507,0.0019955498,0.0036868774,0.0036218108,0.004553215083672868,0.7777777777777778,99,True
30--300s,train2000_2015_test2016_2018,2000-2015,2016-2018,195,210,202.5,-2,-0.0001670749918557427,-0.0001670749918557427,-0.004974256093301718,0.0022776799370129996,0.0021953511807214893,-0.0021332297,0.0041712127,0.003002257,0.004604611442615207,0.7313432835820896,134,True
30--300s,train2000_2015_test2016_2018,2000-2015,2016-2018,195,210,202.5,-1,5.0569262921651935e-05,5.0569262921651935e-05,-0.003908315412179262,0.0019735721734209116,0.002086451027523306,-0.0014194953,0.0037372126,0.0028620674,0.004897685176170295,0.7369791666666666,128,True
30--300s,train2000_2015_test2016_2018,2000-2015,2016-2018,195,210,202.5,0,-0.002162839287171456,-0.002162839287171456,-0.005763165843738716,-0.00021093444392316003,-0.0005144175738524928,-0.0026614694,0.00061964674,-0.00048608924,0.00519694053151774,0.7492877492877492,117,True
30--300s,train2000_2015_test2016_2018,2000-2015,2016-2018,195,210,202.5,1,-0.0016898211072197326,-0.0016898211072197326,-0.005762128633261003,0.0013174852597884368,-0.0006248199481866322,-0.0026607749,0.0028008942,-0.0006282127,0.003083020309745942,0.7264150943396226,106,True
30--300s,train2000_2015_test2016_2018,2000-2015,2016-2018,195,210,202.5,2,-0.003474949641583228,-0.003474949641583228,-0.007600640507304215,-0.0016531725708219074,-0.00117103584662356,-0.0038918091,-0.0014386086,-0.0013313687,0.0038185026479757595,0.8185185185185185,90,True
30--300s,train2000_2015_test2016_2018,2000-2015,2016-2018,195,210,202.5,3,-0.003507674101640741,-0.003507674101640741,-0.0061265374423494275,-0.0029003675917672685,-0.0014961172708055281,-0.0029047763,-0.0032185127,-0.0017498534,0.002925159263066067,0.8115942028985508,92,True
30--300s,train2000_2015_test2016_2018,2000-2015,2016-2018,195,210,202.5,4,-0.00035639093918064297,-0.00035639093918064297,-0.0023987891689511414,-0.0006067782505699501,0.001936394601979163,-0.00040874403,5.472782e-05,0.0026688965,0.003518948239490067,0.7301587301587301,105,True
30--300s,train2000_2015_test2016_2018,2000-2015,2016-2018,195,210,202.5,5,-0.0010246216705534902,-0.0010246216705534902,-0.0038098804421223035,-0.000608558784463557,0.00134457421492539,-0.001353585,5.2186777e-05,0.0019070327,0.0034746898305189613,0.7416666666666666,80,True
30--300s,train2000_2015_test2016_2018,2000-2015,2016-2018,195,210,202.5,6,-0.0012248117784179268,-0.0012248117784179268,-0.0015792768996212422,-0.002989201049251183,0.0008940426136186451,0.00013998654,-0.0033452895,0.0013270532,0.0033691826938097393,0.7037037037037036,90,True
30--300s,train2000_2015_test2016_2018,2000-2015,2016-2018,195,210,202.5,7,-0.0017969912971468583,-0.0017969912971468583,-0.001397134343080913,-0.0035080531234709797,-0.00048578642488868206,0.00026194585,-0.004085757,-0.0004492317,0.003856246676382133,0.808080808080808,66,True
30--300s,train2000_2015_test2016_2018,2000-2015,2016-2018,195,210,202.5,8,-0.002609799692576103,-0.002609799692576103,-0.002625298638485706,-0.0041831372559850925,-0.001020963183257511,-0.0005604106,-0.0050491868,-0.0011381768,0.003455487932937811,0.8666666666666667,75,True
30--300s,train2000_2015_test2016_2018,2000-2015,2016-2018,195,210,202.5,9,-0.0024717098099638728,-0.0024717098099638728,-0.0026392363880873492,-0.003949323752392333,-0.0008265692894119363,-0.0005697431,-0.0047155055,-0.0008879291,0.00376635488571184,0.8358974358974359,65,True
30--300s,train2000_2015_test2016_2018,2000-2015,2016-2018,195,210,202.5,10,-0.003325048620670361,-0.003325048620670361,-0.005597393574536061,-0.0036585779662745427,-0.0007191743212004804,-0.0025504713,-0.0043005743,-0.0007496772,0.003054581661558453,0.8777777777777778,60,True
30--300s,train2000_2015_test2016_2018,2000-2015,2016-2018,210,225,217.5,-10,0.003727421947824163,0.003727421947824163,0.010472140899712974,-0.001189365332763258,0.0018994902765227732,0.008209397,-0.0007766973,0.0026213888,0.004891663341498214,0.7313432835820896,67,True
30--300s,train2000_2015_test2016_2018,2000-2015,2016-2018,210,225,217.5,-9,0.0018232371508312521,0.0018232371508312521,0.0061874283340177215,-0.0016538149807618164,0.0009360980992378508,0.005340431,-0.0014395254,0.0013811922,0.004181655085923513,0.7047619047619047,70,True
30--300s,train2000_2015_test2016_2018,2000-2015,2016-2018,210,225,217.5,-8,-0.0005102431669399122,-0.0005102431669399122,0.0026344064583895366,-0.003793263482974683,-0.0003718724762345896,0.002961392,-0.0044927876,-0.00030258772,0.003854520614412296,0.7263157894736842,95,True
30--300s,train2000_2015_test2016_2018,2000-2015,2016-2018,210,225,217.5,-7,0.0023572093923660835,0.0023572093923660835,0.004736721879823817,-0.0005001280229412558,0.0028350343202156905,0.0043690642,0.00020693113,0.0038257358,0.0038758068515028026,0.8136200716845878,93,True
30--300s,train2000_2015_test2016_2018,2000-2015,2016-2018,210,225,217.5,-6,0.0030027503541127094,0.0030027503541127094,0.00701131287106796,0.0007882722022720148,0.0012086659889981523,0.0058920896,0.0020456405,0.001732075,0.003970091275937573,0.7644927536231884,92,True
30--300s,train2000_2015_test2016_2018,2000-2015,2016-2018,210,225,217.5,-5,0.004042682930121339,0.004042682930121339,0.006095231688600871,0.0033234669193990215,0.002709350182364126,0.005278698,0.0056636822,0.0036639394,0.0036537993014272474,0.8652482269503545,94,True
30--300s,train2000_2015_test2016_2018,2000-2015,2016-2018,210,225,217.5,-4,0.0022077343460059477,0.0022077343460059477,0.002277943729537537,0.0024850760095308224,0.001860183298949484,0.0027227113,0.004467193,0.002570788,0.00498199895335129,0.8260869565217391,92,True
30--300s,train2000_2015_test2016_2018,2000-2015,2016-2018,210,225,217.5,-3,0.0026466013311426066,0.0026466013311426066,0.002207129692503985,0.0030946031827422046,0.0026380711181816304,0.0026752956,0.005337065,0.0035721804,0.00459308774600736,0.864102564102564,130,True
30--300s,train2000_2015_test2016_2018,2000-2015,2016-2018,210,225,217.5,-2,0.0005846647949778555,0.0005846647949778555,-0.0040186990246046965,0.0032240344728128732,0.00254865893672539,-0.0014934061,0.0055217794,0.003457078,0.003611133069608716,0.7374631268436578,113,True
30--300s,train2000_2015_test2016_2018,2000-2015,2016-2018,210,225,217.5,-1,0.0013071601433474454,0.0013071601433474454,-0.002392464778398039,0.004067535086836419,0.002246410121603956,-0.0004045093,0.0067255613,0.0030679863,0.00419183017906075,0.8114754098360656,122,True
30--300s,train2000_2015_test2016_2018,2000-2015,2016-2018,210,225,217.5,0,-0.0013536985560864973,-0.0013536985560864973,-0.004462300166542597,0.0006774775685101616,-0.00027627307022705643,-0.0017904334,0.0018875225,-0.00017952046,0.004522881217586661,0.752,125,True
30--300s,train2000_2015_test2016_2018,2000-2015,2016-2018,210,225,217.5,1,-0.0013407025228283293,-0.0013407025228283293,-0.003664249702470112,0.0010264046166719497,-0.0013842624826868248,-0.0012560734,0.0023854855,-0.0016058602,0.004723203164196194,0.7845117845117846,99,True
30--300s,train2000_2015_test2016_2018,2000-2015,2016-2018,210,225,217.5,2,-0.003371729381023263,-0.003371729381023263,-0.007717425808479912,-0.0014537701954919872,-0.0009439921390978907,-0.0039700065,-0.0011540363,-0.0010390902,0.003984307650312615,0.8181818181818182,99,True
30--300s,train2000_2015_test2016_2018,2000-2015,2016-2018,210,225,217.5,3,-0.0035711240743559057,-0.0035711240743559057,-0.005937336250789289,-0.0029681819818057334,-0.0018078539904726942,-0.0027780908,-0.0033152928,-0.0021511589,0.0031874732976003048,0.8313725490196079,85,True
30--300s,train2000_2015_test2016_2018,2000-2015,2016-2018,210,225,217.5,4,-0.0006770119635077791,-0.0006770119635077791,-0.003267010930362074,-0.0006573167881818566,0.0018932918280205936,-0.0009900895,-1.7397033e-05,0.0026134092,0.0033056314996598524,0.7303370786516854,89,True
30--300s,train2000_2015_test2016_2018,2000-2015,2016-2018,210,225,217.5,5,-0.0003955220022004128,-0.0003955220022004128,-0.0017852013725024663,-0.0006186088856157809,0.0012172442515170085,2.103228e-06,3.7844016e-05,0.001743118,0.0030884855327047195,0.7323943661971831,71,True
30--300s,train2000_2015_test2016_2018,2000-2015,2016-2018,210,225,217.5,6,-0.0015234263720507164,-0.0015234263720507164,-0.0027346585729868794,-0.0028112079187812525,0.0009755873756159821,-0.000633636,-0.003091271,0.0014320277,0.00396310176592202,0.6856060606060606,88,True
30--300s,train2000_2015_test2016_2018,2000-2015,2016-2018,210,225,217.5,7,-0.002560677112734958,-0.002560677112734958,-0.003811748438149207,-0.0034220525009251703,-0.00044823039913049594,-0.0013548358,-0.003963023,-0.000400885,0.002909599803432933,0.8464912280701754,76,True
30--300s,train2000_2015_test2016_2018,2000-2015,2016-2018,210,225,217.5,8,-0.0025718763963471446,-0.0025718763963471446,-0.003229613335644854,-0.0037495190395327505,-0.0007364968138638302,-0.00096504873,-0.004430359,-0.00077197683,0.0031407549325581678,0.8732394366197183,71,True
30--300s,train2000_2015_test2016_2018,2000-2015,2016-2018,210,225,217.5,9,-0.0033615194717779395,-0.0033615194717779395,-0.0054339719509078,-0.0038891175411614417,-0.0007614689232645776,-0.0024410472,-0.0046295836,-0.000804124,0.0035541242592137708,0.8840579710144928,69,True
30--300s,train2000_2015_test2016_2018,2000-2015,2016-2018,210,225,217.5,10,-0.0032264921280882324,-0.0032264921280882324,-0.005130816888029595,-0.0038115898968426216,-0.0007370695993924814,-0.00223806,-0.004518942,-0.00077271415,0.004001394110294939,0.8700564971751413,59,True
30--300s,train2000_2015_test2016_2018,2000-2015,2016-2018,225,240,232.5,-10,0.0036393396860225934,0.0036393396860225934,0.009742386338775178,-0.0011318236289644414,0.0023074563482570446,0.007720766,-0.00069457805,0.0031465725,0.003842642321945805,0.7031963470319634,73,True
30--300s,train2000_2015_test2016_2018,2000-2015,2016-2018,225,240,232.5,-9,0.0018149124869272686,0.0018149124869272686,0.005740491470068997,-0.0018664855465518992,0.001570731537264708,0.00504117,-0.0017430331,0.0021981702,0.0044697432032337805,0.717948717948718,65,True
30--300s,train2000_2015_test2016_2018,2000-2015,2016-2018,225,240,232.5,-8,-0.00068647567193095,-0.00068647567193095,0.002100987118421617,-0.0038196321522063763,-0.0003407819820080911,0.0026042245,-0.004530419,-0.00026256422,0.005276656285848386,0.7431693989071038,61,True
30--300s,train2000_2015_test2016_2018,2000-2015,2016-2018,225,240,232.5,-7,0.0041746332326051865,0.0041746332326051865,0.008044878925914033,0.0003134154262300185,0.004165605345671507,0.0065841465,0.00136796,0.0055386093,0.00320471502480755,0.8219696969696969,88,True
30--300s,train2000_2015_test2016_2018,2000-2015,2016-2018,225,240,232.5,-6,0.0030643879963413597,0.0030643879963413597,0.0052977372697573235,0.0010385224218515858,0.00285690429741517,0.00474471,0.002402779,0.0038538892,0.004316127205392364,0.7532467532467533,77,True
30--300s,train2000_2015_test2016_2018,2000-2015,2016-2018,225,240,232.5,-5,0.004163969915465573,0.004163969915465573,0.0059952323970077605,0.003208613422360226,0.003288063927028732,0.0052117403,0.0054997723,0.004408931,0.004757389244995934,0.8598484848484849,88,True
30--300s,train2000_2015_test2016_2018,2000-2015,2016-2018,225,240,232.5,-4,0.004926981455730391,0.004926981455730391,0.0076731907545204234,0.0036966276081996353,0.003411126004471116,0.0063352706,0.0061962297,0.004567351,0.0044581545684677934,0.9003436426116838,97,True
30--300s,train2000_2015_test2016_2018,2000-2015,2016-2018,225,240,232.5,-3,0.003567515573295344,0.003567515573295344,0.0026476424343612613,0.004154082104564345,0.003900822180960426,0.002970255,0.006849075,0.005197748,0.0037230597925183555,0.8790849673202615,102,True
30--300s,train2000_2015_test2016_2018,2000-2015,2016-2018,225,240,232.5,-2,0.0014577045352949292,0.0014577045352949292,-0.0030452950487017227,0.004382725413110797,0.003035683241475713,-0.0008416326,0.007175378,0.0040840353,0.003930717787728598,0.7786666666666666,125,True
30--300s,train2000_2015_test2016_2018,2000-2015,2016-2018,225,240,232.5,-1,0.0027526264797011943,0.0027526264797011943,0.0007143955572652141,0.004071385244756882,0.0034720986370814877,0.0016757878,0.006731056,0.004645843,0.004459277804706409,0.8379204892966361,109,True
30--300s,train2000_2015_test2016_2018,2000-2015,2016-2018,225,240,232.5,0,0.00013623615406841344,0.00013623615406841344,-0.0027073334819495004,0.0011302390856865853,0.001985802858468155,-0.0006153397,0.00253367,0.0027325007,0.004238520366128294,0.7531806615776081,131,True
30--300s,train2000_2015_test2016_2018,2000-2015,2016-2018,225,240,232.5,1,0.0003668460119197065,0.0003668460119197065,-0.0013711136866890637,0.0017681449836229172,0.0007035067388252658,0.0002793688,0.003444042,0.0010817721,0.003716648553232957,0.8202898550724638,115,True
30--300s,train2000_2015_test2016_2018,2000-2015,2016-2018,225,240,232.5,2,-0.001818975971370364,-0.001818975971370364,-0.0046375637085736094,-0.0009793708432691253,0.00016000663773164348,-0.0019077867,-0.00047700873,0.00038211222,0.0036094454051638983,0.7687074829931972,98,True
30--300s,train2000_2015_test2016_2018,2000-2015,2016-2018,225,240,232.5,3,-0.0031904084421722537,-0.0031904084421722537,-0.005355156865084251,-0.003116032162093278,-0.001100036299339233,-0.002388274,-0.0035262934,-0.0012399694,0.003390079095092862,0.7940379403794037,123,True
30--300s,train2000_2015_test2016_2018,2000-2015,2016-2018,225,240,232.5,4,-0.00032490507660599467,-0.00032490507660599467,-0.0020279781041991694,-0.0008105948271288358,0.0018638577015100215,-0.00016045566,-0.00023614409,0.002575518,0.0029047292819991554,0.7301587301587301,84,True
30--300s,train2000_2015_test2016_2018,2000-2015,2016-2018,225,240,232.5,5,-0.0008884886315422316,-0.0008884886315422316,-0.003227266242680473,-0.0007162434946712664,0.001278043842725044,-0.0009634772,-0.000101492864,0.0018213866,0.003339375532759016,0.7098039215686274,85,True
30--300s,train2000_2015_test2016_2018,2000-2015,2016-2018,225,240,232.5,6,-0.001521125109161019,-0.001521125109161019,-0.0026461298818018127,-0.002937953443232646,0.001020707997551401,-0.00057435886,-0.0032721527,0.0014901124,0.003308093001949327,0.6941176470588235,85,True
30--300s,train2000_2015_test2016_2018,2000-2015,2016-2018,225,240,232.5,7,-0.0027294184465831853,-0.0027294184465831853,-0.003975641892799338,-0.0035471492970431113,-0.0006654641499071074,-0.001464576,-0.004141552,-0.00068053487,0.0029362929533859826,0.8309859154929577,71,True
30--300s,train2000_2015_test2016_2018,2000-2015,2016-2018,225,240,232.5,8,-0.0028852758333743245,-0.0028852758333743245,-0.004188813996649199,-0.003864040152211865,-0.0006029733512619092,-0.001607312,-0.004593795,-0.0006000891,0.003420653128205947,0.8428571428571429,70,True
30--300s,train2000_2015_test2016_2018,2000-2015,2016-2018,225,240,232.5,9,-0.0028566297731371345,-0.0028566297731371345,-0.003966365178157388,-0.0038215205477057958,-0.0007820035935482201,-0.0014583644,-0.0045331144,-0.0008305587,0.0034099447115082176,0.857843137254902,68,True
30--300s,train2000_2015_test2016_2018,2000-2015,2016-2018,225,240,232.5,10,-0.0031168314976300687,-0.0031168314976300687,-0.004690258514039739,-0.0038855722084671046,-0.0007746637703833623,-0.0019430702,-0.004624524,-0.00082111004,0.002639079693454238,0.8872549019607844,68,True
30--300s,train2000_2015_test2016_2018,2000-2015,2016-2018,240,255,247.5,-10,0.004354577097203957,0.004354577097203957,0.012148116257149125,-0.001193908083573185,0.0021095231180359294,0.009331599,-0.00078318035,0.0028917685,0.00465497581654481,0.7044025157232704,53,True
30--300s,train2000_2015_test2016_2018,2000-2015,2016-2018,240,255,247.5,-9,0.002021932058985875,0.002021932058985875,0.008325353652260295,-0.0022512847441711233,-8.272731131547523e-06,0.0067719473,-0.00229219,0.0001654824,0.004305280610755262,0.7205882352941176,68,True
30--300s,train2000_2015_test2016_2018,2000-2015,2016-2018,240,255,247.5,-8,-0.0005020654933163101,-0.0005020654933163101,0.0021478426646204425,-0.003515376058477464,-0.00013866308609190967,0.002635598,-0.004096207,-2.3720295e-06,0.004254662565665945,0.7236842105263158,76,True
30--300s,train2000_2015_test2016_2018,2000-2015,2016-2018,240,255,247.5,-7,0.003955997154923248,0.003955997154923248,0.007869697214987025,-0.0001171730648835555,0.0041154673146662725,0.006466848,0.0007534561,0.005474066,0.004261615761758877,0.8076923076923077,78,True
30--300s,train2000_2015_test2016_2018,2000-2015,2016-2018,240,255,247.5,-6,0.00373513255453697,0.00373513255453697,0.006732869223213898,0.0012125340979822008,0.0032599943424148113,0.0057056486,0.0026511156,0.0043727965,0.004095251277034009,0.8270042194092826,79,True
30--300s,train2000_2015_test2016_2018,2000-2015,2016-2018,240,255,247.5,-5,0.005297108244261432,0.005297108244261432,0.007993003511231313,0.0026514304432433975,0.005246890778309585,0.0065494115,0.004704602,0.0069305724,0.0038865299223099802,0.9,70,True
30--300s,train2000_2015_test2016_2018,2000-2015,2016-2018,240,255,247.5,-4,0.005320888599490482,0.005320888599490482,0.007134439594301332,0.0042070837085356584,0.0046211424956344544,0.0059745326,0.006924715,0.006125033,0.0035082095089069834,0.9066666666666666,75,True
30--300s,train2000_2015_test2016_2018,2000-2015,2016-2018,240,255,247.5,-3,0.004408728996268521,0.004408728996268521,0.003780686720899317,0.003942698198066416,0.00550280206983983,0.0037289208,0.0065474035,0.0072600134,0.003512234802830061,0.8787878787878788,110,True
30--300s,train2000_2015_test2016_2018,2000-2015,2016-2018,240,255,247.5,-2,0.0022659661163365887,0.0022659661163365887,-0.00149618527708014,0.00447021161292765,0.0038238720131622567,0.00019562316,0.0073002316,0.005098689,0.004470994580831581,0.8227513227513227,126,True
30--300s,train2000_2015_test2016_2018,2000-2015,2016-2018,240,255,247.5,-1,0.0032445003788593085,0.0032445003788593085,0.0012235527358986315,0.004251975566733334,0.0042579728339459605,0.0020167104,0.006988781,0.0056575164,0.004656182222428067,0.8661971830985915,142,True
30--300s,train2000_2015_test2016_2018,2000-2015,2016-2018,240,255,247.5,0,0.0006053202312496518,0.0006053202312496518,-0.002001701481974009,0.00120105083095674,0.0026166113447662247,-0.00014286132,0.0026347276,0.0035445546,0.0041987930173107,0.7563218390804597,145,True
30--300s,train2000_2015_test2016_2018,2000-2015,2016-2018,240,255,247.5,1,0.0011146099241087018,0.0011146099241087018,0.00011509298073561471,0.0019723150019604193,0.0012564217896300714,0.0012745057,0.0037354187,0.0017935522,0.004564761956495233,0.834983498349835,101,True
30--300s,train2000_2015_test2016_2018,2000-2015,2016-2018,240,255,247.5,2,-0.001675336121843548,-0.001675336121843548,-0.004409522780851441,-0.0008669913467240942,0.00025050576204489164,-0.0017550947,-0.000316629,0.00049861375,0.003401802329229464,0.7719298245614035,114,True
30--300s,train2000_2015_test2016_2018,2000-2015,2016-2018,240,255,247.5,3,-0.0028523877739464725,-0.0028523877739464725,-0.004557898320995678,-0.0029449772966225573,-0.0010542877042211832,-0.0018544443,-0.0032821766,-0.0011810762,0.0030815289670551396,0.7734627831715211,103,True
30--300s,train2000_2015_test2016_2018,2000-2015,2016-2018,240,255,247.5,4,-0.00039523893698787635,-0.00039523893698787635,-0.002564082833834721,-0.0005755475419649475,0.0019539135648360393,-0.0005194216,9.929798e-05,0.002691449,0.0032453418061064356,0.7122807017543858,95,True
30--300s,train2000_2015_test2016_2018,2000-2015,2016-2018,240,255,247.5,5,-0.0008911959316183033,-0.0008911959316183033,-0.0034289003423786757,-0.0006038101209960303,0.001359122668519796,-0.0010984878,5.8963717e-05,0.0019257613,0.003295880086039847,0.7380952380952381,84,True
30--300s,train2000_2015_test2016_2018,2000-2015,2016-2018,240,255,247.5,6,-0.00161435784678988,-0.00161435784678988,-0.002928346405501088,-0.0029371459062714524,0.0010224187714029,-0.0007633259,-0.0032710002,0.0014923149,0.002931353145587163,0.6911764705882353,68,True
30--300s,train2000_2015_test2016_2018,2000-2015,2016-2018,240,255,247.5,7,-0.0030689372334613716,-0.0030689372334613716,-0.005349500619115768,-0.0034440495159500637,-0.00041326156531828394,-0.0023844868,-0.0039944155,-0.00035586883,0.003499775296774709,0.841025641025641,65,True
30--300s,train2000_2015_test2016_2018,2000-2015,2016-2018,240,255,247.5,8,-0.003751622488595738,-0.003751622488595738,-0.006515354784621087,-0.003998146058569517,-0.0007413666225966107,-0.0031651214,-0.004785181,-0.0007782458,0.003756573219255705,0.8819444444444445,96,True
30--300s,train2000_2015_test2016_2018,2000-2015,2016-2018,240,255,247.5,9,-0.0034236898401538308,-0.0034236898401538308,-0.005569281695445321,-0.0038972928984509583,-0.0008044949265652146,-0.0025316481,-0.004641251,-0.00085951237,0.0030068524573480257,0.8963963963963963,74,True
30--300s,train2000_2015_test2016_2018,2000-2015,2016-2018,240,255,247.5,10,-0.0036978646453776623,-0.0036978646453776623,-0.006442906747925988,-0.0037950169765509694,-0.0008556702116560293,-0.0031166116,-0.00449529,-0.0009253914,0.0027600144804678286,0.9104477611940298,67,True
30--300s,train2000_2015_test2016_2018,2000-2015,2016-2018,255,270,262.5,-10,0.002313683263342354,0.002313683263342354,0.006483450687460142,-0.0011825575507100365,0.0016401566532769562,0.0055386424,-0.00076698174,0.0022875424,0.0037379105837813307,0.75,68,True
30--300s,train2000_2015_test2016_2018,2000-2015,2016-2018,255,270,262.5,-9,0.0014550155158372564,0.0014550155158372564,0.006419807622129443,-0.0024310600217775594,0.0003762989471598853,0.005496028,-0.002548752,0.0006605502,0.004261794493282852,0.7123287671232876,73,True
30--300s,train2000_2015_test2016_2018,2000-2015,2016-2018,255,270,262.5,-8,-0.0008396249068532405,-0.0008396249068532405,0.000912784608014994,-0.0037824561227367565,0.0003507967941620414,0.0018086255,-0.004477364,0.00062772067,0.0038308752253440855,0.7471264367816092,87,True
30--300s,train2000_2015_test2016_2018,2000-2015,2016-2018,255,270,262.5,-7,0.0038980080044602496,0.0038980080044602496,0.007709436887492599,8.053454130789296e-05,0.0039040525845802578,0.0063595404,0.0010356097,0.005201907,0.00405727237834766,0.8115942028985508,69,True
30--300s,train2000_2015_test2016_2018,2000-2015,2016-2018,255,270,262.5,-6,0.0042709401555685,0.0042709401555685,0.008240375936962772,0.0013642822682370767,0.0032081622615056497,0.0067150476,0.0028676793,0.0043060714,0.003509573597320763,0.8390804597701149,87,True
30--300s,train2000_2015_test2016_2018,2000-2015,2016-2018,255,270,262.5,-5,0.004886291224613929,0.004886291224613929,0.00673643298973639,0.0035295020836794053,0.0043929386004259935,0.0057080346,0.005957721,0.0058312607,0.00381241672761306,0.900383141762452,87,True
30--300s,train2000_2015_test2016_2018,2000-2015,2016-2018,255,270,262.5,-4,0.004388338554909582,0.004388338554909582,0.004987386717371462,0.004001955432196255,0.004175673515161029,0.004536905,0.006631971,0.0055515706,0.0033519309395360903,0.8855218855218856,99,True
30--300s,train2000_2015_test2016_2018,2000-2015,2016-2018,255,270,262.5,-3,0.0036789000599483186,0.0036789000599483186,0.002813637050140659,0.004031236150625771,0.004191826979078526,0.0030814018,0.006673758,0.005572365,0.0038133736568203708,0.891156462585034,98,True
30--300s,train2000_2015_test2016_2018,2000-2015,2016-2018,255,270,262.5,-2,0.002130077942219273,0.002130077942219273,-0.0021078613218992364,0.00474584550920692,0.0037522496393501345,-0.000213944,0.007693596,0.0050064875,0.0037983271807809247,0.7995495495495495,148,True
30--300s,train2000_2015_test2016_2018,2000-2015,2016-2018,255,270,262.5,-1,0.0029379267223611032,0.0029379267223611032,-0.00028082724083787616,0.005316012392738943,0.0037785950151822427,0.0010094048,0.0085072955,0.0050404025,0.0036585354105609226,0.8366013071895424,102,True
30--300s,train2000_2015_test2016_2018,2000-2015,2016-2018,255,270,262.5,0,0.0006338404640512865,0.0006338404640512865,-0.002195931890331635,0.001494780956401741,0.002602672326083754,-0.00027291445,0.0030539175,0.0035266106,0.004182970887955563,0.7535460992907801,188,True
30--300s,train2000_2015_test2016_2018,2000-2015,2016-2018,255,270,262.5,1,0.0017411975914816366,0.0017411975914816366,0.0009774224444888077,0.0022619433817981476,0.0019842269481579545,0.001851906,0.0041487548,0.002730472,0.0035833438782135922,0.8503401360544217,98,True
30--300s,train2000_2015_test2016_2018,2000-2015,2016-2018,255,270,262.5,2,-0.000610486872151703,-0.000610486872151703,-0.0016960078590765038,-0.0006594034875311871,0.000523950730152582,6.182559e-05,-2.0375015e-05,0.0008506256,0.0035886924058193873,0.7686274509803921,85,True
30--300s,train2000_2015_test2016_2018,2000-2015,2016-2018,255,270,262.5,3,-0.0028566002581186145,-0.0028566002581186145,-0.004556498027602127,-0.0030521618442101153,-0.0009611409025436002,-0.0018535065,-0.0034351423,-0.0010611663,0.0035308950927837746,0.7813620071684588,93,True
30--300s,train2000_2015_test2016_2018,2000-2015,2016-2018,255,270,262.5,4,-0.00031601765443149427,-0.00031601765443149427,-0.002923989387987695,-0.0004232018786489594,0.002399138303342172,-0.0007604085,0.0003167144,0.003264597,0.0038115045294551024,0.7190476190476189,70,True
30--300s,train2000_2015_test2016_2018,2000-2015,2016-2018,255,270,262.5,5,-0.0008783118627663756,-0.0008783118627663756,-0.0033943659344573313,-0.0007397084661787153,0.0014991388123369194,-0.0010753641,-0.00013498034,0.0021060072,0.0031660436295215407,0.6995884773662551,81,True
30--300s,train2000_2015_test2016_2018,2000-2015,2016-2018,255,270,262.5,6,-0.0020610576947465557,-0.0020610576947465557,-0.004477338143387887,-0.002848898655309197,0.001143063714457417,-0.0018005027,-0.0031450603,0.0016476237,0.003191825784034501,0.6867469879518072,83,True
30--300s,train2000_2015_test2016_2018,2000-2015,2016-2018,255,270,262.5,7,-0.00244911906455332,-0.00244911906455332,-0.0035589716469563355,-0.0034323620293664225,-0.00035602351733720244,-0.0011855811,-0.003977736,-0.00028218498,0.002871731743424504,0.823045267489712,81,True
30--300s,train2000_2015_test2016_2018,2000-2015,2016-2018,255,270,262.5,8,-0.0028602950530448017,-0.0028602950530448017,-0.004077167049859545,-0.0037542190352410974,-0.0007494990740337631,-0.0015325553,-0.004437066,-0.0007887149,0.00272830960731228,0.8640350877192983,76,True
30--300s,train2000_2015_test2016_2018,2000-2015,2016-2018,255,270,262.5,9,-0.003672775232165881,-0.003672775232165881,-0.006482924437639059,-0.0038038469653705518,-0.0007315542934880318,-0.0031434067,-0.0045078914,-0.0007656142,0.0034268335457554363,0.912568306010929,61,True
30--300s,train2000_2015_test2016_2018,2000-2015,2016-2018,255,270,262.5,10,-0.004009899052725628,-0.004009899052725628,-0.007547871317559027,-0.0037742837535369835,-0.0007075420870808735,-0.0038564757,-0.004465701,-0.0007347028,0.003259441585910092,0.9122807017543859,57,True
30--300s,train2000_2015_test2016_2018,2000-2015,2016-2018,270,285,277.5,-10,0.0029739199027094165,0.0029739199027094165,0.007713028044831476,-0.001393717247060399,0.002602448910357173,0.006361945,-0.0010683332,0.003526323,0.004479279488247981,0.7101449275362319,69,True
30--300s,train2000_2015_test2016_2018,2000-2015,2016-2018,270,285,277.5,-9,0.0021413435933141417,0.0021413435933141417,0.00650893258143926,-0.0017645291223952486,0.0016796273208984137,0.0055557047,-0.0015975285,0.002338354,0.003379442149356294,0.7008547008547008,78,True
30--300s,train2000_2015_test2016_2018,2000-2015,2016-2018,270,285,277.5,-8,-0.0014780307086602982,-0.0014780307086602982,0.00029663856873892315,-0.003982733590771145,-0.0007479971039486722,0.0013960653,-0.0047631855,-0.0007867814,0.003494914258954924,0.7439613526570048,69,True
30--300s,train2000_2015_test2016_2018,2000-2015,2016-2018,270,285,277.5,-7,0.004427086414364186,0.004427086414364186,0.00901883302716347,0.0002632527641595916,0.003999173451769496,0.0072362884,0.0012963716,0.0053243577,0.004221910900172758,0.7969348659003831,87,True
30--300s,train2000_2015_test2016_2018,2000-2015,2016-2018,270,285,277.5,-6,0.00274600506372697,0.00274600506372697,0.004110820534036924,0.0003426303958000201,0.003784564261343965,0.0039499723,0.0014096535,0.005048087,0.004139536653903007,0.7890295358649788,79,True
30--300s,train2000_2015_test2016_2018,2000-2015,2016-2018,270,285,277.5,-5,0.004539416150095002,0.004539416150095002,0.005197920013277077,0.0030295617493803404,0.005390766687627586,0.004677874,0.005244243,0.0071157874,0.003653775601988628,0.9,80,True
30--300s,train2000_2015_test2016_2018,2000-2015,2016-2018,270,285,277.5,-4,0.004893368608738973,0.004893368608738973,0.006200226672202418,0.004298909246625733,0.004180969907388767,0.005349001,0.0070557618,0.005558389,0.004044728426359311,0.9215686274509803,85,True
30--300s,train2000_2015_test2016_2018,2000-2015,2016-2018,270,285,277.5,-3,0.003272827484335797,0.003272827484335797,0.001790246041413999,0.004167473881903912,0.0038607625296894804,0.0023961577,0.006868187,0.0051461784,0.003982333609051689,0.862962962962963,90,True
30--300s,train2000_2015_test2016_2018,2000-2015,2016-2018,270,285,277.5,-2,0.002127629395503018,0.002127629395503018,-0.001834234431589043,0.004331205466091705,0.003885917152006393,-3.0728414e-05,0.0071018524,0.005178561,0.0031163354329827725,0.8024691358024691,81,True
30--300s,train2000_2015_test2016_2018,2000-2015,2016-2018,270,285,277.5,-1,0.002827306215016548,0.002827306215016548,0.00033739864337588613,0.004387160629016154,0.0037573593726576053,0.0014233576,0.0071817073,0.0050130654,0.004530313884178604,0.8534798534798536,91,True
30--300s,train2000_2015_test2016_2018,2000-2015,2016-2018,270,285,277.5,0,0.0012222474447209622,0.0012222474447209622,-0.001069181440440548,0.0015671128300364986,0.003168810944566936,0.00048153714,0.0031571442,0.0042554135,0.004225271118271108,0.7728395061728395,270,True
30--300s,train2000_2015_test2016_2018,2000-2015,2016-2018,270,285,277.5,1,0.0005749187319882946,0.0005749187319882946,-0.001851480012030333,0.002040773236765033,0.001535462971230184,-4.227576e-05,0.0038331172,0.0021527682,0.004163097337836579,0.8141025641025641,104,True
30--300s,train2000_2015_test2016_2018,2000-2015,2016-2018,270,285,277.5,2,-0.0012344549021692593,-0.0012344549021692593,-0.0028027881848783458,-0.0008450407044095959,-5.553581721983573e-05,-0.0006792544,-0.0002853027,0.00010463958,0.0036647492436573626,0.7767295597484276,106,True
30--300s,train2000_2015_test2016_2018,2000-2015,2016-2018,270,285,277.5,3,-0.0033965519582262373,-0.0033965519582262373,-0.005832207769592236,-0.003251134871556013,-0.001106313233530463,-0.0027076986,-0.003719102,-0.0012480499,0.004003184787677715,0.7723577235772358,82,True
30--300s,train2000_2015_test2016_2018,2000-2015,2016-2018,270,285,277.5,4,-0.0010826634539700796,-0.0010826634539700796,-0.004076669926637243,-0.0007936920896119878,0.001622371654338992,-0.0015322225,-0.00021202175,0.0022646475,0.0030959226681043415,0.7228915662650602,83,True
30--300s,train2000_2015_test2016_2018,2000-2015,2016-2018,270,285,277.5,5,-0.0005924573212958673,-0.0005924573212958673,-0.0024482877873556797,-0.000616976326056227,0.001287892149524305,-0.0004418874,4.0173887e-05,0.0018340646,0.003093557572033718,0.7354497354497354,63,True
30--300s,train2000_2015_test2016_2018,2000-2015,2016-2018,270,285,277.5,6,-0.0014009100238587006,-0.0014009100238587006,-0.002688358675810881,-0.0026707648648670334,0.0011563934691018124,-0.0006026345,-0.002890841,0.0016647833,0.0026637595371765007,0.6728395061728394,54,True
30--300s,train2000_2015_test2016_2018,2000-2015,2016-2018,270,285,277.5,7,-0.003501359141421111,-0.003501359141421111,-0.0062373082602029525,-0.0036454429462860812,-0.0006213262177742997,-0.0029789465,-0.0042818296,-0.00062371517,0.0033820807151293104,0.857843137254902,68,True
30--300s,train2000_2015_test2016_2018,2000-2015,2016-2018,270,285,277.5,8,-0.0036706682918065912,-0.0036706682918065912,-0.00592122427016573,-0.004068449494041962,-0.001022331111212082,-0.0027673023,-0.004885513,-0.0011399378,0.0035240688136473786,0.888888888888889,69,True
30--300s,train2000_2015_test2016_2018,2000-2015,2016-2018,270,285,277.5,9,-0.0033312870744033472,-0.0033312870744033472,-0.005267942509816897,-0.0038734290739068015,-0.0008524896394863428,-0.0023298769,-0.004607194,-0.000921297,0.003271711269499807,0.8854166666666666,64,True
30--300s,train2000_2015_test2016_2018,2000-2015,2016-2018,270,285,277.5,10,-0.004847480093541683,-0.004847480093541683,-0.009678270802694264,-0.003981106550817845,-0.0008830629271129388,-0.0052829525,-0.0047608633,-0.0009606547,0.003470317823036496,0.8978494623655914,62,True
30--300s,train2000_2015_test2016_2018,2000-2015,2016-2018,285,300,292.5,-10,0.003584316419770561,0.003584316419770561,0.009688180943355478,-0.0012472560324567879,0.0023120243484129922,0.0076844716,-0.0008593146,0.003152453,0.004138541772359997,0.7099567099567099,77,True
30--300s,train2000_2015_test2016_2018,2000-2015,2016-2018,285,300,292.5,-9,0.002088573491738976,0.002088573491738976,0.006341202668807249,-0.0017262618526403327,0.0016507796590500112,0.0054433956,-0.0015429162,0.002301218,0.0032400537463079947,0.6974358974358974,65,True
30--300s,train2000_2015_test2016_2018,2000-2015,2016-2018,285,300,292.5,-8,-0.001180847787954538,-0.001180847787954538,0.00023332294634127702,-0.0037300316406739947,-4.5834669530896614e-05,0.0013536704,-0.004402548,0.00011712808,0.004304864101582089,0.7294117647058823,85,True
30--300s,train2000_2015_test2016_2018,2000-2015,2016-2018,285,300,292.5,-7,0.0030922493745769515,0.0030922493745769515,0.005986442724270298,-9.467409272385474e-05,0.003384979492184411,0.005205855,0.00078556495,0.0045336923,0.004015336592944194,0.8028673835125448,93,True
30--300s,train2000_2015_test2016_2018,2000-2015,2016-2018,285,300,292.5,-6,0.0032496902478442394,0.0032496902478442394,0.005585350494284817,-0.0002779243215726087,0.00444164457082051,0.0049372907,0.0005240438,0.005893961,0.003935991251505146,0.7731481481481481,72,True
30--300s,train2000_2015_test2016_2018,2000-2015,2016-2018,285,300,292.5,-5,0.004303607138637032,0.004303607138637032,0.005978155157235978,0.002762827442767065,0.004169838815908053,0.0052003055,0.0048635793,0.0055440594,0.004413420169337374,0.8958333333333334,80,True
30--300s,train2000_2015_test2016_2018,2000-2015,2016-2018,285,300,292.5,-4,0.004668942243978023,0.004668942243978023,0.005932547718062513,0.003868685390628661,0.004205593623242897,0.0051697674,0.0064417776,0.0055900873,0.0040086379563731575,0.9131944444444445,96,True
30--300s,train2000_2015_test2016_2018,2000-2015,2016-2018,285,300,292.5,-3,0.0029079693366054478,0.0029079693366054478,0.0009013912754890223,0.003782448582199767,0.004040068152127554,0.0018009968,0.006318707,0.005377003,0.004073215236201625,0.8659003831417624,87,True
30--300s,train2000_2015_test2016_2018,2000-2015,2016-2018,285,300,292.5,-2,0.0008615608802103409,0.0008615608802103409,-0.004843312152063709,0.004306396726061502,0.0031215980666332295,-0.0020455522,0.007066447,0.0041946354,0.004553516468197816,0.7823129251700679,98,True
30--300s,train2000_2015_test2016_2018,2000-2015,2016-2018,285,300,292.5,-1,0.002901910384794774,0.002901910384794774,0.00026527774734748475,0.004633802137199869,0.003806651269836968,0.0013750668,0.007533696,0.0050765197,0.0033641176013384337,0.8301886792452831,106,True
30--300s,train2000_2015_test2016_2018,2000-2015,2016-2018,285,300,292.5,0,0.000550090607034679,0.000550090607034679,-0.0031068710131607704,0.0017606561841671078,0.0029964866500976997,-0.0008828627,0.003433355,0.0040335767,0.00364803192813844,0.7532467532467533,154,True
30--300s,train2000_2015_test2016_2018,2000-2015,2016-2018,285,300,292.5,1,0.0010653221360256756,0.0010653221360256756,-0.0008986195940351771,0.0022229433757818577,0.0018716426263303467,0.00059574225,0.004093097,0.0025855396,0.0038939538643286077,0.8115942028985507,115,True
30--300s,train2000_2015_test2016_2018,2000-2015,2016-2018,285,300,292.5,2,-0.001706417926403284,-0.001706417926403284,-0.0043898427713176405,-0.0008693532248367914,0.0001399422169445807,-0.0017419173,-0.00031999973,0.00035628284,0.003568328309011165,0.7986111111111112,96,True
30--300s,train2000_2015_test2016_2018,2000-2015,2016-2018,285,300,292.5,3,-0.0032094235705106998,-0.0032094235705106998,-0.005520333617722268,-0.0030005583203863884,-0.001107378773423443,-0.0024988735,-0.0033614978,-0.0012494215,0.003383675651282411,0.8130841121495327,107,True
30--300s,train2000_2015_test2016_2018,2000-2015,2016-2018,285,300,292.5,4,-0.0010044326999249515,-0.0010044326999249515,-0.004119096294762863,-0.0006903991255095605,0.001796197320497569,-0.0015606304,-6.4609696e-05,0.0024884173,0.002945536842473158,0.7275985663082436,93,True
30--300s,train2000_2015_test2016_2018,2000-2015,2016-2018,285,300,292.5,5,-0.001605500288573877,-0.001605500288573877,-0.005234426430596428,-0.0008808382312311234,0.0012987637961059204,-0.002307435,-0.00033639028,0.0018480598,0.0037322098608772673,0.7170542635658914,86,True
30--300s,train2000_2015_test2016_2018,2000-2015,2016-2018,285,300,292.5,6,-0.0022080312044526194,-0.0022080312044526194,-0.004835798830364926,-0.0028582326215131513,0.0010699378385202196,-0.0020405212,-0.003158381,0.0015534871,0.0029244893764226844,0.6973684210526315,76,True
30--300s,train2000_2015_test2016_2018,2000-2015,2016-2018,285,300,292.5,7,-0.003436001246551909,-0.003436001246551909,-0.006256782798894221,-0.0035145235310768325,-0.0005366974096846707,-0.0029919862,-0.004094991,-0.00051477057,0.003503120048555474,0.8467432950191571,87,True
30--300s,train2000_2015_test2016_2018,2000-2015,2016-2018,285,300,292.5,8,-0.0038778880025951905,-0.0038778880025951905,-0.007252018934026635,-0.003761112802507281,-0.0006205322712516553,-0.0036583785,-0.0044469046,-0.0006226931,0.0026928971740859814,0.8968253968253967,84,True
30--300s,train2000_2015_test2016_2018,2000-2015,2016-2018,285,300,292.5,9,-0.004063698111758631,-0.004063698111758631,-0.007450703784922744,-0.0038784355534825367,-0.0008619549968706119,-0.0037914142,-0.0046143387,-0.00093348196,0.0032582521068030067,0.9204545454545454,88,True
30--300s,train2000_2015_test2016_2018,2000-2015,2016-2018,285,300,292.5,10,-0.004608702831092298,-0.004608702831092298,-0.008834003299631597,-0.004038801646922897,-0.0009533035467224005,-0.0047176466,-0.004843202,-0.001051077,0.0033590374391241195,0.9055555555555556,60,True
30--300s,train2000_2018_test2019_2021,2000-2018,2019-2021,30,45,37.5,-10,0.0063713808045553185,0.0063713808045553185,0.0102441028259742,0.005261529290156013,0.003608510297535745,0.009157554,0.008124162,0.004916399,0.00950519666123155,0.8809523809523809,84,True
30--300s,train2000_2018_test2019_2021,2000-2018,2019-2021,30,45,37.5,-9,0.0053857168563401095,0.0053857168563401095,0.00811198779143648,0.004372241656895029,0.003672921120688819,0.007339986,0.0069652046,0.004998474,0.009960077912152051,0.8666666666666667,100,True
30--300s,train2000_2018_test2019_2021,2000-2018,2019-2021,30,45,37.5,-8,-0.0017013798768004324,-0.0017013798768004324,0.0004949970312951932,-0.0008496789200352179,-0.0047494577416612735,0.0008467133,0.00015977335,-0.005733671,0.009716999723502517,0.8703703703703705,126,True
30--300s,train2000_2018_test2019_2021,2000-2018,2019-2021,30,45,37.5,-7,0.009909117375027629,0.009909117375027629,0.0163134385496292,0.009758021754159933,0.003655891821293753,0.014331494,0.013984184,0.004976774,0.011947855349486572,0.8302469135802469,108,True
30--300s,train2000_2018_test2019_2021,2000-2018,2019-2021,30,45,37.5,-6,0.007425268030943283,0.007425268030943283,0.014770612838331065,0.006501406896014956,0.0010037843584838244,0.013016278,0.009740024,0.0015973488,0.011762521160774128,0.8285024154589372,138,True
30--300s,train2000_2018_test2019_2021,2000-2018,2019-2021,30,45,37.5,-5,0.007603194866548166,0.007603194866548166,0.0008342216487668859,0.011138159523445887,0.010837203427431726,0.0011358928,0.015782839,0.0141275,0.007905109696786523,0.8316498316498316,99,True
30--300s,train2000_2018_test2019_2021,2000-2018,2019-2021,30,45,37.5,-4,-4.9857319364553046e-05,-4.9857319364553046e-05,-0.004578038102689749,0.0007455456096576762,0.003682920534938413,-0.0034779077,0.0022387384,0.0050112153,0.008533684921617726,0.8151041666666666,128,True
30--300s,train2000_2018_test2019_2021,2000-2018,2019-2021,30,45,37.5,-3,0.001943894334085291,0.001943894334085291,-0.0015894370554207446,0.0073598077985767675,6.131225909984932e-05,-0.00093020865,0.010858729,0.00039641184,0.007346878152274825,0.7994579945799457,123,True
30--300s,train2000_2018_test2019_2021,2000-2018,2019-2021,30,45,37.5,-2,0.001670821979419128,0.001670821979419128,-0.0018148611462234265,0.0077864141081585144,-0.0009590870236777043,-0.0011223764,0.0114147,-0.0009038233,0.00875454240613964,0.8187702265372168,103,True
30--300s,train2000_2018_test2019_2021,2000-2018,2019-2021,30,45,37.5,-1,0.0031234683156459208,0.0031234683156459208,0.0016613946621046563,0.0062597676255647956,0.0014492426592683098,0.0018410347,0.009425109,0.0021649704,0.005559003837683675,0.7948717948717948,117,True
30--300s,train2000_2018_test2019_2021,2000-2018,2019-2021,30,45,37.5,0,-0.008836533410395656,-0.008836533410395656,-0.008895465141781588,-0.010689790960079661,-0.00692434412932572,-0.007158394,-0.012664283,-0.008505002,0.0064271378711888705,0.9373219373219374,117,True
30--300s,train2000_2018_test2019_2021,2000-2018,2019-2021,30,45,37.5,1,-0.006460948124569652,-0.006460948124569652,-0.007519272496188163,-0.00648447941668902,-0.005379092460831774,-0.005985228,-0.0071837404,-0.0065359776,0.004430179064825583,0.9340659340659341,91,True
30--300s,train2000_2018_test2019_2021,2000-2018,2019-2021,30,45,37.5,2,-0.0061741907450370654,-0.0061741907450370654,-0.008504178848477251,-0.008043323813163228,-0.001975069573470718,-0.0068248333,-0.009215293,-0.0021984302,0.002484486166271332,0.9420289855072465,92,True
30--300s,train2000_2018_test2019_2021,2000-2018,2019-2021,30,45,37.5,3,-0.007298278444984137,-0.007298278444984137,-0.010674299175849703,-0.00789254430545486,-0.0033279918536478475,-0.0086748,-0.009018791,-0.00392238,0.0017011283335269948,0.9871794871794872,104,True
30--300s,train2000_2018_test2019_2021,2000-2018,2019-2021,30,45,37.5,4,-0.002306343269780427,-0.002306343269780427,-0.004429138232051415,-0.004197494430464519,0.0017076028531746528,-0.0033509748,-0.0042032436,0.0024941836,0.0023845417264614223,0.6992753623188406,92,True
30--300s,train2000_2018_test2019_2021,2000-2018,2019-2021,30,45,37.5,5,-0.0030364239780719103,-0.0030364239780719103,-0.0025838434285085903,-0.0051201592573076075,-0.001405269248399533,-0.0017779125,-0.0054057,-0.0014723672,0.0021757162902542207,0.8229166666666666,64,True
30--300s,train2000_2018_test2019_2021,2000-2018,2019-2021,30,45,37.5,6,-0.005330927465218867,-0.005330927465218867,-0.006641295834637294,-0.007068504688409453,-0.0022829818726098515,-0.0052367775,-0.007944867,-0.002590785,0.001896790314934463,0.965686274509804,68,True
30--300s,train2000_2018_test2019_2021,2000-2018,2019-2021,30,45,37.5,7,-0.0063682041427292994,-0.0063682041427292994,-0.0077912271094144345,-0.008056830332665802,-0.0032565549861076635,-0.006217062,-0.009232895,-0.0038313523,0.001917219114402488,0.9846153846153847,65,True
30--300s,train2000_2018_test2019_2021,2000-2018,2019-2021,30,45,37.5,8,-0.006189690566459077,-0.006189690566459077,-0.006803454418413824,-0.008496216311111174,-0.0032694009698522345,-0.005375013,-0.009805522,-0.0038477213,0.001862150116943512,0.9469696969696969,44,True
30--300s,train2000_2018_test2019_2021,2000-2018,2019-2021,30,45,37.5,9,-0.0059492851626987905,-0.0059492851626987905,-0.006524815526077713,-0.008206002557171691,-0.0031170374048469676,-0.0051374813,-0.009427303,-0.003653573,0.002288785964338701,0.9382716049382716,54,True
30--300s,train2000_2018_test2019_2021,2000-2018,2019-2021,30,45,37.5,10,-0.005733671267749938,-0.005733671267749938,-0.005512285162956855,-0.008331774499313355,-0.003356954140979603,-0.0042743273,-0.009591214,-0.003959285,0.0019387681583015698,0.9523809523809524,56,True
30--300s,train2000_2018_test2019_2021,2000-2018,2019-2021,45,60,52.5,-10,0.0044128302271084245,0.0044128302271084245,0.007109236107975782,0.003178091981614879,0.0029511625917346125,0.006485168,0.005408937,0.004078779,0.0064653438011847905,0.8564814814814814,72,True
30--300s,train2000_2018_test2019_2021,2000-2018,2019-2021,45,60,52.5,-9,0.002635491014808223,0.002635491014808223,0.003360752296821387,0.0021236452017046824,0.0024220755458985986,0.0032896898,0.004034737,0.0034045945,0.006993155395936076,0.8509803921568627,85,True
30--300s,train2000_2018_test2019_2021,2000-2018,2019-2021,45,60,52.5,-8,0.0013503931167610766,0.0013503931167610766,0.0034649351176326546,0.0010048349463678994,-0.0004185907137173248,0.0033785028,0.0025766555,-0.00021510044,0.0070528097740732544,0.8647342995169082,69,True
30--300s,train2000_2018_test2019_2021,2000-2018,2019-2021,45,60,52.5,-7,0.007264039619990687,0.007264039619990687,0.010681829553111883,0.008747208541078183,0.0023630807657819964,0.0095307045,0.012666849,0.0033294207,0.00693625169657965,0.8705882352941177,85,True
30--300s,train2000_2018_test2019_2021,2000-2018,2019-2021,45,60,52.5,-6,0.010227160415873812,0.010227160415873812,0.013944877538354376,0.012055157311803668,0.004681446397463391,0.012312362,0.01697791,0.006283578,0.007027674465841943,0.9484536082474226,97,True
30--300s,train2000_2018_test2019_2021,2000-2018,2019-2021,45,60,52.5,-5,0.008543682586023303,0.008543682586023303,0.005892975022499852,0.014154397426825732,0.005583675308744329,0.005448339,0.01971373,0.0074332366,0.006960704793527626,0.868312757201646,81,True
30--300s,train2000_2018_test2019_2021,2000-2018,2019-2021,45,60,52.5,-4,0.007383395983218508,0.007383395983218508,0.006388055907553881,0.013186018838920904,0.0025761132031807393,0.005870382,0.018451696,0.0036008756,0.00618341464698096,0.894927536231884,92,True
30--300s,train2000_2018_test2019_2021,2000-2018,2019-2021,45,60,52.5,-3,0.007735398259479813,0.007735398259479813,0.005628804444750454,0.013615966900413074,0.003961423433275912,0.005223141,0.019012025,0.0053660953,0.005916236261006912,0.8823529411764706,119,True
30--300s,train2000_2018_test2019_2021,2000-2018,2019-2021,45,60,52.5,-2,0.007166369973377929,0.007166369973377929,0.004529888024904401,0.013149005492532473,0.003820216402696915,0.0042863456,0.01840346,0.0051861634,0.0063991140549097695,0.8518518518518517,99,True
30--300s,train2000_2018_test2019_2021,2000-2018,2019-2021,45,60,52.5,-1,0.007457668711110188,0.007457668711110188,0.004511163300628991,0.013019070312658657,0.0048427725200429145,0.004270383,0.018234123,0.006489147,0.005913131528968938,0.9087719298245613,95,True
30--300s,train2000_2018_test2019_2021,2000-2018,2019-2021,45,60,52.5,0,-0.0003912878267705408,-0.0003912878267705408,-0.003015214061058719,-0.00019842006144038329,0.0020397706421874796,-0.0021456438,0.0010085219,0.0029174455,0.004701316026858104,0.7847222222222222,96,True
30--300s,train2000_2018_test2019_2021,2000-2018,2019-2021,45,60,52.5,1,-0.001730713816909426,-0.001730713816909426,-0.004870626875174594,0.000622047400246608,-0.0009435619758002916,-0.0037273315,0.0020777902,-0.0008840406,0.0028810594679036417,0.7948717948717948,91,True
30--300s,train2000_2018_test2019_2021,2000-2018,2019-2021,45,60,52.5,2,-0.007453325478311642,-0.007453325478311642,-0.011244394380838685,-0.008542991232484481,-0.0025725908216117626,-0.009160791,-0.009866482,-0.0029598167,0.0027875260028381254,0.9875389408099688,107,True
30--300s,train2000_2018_test2019_2021,2000-2018,2019-2021,45,60,52.5,3,-0.007954461899963312,-0.007954461899963312,-0.011699930813873676,-0.007466835060955034,-0.004696619825061223,-0.009549122,-0.008463988,-0.0056663426,0.0017890490543473333,0.9964912280701755,95,True
30--300s,train2000_2018_test2019_2021,2000-2018,2019-2021,45,60,52.5,4,-0.0022049862580537072,-0.0022049862580537072,-0.003881938021165519,-0.003346169885015967,0.000613149132020365,-0.0028845018,-0.003093761,0.0010995853,0.0020227805585178553,0.7523809523809524,105,True
30--300s,train2000_2018_test2019_2021,2000-2018,2019-2021,45,60,52.5,5,-0.0036170375113434203,-0.0036170375113434203,-0.004786182090706811,-0.00423236126668386,-0.001832569176639588,-0.0036553447,-0.0042486833,-0.0020168505,0.0020046731380958323,0.9244444444444444,75,True
30--300s,train2000_2018_test2019_2021,2000-2018,2019-2021,45,60,52.5,6,-0.004609755887442685,-0.004609755887442685,-0.006033252384487617,-0.005543406117106934,-0.002252609160733505,-0.0047184373,-0.0059572933,-0.002552083,0.001621357518906198,0.9799196787148594,83,True
30--300s,train2000_2018_test2019_2021,2000-2018,2019-2021,45,60,52.5,7,-0.005895214679334345,-0.005895214679334345,-0.007175163211527848,-0.0067472727474446855,-0.003763208079030501,-0.0056918846,-0.007526224,-0.0044769505,0.001868568224589601,0.9871794871794872,78,True
30--300s,train2000_2018_test2019_2021,2000-2018,2019-2021,45,60,52.5,8,-0.005276129238415824,-0.005276129238415824,-0.005047021319162926,-0.007123473497974077,-0.0036578928981104686,-0.0038777029,-0.008016505,-0.004342754,0.0023832005548360727,0.9393939393939393,55,True
30--300s,train2000_2018_test2019_2021,2000-2018,2019-2021,45,60,52.5,9,-0.004941106514657208,-0.004941106514657208,-0.004268657015760488,-0.007052178720368742,-0.0035024838078423952,-0.003214169,-0.00792359,-0.004144725,0.001719584672211677,0.9285714285714286,56,True
30--300s,train2000_2018_test2019_2021,2000-2018,2019-2021,45,60,52.5,10,-0.005266589161838268,-0.005266589161838268,-0.005223880800562754,-0.006967336411849745,-0.003608550273102305,-0.0040284707,-0.007813021,-0.0042798794,0.0014205114336096585,0.9716312056737588,47,True
30--300s,train2000_2018_test2019_2021,2000-2018,2019-2021,60,75,67.5,-10,0.004324845101132622,0.004324845101132622,0.007968723874797108,0.0013307751258963456,0.0036750363027044136,0.0072178575,0.0030014345,0.005001169,0.004700924727912305,0.8796296296296297,72,True
30--300s,train2000_2018_test2019_2021,2000-2018,2019-2021,60,75,67.5,-9,0.0019506509878303088,0.0019506509878303088,0.0031459806740605535,0.00011068762516414106,0.0025952846642662316,0.003106603,0.0014113642,0.0036253047,0.004336227826042646,0.812206572769953,71,True
30--300s,train2000_2018_test2019_2021,2000-2018,2019-2021,60,75,67.5,-8,-5.551728926396923e-05,-5.551728926396923e-05,0.001160734256598711,-0.0024002410643587427,0.0010729549399681243,0.0014142357,-0.0018609858,0.001685489,0.005093615769798296,0.8024691358024691,81,True
30--300s,train2000_2018_test2019_2021,2000-2018,2019-2021,60,75,67.5,-7,0.006405525548673908,0.006405525548673908,0.008922059952006131,0.0062324293124779075,0.004062087381537685,0.00803055,0.009389481,0.0054943655,0.004851789487419086,0.9157509157509157,91,True
30--300s,train2000_2018_test2019_2021,2000-2018,2019-2021,60,75,67.5,-6,0.0064691097476753095,0.0064691097476753095,0.008273140299107527,0.0070206049190353476,0.004113584024883051,0.0074773636,0.010416665,0.0055599846,0.004289986851971943,0.9358974358974359,78,True
30--300s,train2000_2018_test2019_2021,2000-2018,2019-2021,60,75,67.5,-5,0.007052299404806308,0.007052299404806308,0.006001815593621227,0.009539945259317235,0.005615137361480464,0.0055411225,0.013699978,0.007473326,0.004751987923004375,0.8759689922480619,86,True
30--300s,train2000_2018_test2019_2021,2000-2018,2019-2021,60,75,67.5,-4,0.0066402083182194515,0.0066402083182194515,0.003965820195183096,0.011161225099251363,0.004793579660223896,0.0038054935,0.0158129,0.006426463,0.004392176986583373,0.8967551622418879,113,True
30--300s,train2000_2018_test2019_2021,2000-2018,2019-2021,60,75,67.5,-3,0.007960510035262835,0.007960510035262835,0.004840925430457721,0.01219109632049668,0.006849508354834104,0.0045514964,0.01715507,0.009046213,0.00445962012314464,0.8804347826086957,92,True
30--300s,train2000_2018_test2019_2021,2000-2018,2019-2021,60,75,67.5,-2,0.00745460953226886,0.00745460953226886,0.0037603248809415114,0.011905690386047208,0.006697813329817861,0.0036303145,0.016783118,0.008852917,0.0045635078823372584,0.8736842105263158,95,True
30--300s,train2000_2018_test2019_2021,2000-2018,2019-2021,60,75,67.5,-1,0.007286069147472632,0.007286069147472632,0.0034035696638704043,0.011734246625793737,0.006720391152753755,0.0033261904,0.016559685,0.008881687,0.004436922272278912,0.8960573476702508,93,True
30--300s,train2000_2018_test2019_2021,2000-2018,2019-2021,60,75,67.5,0,0.00012425918682992663,0.00012425918682992663,-0.0031823844840054238,0.0013807960728355862,0.0021743659716596175,-0.002288152,0.003066624,0.0030889525,0.004105239597883594,0.8152173913043478,92,True
30--300s,train2000_2018_test2019_2021,2000-2018,2019-2021,60,75,67.5,1,-0.0017670014226010284,-0.0017670014226010284,-0.005127046523769506,0.0002700982974308427,-0.00044405604146442203,-0.0039459225,0.001619115,-0.00024754944,0.0028197539404153987,0.7347670250896057,93,True
30--300s,train2000_2018_test2019_2021,2000-2018,2019-2021,60,75,67.5,2,-0.007258662272762851,-0.007258662272762851,-0.010781537184467699,-0.008266847238814051,-0.0027276023950068046,-0.008766218,-0.009506598,-0.0031573388,0.002145799583336984,1.0,101,True
30--300s,train2000_2018_test2019_2021,2000-2018,2019-2021,60,75,67.5,3,-0.0076694957208492814,-0.0076694957208492814,-0.011334370023901199,-0.006988702362965863,-0.004685414775680784,-0.009237492,-0.007840865,-0.0056520645,0.0017687830013430514,1.0,98,True
30--300s,train2000_2018_test2019_2021,2000-2018,2019-2021,60,75,67.5,4,-0.0020000660624446124,-0.0020000660624446124,-0.0031126564835454633,-0.0033966798064119876,0.0005091381026236139,-0.0022287108,-0.0031595875,0.0009670501,0.0022442901665104664,0.7279693486590038,87,True
30--300s,train2000_2018_test2019_2021,2000-2018,2019-2021,60,75,67.5,5,-0.003215512479059409,-0.003215512479059409,-0.0036525343318144173,-0.0040865391215401834,-0.0019074639838236272,-0.0026889418,-0.004058642,-0.0021122845,0.0017010037056703416,0.9315068493150684,73,True
30--300s,train2000_2018_test2019_2021,2000-2018,2019-2021,60,75,67.5,6,-0.004687320345336375,-0.004687320345336375,-0.006205205936335003,-0.005400351823477432,-0.002456403276196691,-0.004865023,-0.005770859,-0.0028117658,0.0015817355879973365,0.9780701754385964,76,True
30--300s,train2000_2018_test2019_2021,2000-2018,2019-2021,60,75,67.5,7,-0.005685562814534775,-0.005685562814534775,-0.007144043882470082,-0.006265157887435623,-0.003647486673698618,-0.0056653563,-0.006897911,-0.0043294937,0.0018294819407861556,0.9817351598173517,73,True
30--300s,train2000_2018_test2019_2021,2000-2018,2019-2021,60,75,67.5,8,-0.005301372550968064,-0.005301372550968064,-0.005478691960271265,-0.006776155591048135,-0.003649270101584793,-0.00424569,-0.0075638653,-0.004331766,0.0015532763572556126,0.9803921568627451,51,True
30--300s,train2000_2018_test2019_2021,2000-2018,2019-2021,60,75,67.5,9,-0.005343805913226185,-0.005343805913226185,-0.005701610532213179,-0.006700217881116198,-0.003629589326349176,-0.0044357223,-0.0074649,-0.004306688,0.0019054304068431404,0.9655172413793104,58,True
30--300s,train2000_2018_test2019_2021,2000-2018,2019-2021,60,75,67.5,10,-0.00565083089103244,-0.00565083089103244,-0.006563314176966546,-0.006679334462294724,-0.0037098440338360506,-0.0051703,-0.007437684,-0.004408952,0.0019192054973918365,0.9814814814814815,54,True
30--300s,train2000_2018_test2019_2021,2000-2018,2019-2021,75,90,82.5,-10,0.0009314611752435432,0.0009314611752435432,0.004460056072337239,-0.002064872425382641,0.00039919987877603137,0.0042268154,-0.001423919,0.0008269623,0.003417412530045732,0.7447916666666666,64,True
30--300s,train2000_2018_test2019_2021,2000-2018,2019-2021,75,90,82.5,-9,-0.0002679647558017892,-0.0002679647558017892,0.0021509668836345846,-0.0028608136284017645,-9.404752263818798e-05,0.0022583816,-0.0024612239,0.00019844595,0.002816007740918901,0.7286821705426356,86,True
30--300s,train2000_2018_test2019_2021,2000-2018,2019-2021,75,90,82.5,-8,-0.0026269345431580216,-0.0026269345431580216,-0.0008176306675457919,-0.005375458726687174,-0.0016877142352411001,-0.00027226526,-0.005738417,-0.0018322703,0.0034538327647447324,0.7938596491228069,76,True
30--300s,train2000_2018_test2019_2021,2000-2018,2019-2021,75,90,82.5,-7,0.004489260141450201,0.004489260141450201,0.0034439002273156947,0.0038272652556256815,0.006196614941409226,0.003360571,0.006254968,0.008214269,0.002734174040835493,0.8840579710144928,69,True
30--300s,train2000_2018_test2019_2021,2000-2018,2019-2021,75,90,82.5,-6,0.0044783785523079605,0.0044783785523079605,0.006052666939757048,0.004784544739421549,0.0025979239777452856,0.0055844723,0.0075025354,0.0036286677,0.0026794181332870193,0.9473684210526315,95,True
30--300s,train2000_2018_test2019_2021,2000-2018,2019-2021,75,90,82.5,-5,0.0033135439573717994,0.0033135439573717994,0.003901981148536992,0.0040784020057730705,0.0019602487178053346,0.0037510723,0.00658226,0.0028161153,0.004110150277353439,0.9326599326599326,99,True
30--300s,train2000_2018_test2019_2021,2000-2018,2019-2021,75,90,82.5,-4,0.001643337176174899,0.001643337176174899,-2.903697557778853e-05,0.002583645174697391,0.002375403329405095,0.0003999889,0.0046342285,0.0033451228,0.0036824780371311943,0.8231292517006803,98,True
30--300s,train2000_2018_test2019_2021,2000-2018,2019-2021,75,90,82.5,-3,0.0017115942333582853,0.0017115942333582853,-0.0008075808749306614,0.003195421644696246,0.002746941930309271,-0.00026369808,0.005431522,0.0038185527,0.004630092774103254,0.8405797101449276,115,True
30--300s,train2000_2018_test2019_2021,2000-2018,2019-2021,75,90,82.5,-2,0.0017794173086841108,0.0017794173086841108,0.00035020510133784103,0.0027356111995035363,0.002252435625210955,0.0007232822,0.0048322775,0.003188432,0.003642305042968794,0.869047619047619,112,True
30--300s,train2000_2018_test2019_2021,2000-2018,2019-2021,75,90,82.5,-1,0.0015008110662443322,0.0015008110662443322,-0.0009418765519263798,0.0027265274763023594,0.002717782274357017,-0.0003781814,0.004820439,0.0037813962,0.003933287697890514,0.8605442176870748,98,True
30--300s,train2000_2018_test2019_2021,2000-2018,2019-2021,75,90,82.5,0,-0.0030902787088548525,-0.0030902787088548525,-0.005824197790070296,-0.0038017418989003326,0.0003551035624060709,-0.004540224,-0.0036874819,0.0007707729,0.0031770016020012813,0.7411003236245954,103,True
30--300s,train2000_2018_test2019_2021,2000-2018,2019-2021,75,90,82.5,1,-0.004137450729691232,-0.004137450729691232,-0.006878353914894981,-0.0043553524705763295,-0.0011786458036023852,-0.005438863,-0.004408971,-0.0011835942,0.0030407777900434054,0.9032258064516129,93,True
30--300s,train2000_2018_test2019_2021,2000-2018,2019-2021,75,90,82.5,2,-0.007546744016315145,-0.007546744016315145,-0.011154955606316514,-0.00807643957431424,-0.0034088368683146833,-0.009084546,-0.009258451,-0.0040253964,0.0029288742783207824,0.9967637540453075,103,True
30--300s,train2000_2018_test2019_2021,2000-2018,2019-2021,75,90,82.5,3,-0.007631999333205736,-0.007631999333205736,-0.010341426018365178,-0.007141729120975621,-0.005412842860276409,-0.008391035,-0.008040297,-0.006578984,0.0015604768274303982,1.0,81,True
30--300s,train2000_2018_test2019_2021,2000-2018,2019-2021,75,90,82.5,4,-0.002264468363698229,-0.002264468363698229,-0.0029809609240992394,-0.0034406802340233348,-0.000371763932972114,-0.002116444,-0.0032169307,-0.00015543182,0.0019789108265775264,0.8274509803921568,85,True
30--300s,train2000_2018_test2019_2021,2000-2018,2019-2021,75,90,82.5,5,-0.0038325877096823395,-0.0038325877096823395,-0.004241501254699131,-0.004374935735594403,-0.0028813261387534827,-0.0031910194,-0.0044344924,-0.0033532202,0.0016934997973142183,0.9607843137254902,85,True
30--300s,train2000_2018_test2019_2021,2000-2018,2019-2021,75,90,82.5,6,-0.004751438213658755,-0.004751438213658755,-0.005621795636301272,-0.005385139904873657,-0.0032473790998013355,-0.0043676817,-0.0057510342,-0.0038196603,0.0016533482498134145,0.9814814814814815,72,True
30--300s,train2000_2018_test2019_2021,2000-2018,2019-2021,75,90,82.5,7,-0.005906915646362255,-0.005906915646362255,-0.0070449519640623836,-0.0062569941134521,-0.004418800861572282,-0.005580883,-0.006887272,-0.0053123343,0.0017074163005029828,0.9861111111111112,72,True
30--300s,train2000_2018_test2019_2021,2000-2018,2019-2021,75,90,82.5,8,-0.005144763361124241,-0.005144763361124241,-0.004308151707508749,-0.0066869750976257,-0.004439163278238274,-0.003247837,-0.0074476413,-0.005338281,0.001467402540111057,0.976525821596244,71,True
30--300s,train2000_2018_test2019_2021,2000-2018,2019-2021,75,90,82.5,9,-0.00527822294979395,-0.00527822294979395,-0.004726846085866429,-0.006714944086427983,-0.004392878677087438,-0.0036047625,-0.007484092,-0.005279303,0.001595888411315267,0.9591836734693877,49,True
30--300s,train2000_2018_test2019_2021,2000-2018,2019-2021,75,90,82.5,10,-0.005202312875067047,-0.005202312875067047,-0.004631959047237957,-0.006602298545079794,-0.004372681032883389,-0.0035238739,-0.0073372875,-0.0052535664,0.0015533008955467872,0.9766081871345029,57,True
30--300s,train2000_2018_test2019_2021,2000-2018,2019-2021,90,105,97.5,-10,-0.00024628322235570863,-0.00024628322235570863,0.0017972227560205164,-0.002716906443268827,0.00018083402018118417,0.0019568244,-0.0022736776,0.0005487114,0.002515384425435964,0.759493670886076,79,True
30--300s,train2000_2018_test2019_2021,2000-2018,2019-2021,90,105,97.5,-9,-0.0013421805798915069,-0.0013421805798915069,-0.0005346449499479943,-0.002865324708967933,-0.0006265720807585934,-3.1027805e-05,-0.0024671026,-0.00048011894,0.0021281911259535,0.8108108108108109,74,True
30--300s,train2000_2018_test2019_2021,2000-2018,2019-2021,90,105,97.5,-8,-0.0037467157728810242,-0.0037467157728810242,-0.004600348180867205,-0.004956293324934454,-0.0016835058128414138,-0.0034969265,-0.0051921424,-0.0018269077,0.002237830854454906,0.9494949494949495,66,True
30--300s,train2000_2018_test2019_2021,2000-2018,2019-2021,90,105,97.5,-7,0.005022881614478878,0.005022881614478878,0.0038649609906616744,0.004561280475454088,0.006642403377320874,0.0037195138,0.0072115674,0.008782311,0.002526840877683094,0.928888888888889,75,True
30--300s,train2000_2018_test2019_2021,2000-2018,2019-2021,90,105,97.5,-6,0.0028088486921796565,0.0028088486921796565,0.002701316018831594,0.002862962427481065,0.002862267630226311,0.0027275388,0.004998247,0.0039655054,0.0027816160946083994,0.9156626506024096,83,True
30--300s,train2000_2018_test2019_2021,2000-2018,2019-2021,90,105,97.5,-5,0.0009424374919505821,0.0009424374919505821,-0.001583069891424412,0.003628186243528074,0.0007821961237480843,-0.00092478085,0.005995519,0.001314992,0.004034065888955841,0.8032128514056226,83,True
30--300s,train2000_2018_test2019_2021,2000-2018,2019-2021,90,105,97.5,-4,-5.880089544661007e-05,-5.880089544661007e-05,-0.003817623922260427,0.0017909838515625456,0.001850237384358051,-0.002829676,0.0036011986,0.0026759345,0.0041574817122818925,0.7533333333333333,100,True
30--300s,train2000_2018_test2019_2021,2000-2018,2019-2021,90,105,97.5,-3,-0.000460339064172745,-0.000460339064172745,-0.005435598083000928,0.0022637494334429202,0.001790831457039773,-0.0042089536,0.0042173266,0.002600237,0.0044763229315031156,0.7658730158730158,84,True
30--300s,train2000_2018_test2019_2021,2000-2018,2019-2021,90,105,97.5,-2,-0.003706599815007933,-0.003706599815007933,-0.003404064297199312,-0.0009429341828787056,-0.006772800964945783,-0.0024771278,3.8239094e-05,-0.008311898,0.0031079894717357345,0.9446064139941691,343,True
30--300s,train2000_2018_test2019_2021,2000-2018,2019-2021,90,105,97.5,-1,-0.00028196891018562436,-0.00028196891018562436,-0.00467026549429428,0.002269919457799177,0.00155443930593823,-0.003556529,0.0042253677,0.0022990163,0.004981256153678105,0.7835051546391752,97,True
30--300s,train2000_2018_test2019_2021,2000-2018,2019-2021,90,105,97.5,0,-0.004540426379237027,-0.004540426379237027,-0.008598525625429596,-0.004625951221603674,-0.0003968022906778112,-0.0069052614,-0.0047616265,-0.00018733673,0.003980642826802147,0.788135593220339,118,True
30--300s,train2000_2018_test2019_2021,2000-2018,2019-2021,90,105,97.5,1,-0.0053975739193498065,-0.0053975739193498065,-0.009976785873463982,-0.00440582457167913,-0.001810111312906305,-0.00808019,-0.0044747484,-0.0019882338,0.003187174244369613,0.9431818181818182,88,True
30--300s,train2000_2018_test2019_2021,2000-2018,2019-2021,90,105,97.5,2,-0.0070350164506916895,-0.0070350164506916895,-0.010249848447653831,-0.007998138605477871,-0.002857062298943366,-0.008312969,-0.009156406,-0.0033223021,0.0022304738385761137,1.0,108,True
30--300s,train2000_2018_test2019_2021,2000-2018,2019-2021,90,105,97.5,3,-0.007156347909463898,-0.007156347909463898,-0.009220978957818616,-0.006816726430332563,-0.005431338340240517,-0.0074358853,-0.007616739,-0.006602552,0.0020431279508185693,1.0,92,True
30--300s,train2000_2018_test2019_2021,2000-2018,2019-2021,90,105,97.5,4,-0.0017586027156761225,-0.0017586027156761225,-0.001675399745367759,-0.002561231423338768,-0.0010391769783218408,-0.0010034895,-0.0020707953,-0.0010058773,0.0017750335548603127,0.8782051282051282,104,True
30--300s,train2000_2018_test2019_2021,2000-2018,2019-2021,90,105,97.5,5,-0.0034364623894572793,-0.0034364623894572793,-0.0028233617038986927,-0.003829820702465682,-0.003656204762007464,-0.001982095,-0.0037240754,-0.0043406026,0.0018408168488593462,0.9114583333333334,64,True
30--300s,train2000_2018_test2019_2021,2000-2018,2019-2021,90,105,97.5,6,-0.004718753667344605,-0.004718753667344605,-0.004736374554790542,-0.004833541435923739,-0.004586345011319534,-0.0036128853,-0.0050321673,-0.005525826,0.0015461128987665287,0.9746376811594203,92,True
30--300s,train2000_2018_test2019_2021,2000-2018,2019-2021,90,105,97.5,7,-0.005960174411460363,-0.005960174411460363,-0.006076102203896122,-0.005939767827055671,-0.005864653203429295,-0.0047549657,-0.006473849,-0.0071546994,0.0014716448346776376,0.9948717948717949,65,True
30--300s,train2000_2018_test2019_2021,2000-2018,2019-2021,90,105,97.5,8,-0.005569608149444952,-0.005569608149444952,-0.004314484229228309,-0.006443579311152858,-0.005950760907953692,-0.0032532355,-0.0071304375,-0.007264421,0.0017641511672542999,0.9644444444444443,75,True
30--300s,train2000_2018_test2019_2021,2000-2018,2019-2021,90,105,97.5,9,-0.005148703555431356,-0.005148703555431356,-0.0038014559380269773,-0.006029529581991579,-0.005615125146275512,-0.0028158932,-0.0065908306,-0.0068367403,0.0013141153601708918,0.9714285714285714,70,True
30--300s,train2000_2018_test2019_2021,2000-2018,2019-2021,90,105,97.5,10,-0.005646829093245851,-0.005646829093245851,-0.004979490780172984,-0.006181787303767667,-0.0057792091957969026,-0.003820135,-0.006789259,-0.007045823,0.001141982111751212,0.9938271604938271,54,True
30--300s,train2000_2018_test2019_2021,2000-2018,2019-2021,105,120,112.5,-10,0.0001939933024764976,0.0001939933024764976,0.0016646436914058767,-0.0020732038595167378,0.0009905400755403537,0.0018438045,-0.0014347768,0.0015804725,0.0028245887952077263,0.7916666666666666,64,True
30--300s,train2000_2018_test2019_2021,2000-2018,2019-2021,105,120,112.5,-9,0.00011813192147462592,0.00011813192147462592,0.0019992101318112806,-0.002031986555601938,0.00038717218821453513,0.002129013,-0.0013810607,0.0008116361,0.003081342961122741,0.8075117370892018,71,True
30--300s,train2000_2018_test2019_2021,2000-2018,2019-2021,105,120,112.5,-8,-0.002498359873719749,-0.002498359873719749,-0.002161157085299209,-0.0038583955268644246,-0.0014755270089956123,-0.001417584,-0.0037613153,-0.0015618926,0.0026300512119455588,0.8541666666666666,64,True
30--300s,train2000_2018_test2019_2021,2000-2018,2019-2021,105,120,112.5,-7,0.00634087786821184,0.00634087786821184,0.005919408776423175,0.005056486288553979,0.008046738539658364,0.0054708733,0.007856941,0.010571773,0.002892508544445034,0.951111111111111,75,True
30--300s,train2000_2018_test2019_2021,2000-2018,2019-2021,105,120,112.5,-6,0.004873452990198946,0.004873452990198946,0.006787529896374793,0.0035010689070136304,0.004331760167208414,0.0062109223,0.005829855,0.005837994,0.0034782081431674436,0.9404761904761905,84,True
30--300s,train2000_2018_test2019_2021,2000-2018,2019-2021,105,120,112.5,-5,0.004787864266329,0.004787864266329,0.005124762425559056,0.004172815626756323,0.005066014746671619,0.0047934595,0.006705304,0.0067736115,0.002315427318693279,0.9629629629629629,63,True
30--300s,train2000_2018_test2019_2021,2000-2018,2019-2021,105,120,112.5,-4,0.004914658532476366,0.004914658532476366,0.0013276081661833519,0.005410095193767311,0.008006272237478433,0.001556491,0.00831778,0.01052021,0.0033573222762684337,0.8878205128205128,104,True
30--300s,train2000_2018_test2019_2021,2000-2018,2019-2021,105,120,112.5,-3,0.005967059810935988,0.005967059810935988,0.0030021027319432772,0.0062978582161388385,0.008601218484725847,0.0029839508,0.00947475,0.0112783145,0.0027922340965313604,0.9137254901960785,85,True
30--300s,train2000_2018_test2019_2021,2000-2018,2019-2021,105,120,112.5,-2,0.004977413888647577,0.004977413888647577,0.0010478150360908951,0.005936817657631527,0.007947608972220311,0.0013179752,0.009004227,0.010445459,0.0038605046616177812,0.9280303030303031,88,True
30--300s,train2000_2018_test2019_2021,2000-2018,2019-2021,105,120,112.5,-1,0.005750508185940913,0.005750508185940913,0.00270673453933812,0.006334386030610455,0.008210403987874166,0.002732158,0.009522355,0.010780323,0.0028186764119655255,0.9146341463414634,82,True
30--300s,train2000_2018_test2019_2021,2000-2018,2019-2021,105,120,112.5,0,-0.0005259551993620977,-0.0005259551993620977,-0.0016983501791896457,-0.0017440456176310202,0.0018645301987343726,-0.0010230541,-0.0010058037,0.002694147,0.002677629064653926,0.72,100,True
30--300s,train2000_2018_test2019_2021,2000-2018,2019-2021,105,120,112.5,1,-0.003106966440860679,-0.003106966440860679,-0.005369140485206593,-0.0034509422600965504,-0.0005008165772788942,-0.004152301,-0.0032303047,-0.00031987607,0.0026948651891822275,0.7958333333333333,80,True
30--300s,train2000_2018_test2019_2021,2000-2018,2019-2021,105,120,112.5,2,-0.0057398351607521585,-0.0057398351607521585,-0.007938219261893248,-0.007723482094016264,-0.001557804126346965,-0.0063423687,-0.008798462,-0.0016667335,0.0018847791890675178,0.9759036144578314,83,True
30--300s,train2000_2018_test2019_2021,2000-2018,2019-2021,105,120,112.5,3,-0.0068672923085460556,-0.0068672923085460556,-0.00957013566079825,-0.0065317607477495595,-0.004499980517090356,-0.007733532,-0.0072453595,-0.0054157767,0.0015761873928280133,1.0,94,True
30--300s,train2000_2018_test2019_2021,2000-2018,2019-2021,105,120,112.5,4,-0.0019125332446607679,-0.0019125332446607679,-0.0031719014227218427,-0.0023205067596410328,-0.0002451915516194273,-0.0022792155,-0.0017570726,5.85196e-06,0.0015596771953731783,0.8199233716475095,87,True
30--300s,train2000_2018_test2019_2021,2000-2018,2019-2021,105,120,112.5,5,-0.003297600880887729,-0.003297600880887729,-0.004178847395901876,-0.003181945547580539,-0.0025320096991807727,-0.003137609,-0.0028797367,-0.0029081067,0.001825363014382569,0.9,70,True
30--300s,train2000_2018_test2019_2021,2000-2018,2019-2021,105,120,112.5,6,-0.0048163789307409015,-0.0048163789307409015,-0.006463768497168134,-0.004313380399612701,-0.0036719878954418693,-0.0050854404,-0.004354271,-0.0043607145,0.0017339636870985805,0.9933333333333333,50,True
30--300s,train2000_2018_test2019_2021,2000-2018,2019-2021,105,120,112.5,7,-0.005948446139898847,-0.005948446139898847,-0.007210649835120615,-0.005477340550895386,-0.005157348033680541,-0.0057221362,-0.005871194,-0.006253422,0.0017356168271671817,0.9955555555555556,75,True
30--300s,train2000_2018_test2019_2021,2000-2018,2019-2021,105,120,112.5,8,-0.005503009832820856,-0.005503009832820856,-0.0056530103058785065,-0.005661015985132316,-0.005195003207451745,-0.004394292,-0.0061105676,-0.0063014035,0.0016806426490444818,0.9824561403508771,57,True
30--300s,train2000_2018_test2019_2021,2000-2018,2019-2021,105,120,112.5,9,-0.005612571844175009,-0.005612571844175009,-0.005808656618619404,-0.005817500718499584,-0.005211558195406037,-0.004526976,-0.006314505,-0.0063224984,0.0018234421094582304,0.9883040935672515,57,True
30--300s,train2000_2018_test2019_2021,2000-2018,2019-2021,105,120,112.5,10,-0.005565340811998417,-0.005565340811998417,-0.005948309397361337,-0.005787186662371332,-0.00496052637626258,-0.0046460256,-0.0062749987,-0.0060026236,0.002136640223816527,0.990990990990991,37,True
30--300s,train2000_2018_test2019_2021,2000-2018,2019-2021,120,135,127.5,-10,0.0004847835896675451,0.0004847835896675451,0.0025034604253610505,-0.0019601562300865854,0.0009110465737281704,0.0025588723,-0.0012874483,0.0014791786,0.00247000785352201,0.7777777777777778,54,True
30--300s,train2000_2018_test2019_2021,2000-2018,2019-2021,120,135,127.5,-9,-0.00047516956075051666,-0.00047516956075051666,0.000539413743361011,-0.002363350923144069,0.00039842849753150833,0.00088457734,-0.001812909,0.00082597934,0.002003896363223832,0.7244444444444443,75,True
30--300s,train2000_2018_test2019_2021,2000-2018,2019-2021,120,135,127.5,-8,-0.0022619900738219683,-0.0022619900738219683,-0.0012754503889856352,-0.004178059632509469,-0.0013324601999708003,-0.0006625438,-0.004177915,-0.0013795908,0.0024993041751376196,0.8508771929824562,76,True
30--300s,train2000_2018_test2019_2021,2000-2018,2019-2021,120,135,127.5,-7,0.005329372653958725,0.005329372653958725,0.004022074055392725,0.004287122260117234,0.007678921646366215,0.0038534484,0.0068542734,0.010103086,0.002469304424935409,0.9333333333333332,70,True
30--300s,train2000_2018_test2019_2021,2000-2018,2019-2021,120,135,127.5,-6,0.0033008180553120744,0.0033008180553120744,0.003247243780680465,0.003606012140273295,0.0030491982449824635,0.003192927,0.005966621,0.0042037005,0.003911100193457458,0.9438202247191011,89,True
30--300s,train2000_2018_test2019_2021,2000-2018,2019-2021,120,135,127.5,-5,0.0019780207777140174,0.0019780207777140174,0.0004972994643148863,0.0036587395986228686,0.0017780232702042974,0.000848676,0.0060353377,0.0025839163,0.004154072066614328,0.9166666666666667,76,True
30--300s,train2000_2018_test2019_2021,2000-2018,2019-2021,120,135,127.5,-4,0.002614712825245588,0.002614712825245588,-0.0024974089411945325,0.0053202657254879425,0.005021281691443354,-0.0017042295,0.00820071,0.006716611,0.004239561192503825,0.8315789473684211,95,True
30--300s,train2000_2018_test2019_2021,2000-2018,2019-2021,120,135,127.5,-3,0.0030098173533917635,0.0030098173533917635,-0.0017283956165958353,0.005958289881839437,0.0047995577949316885,-0.001048667,0.00903221,0.006434081,0.004131228976942599,0.8333333333333333,100,True
30--300s,train2000_2018_test2019_2021,2000-2018,2019-2021,120,135,127.5,-2,0.0023421042048814484,0.0023421042048814484,-0.0031490925506029634,0.005512928831145664,0.004662476334101644,-0.0022597716,0.008451797,0.006259406,0.004611278376677711,0.8362068965517241,116,True
30--300s,train2000_2018_test2019_2021,2000-2018,2019-2021,120,135,127.5,-1,0.003508603702420543,0.003508603702420543,-0.0008214807564313521,0.006147769996891901,0.005199521866801079,-0.00027554733,0.009279149,0.0069437316,0.003680782752008782,0.8291666666666666,80,True
30--300s,train2000_2018_test2019_2021,2000-2018,2019-2021,120,135,127.5,0,-0.0017385447744616281,-0.0017385447744616281,-0.003642174187016715,-0.0020520067605584685,0.0004785466241902991,-0.0026801098,-0.0014071519,0.0009280692,0.0034969342681148057,0.7920792079207921,101,True
30--300s,train2000_2018_test2019_2021,2000-2018,2019-2021,120,135,127.5,1,-0.002605807513549359,-0.002605807513549359,-0.004514259090397158,-0.0028513951756187726,-0.00045176827463214744,-0.003423538,-0.0024489493,-0.00025737667,0.002615451707690541,0.7901234567901234,81,True
30--300s,train2000_2018_test2019_2021,2000-2018,2019-2021,120,135,127.5,2,-0.005217954201704447,-0.005217954201704447,-0.007229506855622404,-0.006676927889637142,-0.0017474278598537958,-0.005738211,-0.0074345474,-0.0019083599,0.002409736098560737,0.9782608695652174,92,True
30--300s,train2000_2018_test2019_2021,2000-2018,2019-2021,120,135,127.5,3,-0.005226135459078501,-0.005226135459078501,-0.007674551937224276,-0.005394373372850001,-0.0026094810671612265,-0.0061175996,-0.0057630674,-0.0030068238,0.0016434342214946714,1.0,71,True
30--300s,train2000_2018_test2019_2021,2000-2018,2019-2021,120,135,127.5,4,-0.0010070232740757904,-0.0010070232740757904,-0.002227444881220163,-0.00137031788777747,0.0005766929467702615,-0.0014740926,-0.0005187457,0.0010531313,0.0017073709911943674,0.7698412698412699,84,True
30--300s,train2000_2018_test2019_2021,2000-2018,2019-2021,120,135,127.5,5,-0.0021320659520222386,-0.0021320659520222386,-0.004260649976410425,-0.0020774428673468563,-5.810501230943523e-05,-0.0032073432,-0.0014403013,0.00024424537,0.0016948471257745344,0.7866666666666666,75,True
30--300s,train2000_2018_test2019_2021,2000-2018,2019-2021,120,135,127.5,6,-0.0035527537588186434,-0.0035527537588186434,-0.005948539547610944,-0.0033264060903532267,-0.0013833156384917605,-0.004646222,-0.0030680038,-0.001444393,0.0016786294827158734,0.9714285714285714,70,True
30--300s,train2000_2018_test2019_2021,2000-2018,2019-2021,120,135,127.5,7,-0.004141438246914599,-0.004141438246914599,-0.005300941852706328,-0.004222135599592288,-0.00290123728844518,-0.004094163,-0.004235357,-0.0033785917,0.0013633498236625486,0.9890710382513661,61,True
30--300s,train2000_2018_test2019_2021,2000-2018,2019-2021,120,135,127.5,8,-0.003950896109285923,-0.003950896109285923,-0.004741327681486979,-0.0043302031494121904,-0.0027811574969585995,-0.0036171074,-0.0043761954,-0.003225581,0.0014681198115839283,0.9671361502347419,71,True
30--300s,train2000_2018_test2019_2021,2000-2018,2019-2021,120,135,127.5,9,-0.004803164287475203,-0.004803164287475203,-0.006168287547003585,-0.004924906262217935,-0.003316299053204091,-0.004833551,-0.005151238,-0.0039074803,0.001555475657335558,0.9925925925925926,45,True
30--300s,train2000_2018_test2019_2021,2000-2018,2019-2021,120,135,127.5,10,-0.00441932702090343,-0.00441932702090343,-0.005504689291749364,-0.004732771697365929,-0.0030205200735949956,-0.0042678523,-0.0049008396,-0.0035305868,0.001659928877295979,0.9629629629629629,54,True
30--300s,train2000_2018_test2019_2021,2000-2018,2019-2021,135,150,142.5,-10,0.0006545310983786095,0.0006545310983786095,0.0020328336097892668,-0.0013204417265861598,0.0012512014119327212,0.0021576763,-0.00045374493,0.0019126179,0.002189196593265458,0.753623188405797,46,True
30--300s,train2000_2018_test2019_2021,2000-2018,2019-2021,135,150,142.5,-9,2.7165946376544247e-05,2.7165946376544247e-05,0.000985857695987815,-0.0013985631714187065,0.0004942033145605241,0.0012651583,-0.00055555615,0.00094801956,0.0019899036964000118,0.7384615384615385,65,True
30--300s,train2000_2018_test2019_2021,2000-2018,2019-2021,135,150,142.5,-8,-0.002235665765128212,-0.002235665765128212,-0.0018793165602104176,-0.003908162160727329,-0.0009195185744468898,-0.0011773229,-0.003826173,-0.00085340353,0.0023734143316792118,0.8524590163934426,61,True
30--300s,train2000_2018_test2019_2021,2000-2018,2019-2021,135,150,142.5,-7,0.005006701140140602,0.005006701140140602,0.004330467437120038,0.003992114919905425,0.006697521063396344,0.0041163447,0.006469807,0.008852544,0.0036773898498739088,0.927710843373494,83,True
30--300s,train2000_2018_test2019_2021,2000-2018,2019-2021,135,150,142.5,-6,0.002492343574676067,0.002492343574676067,0.0030274901592773984,0.0020458349204547665,0.0024037056442960353,0.0030055933,0.0039333315,0.0033811869,0.0037409395234015647,0.9404761904761905,56,True
30--300s,train2000_2018_test2019_2021,2000-2018,2019-2021,135,150,142.5,-5,0.0016623325463049686,0.0016623325463049686,0.0001765082292630268,0.0032176464633135336,0.0015928429463383446,0.0005752105,0.0054604863,0.0023479518,0.00363038806048724,0.8703703703703703,90,True
30--300s,train2000_2018_test2019_2021,2000-2018,2019-2021,135,150,142.5,-4,0.002706373642914777,0.002706373642914777,-0.0020149787794782534,0.0054376965790775235,0.004696403129145061,-0.0012929711,0.008353751,0.0063026375,0.003261278672094232,0.8008130081300814,82,True
30--300s,train2000_2018_test2019_2021,2000-2018,2019-2021,135,150,142.5,-3,0.0027119493361073043,0.0027119493361073043,-0.002082081821889883,0.005819577347030726,0.00439835248318107,-0.0013501745,0.008851434,0.0059228484,0.004424915667802241,0.8226950354609929,94,True
30--300s,train2000_2018_test2019_2021,2000-2018,2019-2021,135,150,142.5,-2,0.0028376783176157785,0.0028376783176157785,-0.002249484818083592,0.005964498319715555,0.004798021451215372,-0.0014928811,0.009040302,0.006432123,0.003642641821899088,0.8117647058823529,85,True
30--300s,train2000_2018_test2019_2021,2000-2018,2019-2021,135,150,142.5,-1,0.00318379935704377,0.00318379935704377,-0.0014585166441505146,0.005529143983037161,0.005480770732244663,-0.0008186027,0.008472929,0.0073021105,0.0027232369209944937,0.8043478260869565,92,True
30--300s,train2000_2018_test2019_2021,2000-2018,2019-2021,135,150,142.5,0,-0.0009341956361117674,-0.0009341956361117674,-0.0025758713614994154,-0.001002720779079507,0.00077600523224362,-0.0017711165,-3.967736e-05,0.0013071033,0.0036104931781476535,0.7927170868347339,119,True
30--300s,train2000_2018_test2019_2021,2000-2018,2019-2021,135,150,142.5,1,-0.0024453866945128703,-0.0024453866945128703,-0.004461719270369892,-0.0013659486431462015,-0.0015084921700225175,-0.0033787494,-0.0005130515,-0.0016038981,0.003497943282802494,0.7967479674796747,82,True
30--300s,train2000_2018_test2019_2021,2000-2018,2019-2021,135,150,142.5,2,-0.004342501924872258,-0.004342501924872258,-0.0062381911458862785,-0.00524423672858158,-0.0015450779001489167,-0.004893142,-0.005567403,-0.0016505171,0.002688276675063229,0.9725490196078432,85,True
30--300s,train2000_2018_test2019_2021,2000-2018,2019-2021,135,150,142.5,3,-0.005483042648959685,-0.005483042648959685,-0.007898263959829744,-0.00561551042598929,-0.0029353535610600182,-0.006308308,-0.006051263,-0.003422064,0.00207727820218521,1.0,96,True
30--300s,train2000_2018_test2019_2021,2000-2018,2019-2021,135,150,142.5,4,-0.0015258268691179587,-0.0015258268691179587,-0.0036082532557605482,-0.001499418933117209,0.0005301915815238812,-0.0026511932,-0.0006869957,0.0009938774,0.0022287412402609906,0.7777777777777778,78,True
30--300s,train2000_2018_test2019_2021,2000-2018,2019-2021,135,150,142.5,5,-0.0017476531915089114,-0.0017476531915089114,-0.003462987449164779,-0.0017430204382586018,-3.695168710335279e-05,-0.0025273582,-0.0010044676,0.00027119982,0.0016231899155636788,0.8108108108108109,74,True
30--300s,train2000_2018_test2019_2021,2000-2018,2019-2021,135,150,142.5,6,-0.0028883035186919146,-0.0028883035186919146,-0.004571287484083825,-0.0029161535718272243,-0.0011774695001646944,-0.0034721529,-0.002533345,-0.0011820953,0.0014225090086351026,0.9642857142857143,84,True
30--300s,train2000_2018_test2019_2021,2000-2018,2019-2021,135,150,142.5,7,-0.004027459693547265,-0.004027459693547265,-0.005553581095401943,-0.003858372562274466,-0.002670425422965387,-0.004309531,-0.0037612852,-0.0030844817,0.0009034969721768249,1.0,66,True
30--300s,train2000_2018_test2019_2021,2000-2018,2019-2021,135,150,142.5,8,-0.0037103282976938836,-0.0037103282976938836,-0.004422703494156622,-0.004040724380836158,-0.00266755701808887,-0.0033454893,-0.003998934,-0.0030808267,0.0013496635953581038,0.9671361502347419,71,True
30--300s,train2000_2018_test2019_2021,2000-2018,2019-2021,135,150,142.5,9,-0.00405019667979043,-0.00405019667979043,-0.005502159069244821,-0.00406365136542503,-0.0025847796047014384,-0.0042656953,-0.0040288134,-0.0029753482,0.001294866574930119,0.9939393939393939,55,True
30--300s,train2000_2018_test2019_2021,2000-2018,2019-2021,135,150,142.5,10,-0.003871105866097508,-0.003871105866097508,-0.004985801795789414,-0.00407981367508681,-0.0025477021274163,-0.003825515,-0.0040498767,-0.0029281026,0.0012907104863332458,0.9774011299435028,59,True
30--300s,train2000_2018_test2019_2021,2000-2018,2019-2021,150,165,157.5,-10,0.0008631750456949625,0.0008631750456949625,0.002778902448810915,-0.0016373957806767223,0.001448018468950695,0.002793679,-0.00086681306,0.0021634104,0.002139192607880439,0.781094527363184,67,True
30--300s,train2000_2018_test2019_2021,2000-2018,2019-2021,150,165,157.5,-9,-0.000787970984595809,-0.000787970984595809,-0.00023257104710645857,-0.0028377141488362036,0.000706372242155235,0.00022648177,-0.0024311193,0.0012183741,0.0024013088275043767,0.7333333333333333,50,True
30--300s,train2000_2018_test2019_2021,2000-2018,2019-2021,150,165,157.5,-8,-0.0023719226972547768,-0.0023719226972547768,-0.0021042134478761044,-0.004120818320880227,-0.0008907363230079989,-0.0013690412,-0.004103316,-0.00081672793,0.002848162701070801,0.805243445692884,89,True
30--300s,train2000_2018_test2019_2021,2000-2018,2019-2021,150,165,157.5,-7,0.004788283760231134,0.004788283760231134,0.0036756430720559204,0.003573450200101623,0.007115758008535859,0.0035581253,0.0059241853,0.00938548,0.003410516180872412,0.9130434782608695,69,True
30--300s,train2000_2018_test2019_2021,2000-2018,2019-2021,150,165,157.5,-6,0.0027462157236571526,0.0027462157236571526,0.0029255484577692995,0.0020741153171971007,0.003238983396005058,0.0029186907,0.003970187,0.0044455323,0.003340828588317957,0.9348659003831417,87,True
30--300s,train2000_2018_test2019_2021,2000-2018,2019-2021,150,165,157.5,-5,0.0024045222795804856,0.0024045222795804856,0.0001310367614772821,0.003373046314787429,0.0037094837624767458,0.0005364473,0.00566301,0.0050450633,0.003297644061415688,0.8735632183908046,87,True
30--300s,train2000_2018_test2019_2021,2000-2018,2019-2021,150,165,157.5,-4,0.0030824589190657985,0.0030824589190657985,-0.0009988541320189572,0.004459760905441109,0.0057864699837752425,-0.00042675316,0.007079263,0.007691645,0.0036052241665919037,0.8495934959349594,82,True
30--300s,train2000_2018_test2019_2021,2000-2018,2019-2021,150,165,157.5,-3,0.004431698440432919,0.004431698440432919,0.001499657833638268,0.005351708713332219,0.006443728774328268,0.0017031587,0.008241688,0.008529152,0.0034593731462295397,0.9054726368159204,67,True
30--300s,train2000_2018_test2019_2021,2000-2018,2019-2021,150,165,157.5,-2,0.0031581397399439637,0.0031581397399439637,-0.0014809748758934345,0.005075096166965271,0.0058802979287600554,-0.0008377477,0.007881194,0.007811205,0.0029785495829904,0.83,100,True
30--300s,train2000_2018_test2019_2021,2000-2018,2019-2021,150,165,157.5,-1,0.0027403344172056017,0.0027403344172056017,-0.0011647991331982788,0.0040054136350319396,0.005380388749783147,-0.0005682167,0.006487138,0.0071741994,0.004233010540927669,0.8723404255319149,94,True
30--300s,train2000_2018_test2019_2021,2000-2018,2019-2021,150,165,157.5,0,0.0007126763207446967,0.0007126763207446967,-0.0005257900235740854,5.2924472963544506e-05,0.0026108945128446317,-2.3479226e-05,0.0013360849,0.0036451954,0.0037106734913763136,0.8202614379084968,102,True
30--300s,train2000_2018_test2019_2021,2000-2018,2019-2021,150,165,157.5,1,-0.0014268356148368468,-0.0014268356148368468,-0.00292727747450674,-0.0010981692122856183,-0.00025506015771818225,-0.0020706805,-0.00016406986,-6.7230276e-06,0.0034270769433241135,0.7956989247311828,93,True
30--300s,train2000_2018_test2019_2021,2000-2018,2019-2021,150,165,157.5,2,-0.004017557692516003,-0.004017557692516003,-0.0054886477411432875,-0.004862095935502533,-0.0017019294009021858,-0.004254177,-0.0050693806,-0.0018503838,0.002411645277446956,0.9579288025889968,103,True
30--300s,train2000_2018_test2019_2021,2000-2018,2019-2021,150,165,157.5,3,-0.005094151960812473,-0.005094151960812473,-0.0075067606415168625,-0.005071883290457744,-0.0027038119504628148,-0.0059745624,-0.0053427843,-0.0031270243,0.0014594623079954864,0.9953703703703705,72,True
30--300s,train2000_2018_test2019_2021,2000-2018,2019-2021,150,165,157.5,4,-0.001037129476606524,-0.001037129476606524,-0.002917205478424136,-0.000996508240429418,0.000802325289033982,-0.0020620942,-3.1580916e-05,0.0013406414,0.0016142493127235121,0.7738095238095237,56,True
30--300s,train2000_2018_test2019_2021,2000-2018,2019-2021,150,165,157.5,5,-0.0015906551718511109,-0.0015906551718511109,-0.0032396238462138694,-0.0014588508510334395,-7.349081830602359e-05,-0.002336947,-0.0006341256,0.00022464014,0.0011771419745445588,0.812206572769953,71,True
30--300s,train2000_2018_test2019_2021,2000-2018,2019-2021,150,165,157.5,6,-0.003160237430685918,-0.003160237430685918,-0.005574784439952821,-0.0027327926247468484,-0.001173135227358084,-0.0043276064,-0.0022943811,-0.0011765724,0.0014584460724129744,0.975,80,True
30--300s,train2000_2018_test2019_2021,2000-2018,2019-2021,150,165,157.5,7,-0.004226543240701302,-0.004226543240701302,-0.006126141679260166,-0.003835706113881888,-0.0027177819289618496,-0.004797623,-0.0037317455,-0.0031448253,0.0011636238310244237,1.0,75,True
30--300s,train2000_2018_test2019_2021,2000-2018,2019-2021,150,165,157.5,8,-0.003952760845086803,-0.003952760845086803,-0.004694612481730173,-0.004358868385467132,-0.002804801668063104,-0.0035772843,-0.004413553,-0.0032557093,0.001733333317836003,0.9466666666666668,50,True
30--300s,train2000_2018_test2019_2021,2000-2018,2019-2021,150,165,157.5,9,-0.003712203826921397,-0.003712203826921397,-0.004218440294749628,-0.004225591457023387,-0.0026925797289911765,-0.0031713608,-0.004239861,-0.0031127115,0.001242364450300348,0.9777777777777777,45,True
30--300s,train2000_2018_test2019_2021,2000-2018,2019-2021,150,165,157.5,10,-0.004560935418477421,-0.004560935418477421,-0.006893377571328286,-0.004172028997128081,-0.0026173996869758957,-0.00545167,-0.004170056,-0.0030169142,0.0016917757021601327,0.983739837398374,41,True
30--300s,train2000_2018_test2019_2021,2000-2018,2019-2021,165,180,172.5,-10,0.00046183532389003785,0.00046183532389003785,0.0021489574739914363,-0.002281323065913526,0.001517871563592203,0.0022566684,-0.0017060067,0.00225242,0.002749022136701174,0.8011695906432749,57,True
30--300s,train2000_2018_test2019_2021,2000-2018,2019-2021,165,180,172.5,-9,-0.00012641222977227904,-0.00012641222977227904,0.0011741832065109345,-0.0027163615923887423,0.0011629416965609708,0.0014257006,-0.0022729677,0.0018001538,0.0026466061712875017,0.7708333333333333,64,True
30--300s,train2000_2018_test2019_2021,2000-2018,2019-2021,165,180,172.5,-8,-0.002474857152422253,-0.002474857152422253,-0.0021656078992766136,-0.0048762399042929765,-0.0003827236536971695,-0.0014213782,-0.005087814,-0.00016939716,0.002778376452458954,0.8070175438596491,57,True
30--300s,train2000_2018_test2019_2021,2000-2018,2019-2021,165,180,172.5,-7,0.006033133461110135,0.006033133461110135,0.005825311142621823,0.004158103059751622,0.00811598618095696,0.0053906576,0.00668613,0.010660011,0.002729855906300445,0.9420289855072463,69,True
30--300s,train2000_2018_test2019_2021,2000-2018,2019-2021,165,180,172.5,-6,0.0033635100821114115,0.0033635100821114115,0.004676522919505214,0.0021864344163846443,0.003227572910444375,0.0044113477,0.0041165664,0.0044309925,0.0027225036853053977,0.9100529100529101,63,True
30--300s,train2000_2018_test2019_2021,2000-2018,2019-2021,165,180,172.5,-5,0.003423128161841204,0.003423128161841204,0.0011276371316628379,0.003601722894960885,0.005540024458899888,0.0013860214,0.005961031,0.0073776143,0.0037779633701927663,0.8875968992248061,86,True
30--300s,train2000_2018_test2019_2021,2000-2018,2019-2021,165,180,172.5,-4,0.005453391206544019,0.005453391206544019,0.0029481830046704867,0.005211201754307589,0.00820078886065398,0.002937986,0.008058573,0.010768071,0.0022774909993355558,0.892018779342723,71,True
30--300s,train2000_2018_test2019_2021,2000-2018,2019-2021,165,180,172.5,-3,0.0046604208335421105,0.0046604208335421105,0.0014887751741737229,0.005143147279167339,0.00734934004728527,0.0016938816,0.007969881,0.009683119,0.004058479635329261,0.9037037037037037,90,True
30--300s,train2000_2018_test2019_2021,2000-2018,2019-2021,165,180,172.5,-2,0.003982014092017841,0.003982014092017841,0.0001518732890267124,0.004862813316409327,0.006931355670617482,0.00055420987,0.0076045385,0.009150506,0.003820433559085992,0.8932038834951457,103,True
30--300s,train2000_2018_test2019_2021,2000-2018,2019-2021,165,180,172.5,-1,0.005166182285299384,0.005166182285299384,0.002955576906055249,0.00478034455686135,0.0077626253929815505,0.002944289,0.0074970615,0.010209745,0.002843807237687296,0.9432624113475178,94,True
30--300s,train2000_2018_test2019_2021,2000-2018,2019-2021,165,180,172.5,0,0.0019521461102076567,0.0019521461102076567,0.0006221509210801443,0.0003559842143767118,0.004878303195166114,0.0009551084,0.0017310452,0.0065344214,0.0031734545826446435,0.8233333333333333,100,True
30--300s,train2000_2018_test2019_2021,2000-2018,2019-2021,165,180,172.5,1,0.000444059565585666,0.000444059565585666,-0.0004386992420407239,-0.0005914609884424606,0.0023623389272401825,5.076324e-05,0.00049629406,0.0033284756,0.002671814263346817,0.7725490196078432,85,True
30--300s,train2000_2018_test2019_2021,2000-2018,2019-2021,165,180,172.5,2,-0.003327824875739776,-0.003327824875739776,-0.0038123425989429714,-0.00466422882013591,-0.001506903208140446,-0.0028251738,-0.004811512,-0.0016018733,0.0022930143875605825,0.9233333333333333,100,True
30--300s,train2000_2018_test2019_2021,2000-2018,2019-2021,165,180,172.5,3,-0.004294766630754524,-0.004294766630754524,-0.005350002584563129,-0.004995778459684494,-0.002538518848015951,-0.0041359863,-0.0052436013,-0.0029164008,0.001550438909094383,0.991111111111111,75,True
30--300s,train2000_2018_test2019_2021,2000-2018,2019-2021,165,180,172.5,4,-0.0007131562919128039,-0.0007131562919128039,-0.0022552551695904943,-0.0008354352208810281,0.0009512215147331111,-0.0014978001,0.00017833636,0.0015303711,0.0015665854061232573,0.7342342342342342,74,True
30--300s,train2000_2018_test2019_2021,2000-2018,2019-2021,165,180,172.5,5,-0.0022323573446901964,-0.0022323573446901964,-0.0050157365023111794,-0.0018021422355649589,0.00012080670380554888,-0.0038510333,-0.0010815178,0.00047222213,0.0014644898222148906,0.8088235294117647,68,True
30--300s,train2000_2018_test2019_2021,2000-2018,2019-2021,165,180,172.5,6,-0.0031366085188772653,-0.0031366085188772653,-0.005646946655938572,-0.0028516471758539825,-0.0009112317248392422,-0.0043891226,-0.0024492776,-0.0008428441,0.0014293558268237939,0.9523809523809524,70,True
30--300s,train2000_2018_test2019_2021,2000-2018,2019-2021,165,180,172.5,7,-0.004471953580775351,-0.004471953580775351,-0.006455148521827318,-0.004208569354778644,-0.0027521428657200932,-0.005078092,-0.004217677,-0.0031886094,0.0015457103178222536,0.9933333333333333,50,True
30--300s,train2000_2018_test2019_2021,2000-2018,2019-2021,165,180,172.5,8,-0.004007080976282302,-0.004007080976282302,-0.0054891300695374375,-0.004118685351950174,-0.002413427507359296,-0.0042545884,-0.0041005365,-0.0027570042,0.0015848756426900016,0.9908675799086757,73,True
30--300s,train2000_2018_test2019_2021,2000-2018,2019-2021,165,180,172.5,9,-0.004019786498987082,-0.004019786498987082,-0.0054999502832868445,-0.004173042311393072,-0.0023863669022813265,-0.004263812,-0.0041713766,-0.0027225227,0.0013824583990811813,0.9858156028368795,47,True
30--300s,train2000_2018_test2019_2021,2000-2018,2019-2021,165,180,172.5,10,-0.004279052991332986,-0.004279052991332986,-0.006013275885115242,-0.0043186289652250385,-0.0025052541236586785,-0.004701408,-0.004361111,-0.0028740135,0.0014888575010491582,0.9814814814814815,54,True
30--300s,train2000_2018_test2019_2021,2000-2018,2019-2021,180,195,187.5,-10,0.0003350668685857067,0.0003350668685857067,0.002591766499318859,-0.003339308334794414,0.0017527424412326752,0.002634151,-0.0030848186,0.0025517025,0.0025676293951249745,0.7469135802469135,54,True
30--300s,train2000_2018_test2019_2021,2000-2018,2019-2021,180,195,187.5,-9,-0.0004288050986475659,-0.0004288050986475659,0.0016241153532475607,-0.003788135064742733,0.0008776044155524745,0.0018092551,-0.003669749,0.0014365652,0.0025258531970346857,0.7238095238095238,70,True
30--300s,train2000_2018_test2019_2021,2000-2018,2019-2021,180,195,187.5,-8,-0.002521105590464053,-0.002521105590464053,-0.0009881514541261857,-0.005598404103585254,-0.00097676121368072,-0.0004176295,-0.006028969,-0.0009263445,0.0030162654876161508,0.7990196078431372,68,True
30--300s,train2000_2018_test2019_2021,2000-2018,2019-2021,180,195,187.5,-7,0.00471646898068946,0.00471646898068946,0.004232700326105484,0.0030234608600471073,0.00689324575591579,0.004033001,0.0052074157,0.009101945,0.0031742207600520046,0.8728070175438596,76,True
30--300s,train2000_2018_test2019_2021,2000-2018,2019-2021,180,195,187.5,-6,0.0034716970352485937,0.0034716970352485937,0.005011460709443438,0.0017401176842394782,0.0036635127120628655,0.0046968726,0.0035349075,0.004986485,0.0033037311625632964,0.8773946360153256,87,True
30--300s,train2000_2018_test2019_2021,2000-2018,2019-2021,180,195,187.5,-5,0.002733641787347928,0.002733641787347928,0.0009115869852103504,0.0027633363767923655,0.004526002000041068,0.0012018447,0.00486841,0.006085505,0.0030846415655760152,0.8734177215189873,79,True
30--300s,train2000_2018_test2019_2021,2000-2018,2019-2021,180,195,187.5,-4,0.0028142280984934393,0.0028142280984934393,0.0007704590014636106,0.0028563108360641757,0.004815914457952531,0.001081537,0.0049895784,0.0064549227,0.003227693681965793,0.8863636363636364,88,True
30--300s,train2000_2018_test2019_2021,2000-2018,2019-2021,180,195,187.5,-3,0.0029952004730470373,0.0029952004730470373,0.00045701757983592596,0.003414224107687535,0.00511435973161765,0.0008143369,0.005716675,0.0068352143,0.0030826389093951438,0.8851851851851852,90,True
30--300s,train2000_2018_test2019_2021,2000-2018,2019-2021,180,195,187.5,-2,0.0029568736363291986,0.0029568736363291986,0.0002923024504844539,0.003516774651268902,0.0050615438072342395,0.00067392184,0.005850323,0.0067679146,0.003146816073087385,0.8888888888888888,114,True
30--300s,train2000_2018_test2019_2021,2000-2018,2019-2021,180,195,187.5,-1,0.002342733066993378,0.002342733066993378,-0.00011805740240655717,0.002337679755203078,0.004808576848183613,0.00032410148,0.004313676,0.0064455736,0.003387809564291364,0.8771929824561403,95,True
30--300s,train2000_2018_test2019_2021,2000-2018,2019-2021,180,195,187.5,0,0.00043476098422920754,0.00043476098422920754,-0.00010866502577130727,-0.0017858677951811347,0.0031988157736400646,0.0003321082,-0.0010603082,0.0043943487,0.003448781553771316,0.8174603174603176,84,True
30--300s,train2000_2018_test2019_2021,2000-2018,2019-2021,180,195,187.5,1,-0.00035823798945125196,-0.00035823798945125196,-0.0014440226603506278,-0.0015944531778266868,0.0019637618698235583,-0.000806247,-0.0008108484,0.0028205921,0.0026249290797097503,0.7389558232931727,83,True
30--300s,train2000_2018_test2019_2021,2000-2018,2019-2021,180,195,187.5,2,-0.0031114115508059704,-0.0031114115508059704,-0.004719056040263764,-0.00346294061949227,-0.0011522379926618778,-0.0035981217,-0.0032459416,-0.0011499443,0.0024861593192378765,0.8775510204081632,98,True
30--300s,train2000_2018_test2019_2021,2000-2018,2019-2021,180,195,187.5,3,-0.003977771790152518,-0.003977771790152518,-0.005573120617373927,-0.004316120272007433,-0.0020440744810761935,-0.004326188,-0.004357842,-0.0022863592,0.0017627667889912719,0.9547325102880658,81,True
30--300s,train2000_2018_test2019_2021,2000-2018,2019-2021,180,195,187.5,4,-0.000716014514428225,-0.000716014514428225,-0.002483397152429996,-0.0007393118620262488,0.0010746654711715695,-0.0016922848,0.00030360845,0.0016876685,0.0015623520192652395,0.7739463601532567,87,True
30--300s,train2000_2018_test2019_2021,2000-2018,2019-2021,180,195,187.5,5,-0.0021829335787025422,-0.0021829335787025422,-0.00484480126338565,-0.0019195695002929467,0.0002155700275709704,-0.003705316,-0.001234554,0.0005929735,0.0017033380132496206,0.8108108108108109,74,True
30--300s,train2000_2018_test2019_2021,2000-2018,2019-2021,180,195,187.5,6,-0.0026603923821447253,-0.0026603923821447253,-0.005365616385073388,-0.0025522893863492973,-6.327137501149005e-05,-0.0041492963,-0.0020591416,0.00023766219,0.0012440680022631709,0.8238095238095238,70,True
30--300s,train2000_2018_test2019_2021,2000-2018,2019-2021,180,195,187.5,7,-0.0038240910265673923,-0.0038240910265673923,-0.006462895413378096,-0.0034976102832991263,-0.0015117673830249544,-0.005084696,-0.0032911245,-0.0016080715,0.0010038440340235277,0.9942528735632183,58,True
30--300s,train2000_2018_test2019_2021,2000-2018,2019-2021,180,195,187.5,8,-0.0032932834850455278,-0.0032932834850455278,-0.0038608291788076424,-0.004341609112935506,-0.001677412163393436,-0.002866507,-0.0043910597,-0.0018191431,0.0012621805005595065,0.9653679653679653,77,True
30--300s,train2000_2018_test2019_2021,2000-2018,2019-2021,180,195,187.5,9,-0.00380173423732596,-0.00380173423732596,-0.005162484689521134,-0.004432411934063592,-0.0018103060883931533,-0.0039761323,-0.004509398,-0.001988482,0.0014007255599992943,0.9830508474576272,59,True
30--300s,train2000_2018_test2019_2021,2000-2018,2019-2021,180,195,187.5,10,-0.003720485606813537,-0.003720485606813537,-0.0054063871369976375,-0.0040659696176453325,-0.001689100065797641,-0.0041840523,-0.0040318347,-0.0018340362,0.001274629275198258,0.9871794871794872,52,True
30--300s,train2000_2018_test2019_2021,2000-2018,2019-2021,195,210,202.5,-10,-0.00020463478838595052,-0.00020463478838595052,0.0009631935337208816,-0.003667819536346361,0.0020907216374676275,0.0012458378,-0.0035129485,0.0029823694,0.0024289727804387745,0.7213114754098361,61,True
30--300s,train2000_2018_test2019_2021,2000-2018,2019-2021,195,210,202.5,-9,-0.0004126630250602104,-0.0004126630250602104,0.0003960130959866313,-0.0029386462793689013,0.0013046441082016388,0.00076233223,-0.0025626586,0.0019807168,0.0027234327200752607,0.7241379310344828,58,True
30--300s,train2000_2018_test2019_2021,2000-2018,2019-2021,195,210,202.5,-8,-0.002538460114363246,-0.002538460114363246,-0.0011591627686852297,-0.0059366475822597575,-0.0005195699921447509,-0.00056341186,-0.0064697824,-0.00034377244,0.002608278036662293,0.7660818713450293,57,True
30--300s,train2000_2018_test2019_2021,2000-2018,2019-2021,195,210,202.5,-7,0.003653733987731729,0.003653733987731729,0.0031911370520889206,0.002184173224703413,0.005585891686402852,0.0031450975,0.0041136197,0.0074360603,0.0027518077953830617,0.8677248677248677,63,True
30--300s,train2000_2018_test2019_2021,2000-2018,2019-2021,195,210,202.5,-6,0.0016920398829874301,0.0016920398829874301,0.001464113745238143,0.0009227699030827562,0.0026892360006413917,0.0016728584,0.0024697047,0.0037450213,0.002400664985160857,0.8686868686868687,66,True
30--300s,train2000_2018_test2019_2021,2000-2018,2019-2021,195,210,202.5,-5,0.0007024020381130983,0.0007024020381130983,-0.0016507286942981348,0.0008739949163577289,0.0028839398922797005,-0.0009824581,0.002406139,0.003993121,0.003647370922934007,0.8449612403100776,86,True
30--300s,train2000_2018_test2019_2021,2000-2018,2019-2021,195,210,202.5,-4,0.00022107985521114656,0.00022107985521114656,-0.0024771408382529346,0.0016123274226545368,0.0015280529812318378,-0.0016869515,0.0033683656,0.0022653937,0.0031876082279280126,0.8106995884773663,81,True
30--300s,train2000_2018_test2019_2021,2000-2018,2019-2021,195,210,202.5,-3,-0.0002606090983345165,-0.0002606090983345165,-0.003984650197266567,0.0019333496908624406,0.0012694732114005775,-0.002972061,0.0037867357,0.0019359007,0.003260223526447786,0.7725490196078432,85,True
30--300s,train2000_2018_test2019_2021,2000-2018,2019-2021,195,210,202.5,-2,-0.0001704878644284767,-0.0001704878644284767,-0.004101256121502663,0.002481115407957503,0.0011086771202597297,-0.0030714646,0.0045006075,0.0017310076,0.003425724937327366,0.7614678899082569,109,True
30--300s,train2000_2018_test2019_2021,2000-2018,2019-2021,195,210,202.5,-1,0.0004264277357835342,0.0004264277357835342,-0.0018325228839311388,0.001877281895272372,0.0012345241960093694,-0.0011374325,0.0037136655,0.0018913673,0.003055882139077291,0.7821782178217822,101,True
30--300s,train2000_2018_test2019_2021,2000-2018,2019-2021,195,210,202.5,0,-0.0011256415113469005,-0.0011256415113469005,-0.0025461959881629744,-0.003165028029122112,0.0023342994832443852,-0.001745819,-0.0028576888,0.0032927464,0.003460050862427971,0.793939393939394,110,True
30--300s,train2000_2018_test2019_2021,2000-2018,2019-2021,195,210,202.5,1,-0.0015165726004289404,-0.0015165726004289404,-0.0027767729915763343,-0.002274843219607728,0.0005018984098972414,-0.0019423794,-0.0016975619,0.00095782493,0.003072836374825155,0.7518518518518518,90,True
30--300s,train2000_2018_test2019_2021,2000-2018,2019-2021,195,210,202.5,2,-0.003704025749411206,-0.003704025749411206,-0.00562112293745145,-0.0039311849174787595,-0.0015597693933034062,-0.0043671085,-0.0038561774,-0.0016692377,0.002956286277529165,0.9166666666666666,96,True
30--300s,train2000_2018_test2019_2021,2000-2018,2019-2021,195,210,202.5,3,-0.004010515288996514,-0.004010515288996514,-0.005178169768015419,-0.00477633963264414,-0.0020770364663299824,-0.0039895033,-0.004957619,-0.0023283607,0.0019040162874467575,0.9743589743589745,91,True
30--300s,train2000_2018_test2019_2021,2000-2018,2019-2021,195,210,202.5,4,-0.0004569994084199113,-0.0004569994084199113,-0.0019874725465094606,-0.0005808013719941241,0.0011972756932438508,-0.0012695228,0.00051018613,0.0018439037,0.0017172948510460321,0.7740740740740741,90,True
30--300s,train2000_2018_test2019_2021,2000-2018,2019-2021,195,210,202.5,5,-0.0013483064094941754,-0.0013483064094941754,-0.003333326130974306,-0.0014668536002209898,0.00075526050271277,-0.0024168256,-0.0006445552,0.0012806695,0.0013931531640560503,0.7708333333333333,64,True
30--300s,train2000_2018_test2019_2021,2000-2018,2019-2021,195,210,202.5,6,-0.0020676570274769045,-0.0020676570274769045,-0.003744641266789105,-0.0026761036119134847,0.00021777379627187617,-0.0027674602,-0.0022205017,0.00059578166,0.0013507797834236262,0.7714285714285715,70,True
30--300s,train2000_2018_test2019_2021,2000-2018,2019-2021,195,210,202.5,7,-0.003356811996611231,-0.003356811996611231,-0.004665080436785474,-0.003934594143390765,-0.001470761409657454,-0.003552109,-0.0038606205,-0.00155582,0.001064262265575484,0.990990990990991,74,True
30--300s,train2000_2018_test2019_2021,2000-2018,2019-2021,195,210,202.5,8,-0.0028891899767684204,-0.0028891899767684204,-0.0030255750017373095,-0.004229327175894076,-0.001412667752673876,-0.0021544762,-0.0042447294,-0.0014817946,0.0013916037384188458,0.9382716049382716,54,True
30--300s,train2000_2018_test2019_2021,2000-2018,2019-2021,195,210,202.5,9,-0.0028098708371723955,-0.0028098708371723955,-0.0029358395067357397,-0.004112713713493333,-0.0013810592912881143,-0.0020779793,-0.004092754,-0.0014415178,0.001265399726963477,0.9548022598870057,59,True
30--300s,train2000_2018_test2019_2021,2000-2018,2019-2021,195,210,202.5,10,-0.0030866985447906576,-0.0030866985447906576,-0.00409807522061956,-0.0038939076993068063,-0.0012681127144456076,-0.0030687528,-0.0038075962,-0.0012975967,0.0011595274225065547,0.9666666666666667,50,True
30--300s,train2000_2018_test2019_2021,2000-2018,2019-2021,210,225,217.5,-10,0.00028259581733029184,0.00028259581733029184,0.0019524669413872495,-0.003206053449634671,0.002101373960238297,0.0020891658,-0.0029111549,0.002995943,0.003196812027239663,0.7513227513227513,63,True
30--300s,train2000_2018_test2019_2021,2000-2018,2019-2021,210,225,217.5,-9,-0.00023401519496654818,-0.00023401519496654818,0.0010115800906040097,-0.003104602419107982,0.0013909767436043276,0.0012870859,-0.00277894,0.0020907256,0.0026896855462652924,0.7025641025641025,65,True
30--300s,train2000_2018_test2019_2021,2000-2018,2019-2021,210,225,217.5,-8,-0.0026497715168155556,-0.0026497715168155556,-0.0023826182975767852,-0.005281995019596119,-0.00028470123327376196,-0.0016063736,-0.005616611,-4.4492917e-05,0.0027323761917870007,0.7777777777777778,63,True
30--300s,train2000_2018_test2019_2021,2000-2018,2019-2021,210,225,217.5,-7,0.0017279283758012635,0.0017279283758012635,0.00045968489613268534,0.0005272320417871311,0.004196868189483974,0.0008166107,0.0019542228,0.005666109,0.003396612801719126,0.8357487922705313,69,True
30--300s,train2000_2018_test2019_2021,2000-2018,2019-2021,210,225,217.5,-6,0.0012779129085393633,0.0012779129085393633,0.0016305782833907997,0.0004862630605364975,0.0017168973816907927,0.0018147647,0.0019008303,0.0025060272,0.0030114041479404378,0.8840579710144928,69,True
30--300s,train2000_2018_test2019_2021,2000-2018,2019-2021,210,225,217.5,-5,0.0008755534490649725,0.0008755534490649725,-0.0007043671869563173,0.0009165010138471434,0.0024145265203040917,-0.00017571128,0.0024615347,0.003394975,0.0026380199068878865,0.8333333333333333,76,True
30--300s,train2000_2018_test2019_2021,2000-2018,2019-2021,210,225,217.5,-4,0.00034570890698401986,0.00034570890698401986,-0.0014011421251651731,0.001474882784281166,0.0009633860618360669,-0.00076969253,0.003189242,0.0015458717,0.0027964474342227572,0.8249158249158249,99,True
30--300s,train2000_2018_test2019_2021,2000-2018,2019-2021,210,225,217.5,-3,0.00018139155499863078,0.00018139155499863078,-0.002889851860112191,0.002108782192016085,0.0013252443330919982,-0.002038776,0.004015367,0.0020069666,0.0028073085471136293,0.7740740740740739,90,True
30--300s,train2000_2018_test2019_2021,2000-2018,2019-2021,210,225,217.5,-2,-0.00030905325452813235,-0.00030905325452813235,-0.0038764132397744967,0.0020603770789951103,0.0008888763971949894,-0.0028797921,0.003952283,0.0014509284,0.002983957908669221,0.7829457364341085,86,True
30--300s,train2000_2018_test2019_2021,2000-2018,2019-2021,210,225,217.5,-1,0.00022886038804225732,0.00022886038804225732,-0.001957808071681727,0.0015912695768721676,0.0010531196589363312,-0.0012442346,0.0033409223,0.001660214,0.002768569189711112,0.8076923076923077,104,True
30--300s,train2000_2018_test2019_2021,2000-2018,2019-2021,210,225,217.5,0,-0.0009701667861727922,-0.0009701667861727922,-0.0027314880862737037,-0.0023108168818763543,0.0021318046096316817,-0.0019037754,-0.0017444442,0.003034719,0.003466988534961652,0.7948717948717948,117,True
30--300s,train2000_2018_test2019_2021,2000-2018,2019-2021,210,225,217.5,1,-0.0015895817166368118,-0.0015895817166368118,-0.0034031395343435585,-0.0017986123326431806,0.0004330067170763041,-0.0024763395,-0.0010769174,0.0008700403,0.0029415015040515774,0.7457044673539518,97,True
30--300s,train2000_2018_test2019_2021,2000-2018,2019-2021,210,225,217.5,2,-0.0032220132482756103,-0.0032220132482756103,-0.00475879625821026,-0.0035436675795361573,-0.0013635759070804126,-0.003631999,-0.0033511485,-0.0014192397,0.0026482210582296118,0.9021739130434783,92,True
30--300s,train2000_2018_test2019_2021,2000-2018,2019-2021,210,225,217.5,3,-0.0036814537104011146,-0.0036814537104011146,-0.004591406537455168,-0.004435529240955368,-0.002017425352792807,-0.0034893039,-0.0045134607,-0.002252402,0.0017877513471280984,0.9593495934959351,82,True
30--300s,train2000_2018_test2019_2021,2000-2018,2019-2021,210,225,217.5,4,-0.0005853360314796885,-0.0005853360314796885,-0.001936897391728479,-0.000959775886056827,0.0011406651833462402,-0.0012264089,1.6290265e-05,0.0017717681,0.0019305013227964528,0.764102564102564,65,True
30--300s,train2000_2018_test2019_2021,2000-2018,2019-2021,210,225,217.5,5,-0.002192028528240877,-0.002192028528240877,-0.004186367111518973,-0.0023771498620699704,-1.2568611133687304e-05,-0.0031440193,-0.0018308924,0.00030226976,0.0018523887034462467,0.8469945355191256,61,True
30--300s,train2000_2018_test2019_2021,2000-2018,2019-2021,210,225,217.5,6,-0.001912656214592844,-0.001912656214592844,-0.003546917980756219,-0.002595470550376739,0.00040441988735442593,-0.0025989066,-0.0021154173,0.0008336138,0.0013114769424532103,0.738095238095238,56,True
30--300s,train2000_2018_test2019_2021,2000-2018,2019-2021,210,225,217.5,7,-0.0031133286451990026,-0.0031133286451990026,-0.004317039013966885,-0.0036608922619622486,-0.0013620546596678734,-0.0032554134,-0.0035039205,-0.0014173014,0.001305280733920024,0.9597701149425287,58,True
30--300s,train2000_2018_test2019_2021,2000-2018,2019-2021,210,225,217.5,8,-0.0031171919202030484,-0.0031171919202030484,-0.0037114826744294865,-0.004194971884640789,-0.0014451212015388687,-0.0027391934,-0.004199956,-0.0015231482,0.0014171611885300534,0.9583333333333334,72,True
30--300s,train2000_2018_test2019_2021,2000-2018,2019-2021,210,225,217.5,9,-0.002924286892469006,-0.002924286892469006,-0.0031733277584836965,-0.004193274540334449,-0.001406258378588872,-0.0022804313,-0.004197744,-0.0014736276,0.0013909331523650646,0.9414414414414415,74,True
30--300s,train2000_2018_test2019_2021,2000-2018,2019-2021,210,225,217.5,10,-0.003317992480691444,-0.003317992480691444,-0.0045704779407877184,-0.004074539844764816,-0.0013089596565217985,-0.0034714628,-0.0040430035,-0.0013496454,0.0014032829239046395,0.9575757575757575,55,True
30--300s,train2000_2018_test2019_2021,2000-2018,2019-2021,225,240,232.5,-10,0.0014331594376243164,0.0014331594376243164,0.0032271697672144354,-0.0016304701589489373,0.0027027787046074504,0.0031758142,-0.0008577873,0.003762278,0.0022333256214787495,0.7407407407407406,45,True
30--300s,train2000_2018_test2019_2021,2000-2018,2019-2021,225,240,232.5,-9,-0.0008815431295503995,-0.0008815431295503995,-0.0011012136924929943,-0.0029277546246294795,0.0013843389284712755,-0.0005140119,-0.002548464,0.0020822673,0.002486206536608515,0.7190476190476189,70,True
30--300s,train2000_2018_test2019_2021,2000-2018,2019-2021,225,240,232.5,-8,-0.002283894968463319,-0.002283894968463319,-0.0018929691497339557,-0.0048224507567389985,-0.0001362649989170028,-0.0011889613,-0.0050177136,0.0001446507,0.003241827683987857,0.7541666666666667,80,True
30--300s,train2000_2018_test2019_2021,2000-2018,2019-2021,225,240,232.5,-7,0.0030921889946117797,0.0030921889946117797,0.002213884293912141,0.0017642992203403135,0.005298383469582885,0.0023120167,0.0035664218,0.007069705,0.00237316123043048,0.8666666666666667,65,True
30--300s,train2000_2018_test2019_2021,2000-2018,2019-2021,225,240,232.5,-6,0.0015015550272328207,0.0015015550272328207,0.0009383105634566375,0.0009539506051695121,0.0026124039130723123,0.0012246257,0.002510341,0.0036471188,0.0031635980416521155,0.8871794871794871,65,True
30--300s,train2000_2018_test2019_2021,2000-2018,2019-2021,225,240,232.5,-5,0.0016351582092311169,0.0016351582092311169,0.00018612493576636681,0.0014483930896234132,0.00327095660230357,0.0005834084,0.0031547192,0.004486274,0.0027972936380475876,0.872852233676976,97,True
30--300s,train2000_2018_test2019_2021,2000-2018,2019-2021,225,240,232.5,-4,0.002211616849321485,0.002211616849321485,0.0011679264207937435,0.0026298834339589182,0.0028370406932117934,0.0014203668,0.0046944884,0.0039333603,0.002396148295167752,0.8666666666666667,90,True
30--300s,train2000_2018_test2019_2021,2000-2018,2019-2021,225,240,232.5,-3,0.0025414476402821516,0.0025414476402821516,0.0009442486691134986,0.003642853314908386,0.00303724093682457,0.0012296878,0.006014634,0.0041884636,0.002708629839031819,0.855072463768116,92,True
30--300s,train2000_2018_test2019_2021,2000-2018,2019-2021,225,240,232.5,-2,0.002195803050970634,0.002195803050970634,0.0002919037555350717,0.0034084522896076636,0.0028870531077691674,0.0006735819,0.0057091527,0.003997088,0.0024152414698980335,0.8608695652173913,115,True
30--300s,train2000_2018_test2019_2021,2000-2018,2019-2021,225,240,232.5,-1,0.0020248292616867085,0.0020248292616867085,0.0011336378035643553,0.002474939921035056,0.0024659100604607137,0.0013911368,0.004492559,0.00346045,0.0031113009095511844,0.8717948717948718,78,True
30--300s,train2000_2018_test2019_2021,2000-2018,2019-2021,225,240,232.5,0,0.000854126070709458,0.000854126070709458,5.810507803105858e-05,-0.0013513479028167393,0.0038556210369140543,0.00047427506,-0.00049402314,0.0052312776,0.0031701395155465293,0.8044444444444444,150,True
30--300s,train2000_2018_test2019_2021,2000-2018,2019-2021,225,240,232.5,1,0.00030477598736437144,0.00030477598736437144,-0.0003984057679200649,-0.0007176906859344808,0.00203042441594766,8.5112304e-05,0.00033178608,0.0029055362,0.002396251319910279,0.7730496453900708,94,True
30--300s,train2000_2018_test2019_2021,2000-2018,2019-2021,225,240,232.5,2,-0.001829655755075574,-0.001829655755075574,-0.0025435170031718707,-0.0021020448828419883,-0.0008434053792128635,-0.0017435352,-0.0014723637,-0.0007564169,0.00195476762495124,0.8592592592592592,90,True
30--300s,train2000_2018_test2019_2021,2000-2018,2019-2021,225,240,232.5,3,-0.003374905929610422,-0.003374905929610422,-0.003277325035555751,-0.004541747009734193,-0.0023056457435413212,-0.0023690863,-0.0046518883,-0.0026196644,0.0018543225097161586,0.9381443298969072,97,True
30--300s,train2000_2018_test2019_2021,2000-2018,2019-2021,225,240,232.5,4,2.0506316111220895e-05,2.0506316111220895e-05,-0.00141512848125217,-0.00036134493434787407,0.0018379923639337066,-0.0007816155,0.00079619116,0.0026603315,0.0013821744650093116,0.7313432835820896,67,True
30--300s,train2000_2018_test2019_2021,2000-2018,2019-2021,225,240,232.5,5,-0.0015286500084449642,-0.0015286500084449642,-0.0026134086321713116,-0.002084462496340541,0.00011192110317696,-0.0018031159,-0.0014494497,0.00046089973,0.0019509530928742756,0.8524590163934426,61,True
30--300s,train2000_2018_test2019_2021,2000-2018,2019-2021,225,240,232.5,6,-0.002055372829440048,-0.002055372829440048,-0.003792169408607272,-0.002700278999483687,0.0003263299197708144,-0.0028079767,-0.002252008,0.0007341083,0.0012807755729548635,0.7541666666666667,80,True
30--300s,train2000_2018_test2019_2021,2000-2018,2019-2021,225,240,232.5,7,-0.003547232829090967,-0.003547232829090967,-0.005125433025747973,-0.003988311391313748,-0.0015279540702111806,-0.003944547,-0.003930627,-0.0016286973,0.0014438895376181744,0.9855072463768116,69,True
30--300s,train2000_2018_test2019_2021,2000-2018,2019-2021,225,240,232.5,8,-0.0029753082148264542,-0.0029753082148264542,-0.0033955682594243555,-0.004151631582435902,-0.0013787248026191044,-0.0024698852,-0.0041434728,-0.0014385432,0.0011998783403765559,0.958974358974359,65,True
30--300s,train2000_2018_test2019_2021,2000-2018,2019-2021,225,240,232.5,9,-0.0029189610325266674,-0.0029189610325266674,-0.0036338585830307203,-0.004023315185537638,-0.0010997093290116451,-0.002673021,-0.0039762454,-0.0010830101,0.0011617556431648083,0.9787234042553191,47,True
30--300s,train2000_2018_test2019_2021,2000-2018,2019-2021,225,240,232.5,10,-0.0029721889974002637,-0.0029721889974002637,-0.00391873387777499,-0.00396936887274826,-0.001028464241677542,-0.0029158692,-0.0039059403,-0.0009922265,0.0010412477487348785,0.9685534591194969,53,True
30--300s,train2000_2018_test2019_2021,2000-2018,2019-2021,240,255,247.5,-10,0.0002553332772046056,0.0002553332772046056,0.0005976521971633682,-0.00241139044367708,0.002579738078127529,0.000934224,-0.001875516,0.0036054945,0.0024529346776046776,0.7272727272727273,44,True
30--300s,train2000_2018_test2019_2021,2000-2018,2019-2021,240,255,247.5,-9,-0.00033937325653607327,-0.00033937325653607327,-0.00033142110156692277,-0.002603768135800559,0.0019170694677592619,0.00014221486,-0.0021262309,0.0027610946,0.001996867879348792,0.6875,64,True
30--300s,train2000_2018_test2019_2021,2000-2018,2019-2021,240,255,247.5,-8,-0.002300546697512064,-0.002300546697512064,-0.0022087434822593054,-0.00482991120505235,0.00013701459477546374,-0.0014581501,-0.005027436,0.0004928749,0.0027272318382221593,0.7741935483870968,62,True
30--300s,train2000_2018_test2019_2021,2000-2018,2019-2021,240,255,247.5,-7,0.0023782677418278395,0.0023782677418278395,0.0009013980228567874,0.0014129829417756116,0.004820422260851119,0.0011931589,0.0031085715,0.0064606676,0.003083628322363763,0.8840579710144928,69,True
30--300s,train2000_2018_test2019_2021,2000-2018,2019-2021,240,255,247.5,-6,0.002458831268180294,0.002458831268180294,0.002910886624273333,0.0010614871437415875,0.0034041200365259603,0.0029061919,0.002650487,0.0046559563,0.0029544546288145473,0.9382716049382716,81,True
30--300s,train2000_2018_test2019_2021,2000-2018,2019-2021,240,255,247.5,-5,0.002181163314698111,0.002181163314698111,0.0011987355380873319,0.0014125263997229228,0.003932228006284079,0.0014466308,0.0031079764,0.005328893,0.0026696293170173865,0.8875502008032129,83,True
30--300s,train2000_2018_test2019_2021,2000-2018,2019-2021,240,255,247.5,-4,0.0034398143148829186,0.0034398143148829186,0.0031230091102079642,0.0033409982158362685,0.003855435618604524,0.0030870202,0.0056212437,0.0052310415,0.002132884954037313,0.9577464788732394,71,True
30--300s,train2000_2018_test2019_2021,2000-2018,2019-2021,240,255,247.5,-3,0.0028007341286445655,0.0028007341286445655,0.0015928174005106635,0.0031790197364005048,0.0036303652490225296,0.0017825746,0.0054101464,0.004944247,0.0024314922109576714,0.9036144578313253,83,True
30--300s,train2000_2018_test2019_2021,2000-2018,2019-2021,240,255,247.5,-2,0.002540556108005353,0.002540556108005353,0.0011521783527379972,0.0032188140158204625,0.0032506759554575995,0.001406942,0.005462008,0.0044604316,0.002814655096085745,0.8958333333333334,128,True
30--300s,train2000_2018_test2019_2021,2000-2018,2019-2021,240,255,247.5,-1,0.002776165717840084,0.002776165717840084,0.0023935149263077916,0.0026054851169635754,0.0033294971102488854,0.0024651468,0.0046626916,0.0045608683,0.0028800644311974886,0.9558232931726907,83,True
30--300s,train2000_2018_test2019_2021,2000-2018,2019-2021,240,255,247.5,0,0.0018544925199942483,0.0018544925199942483,0.001745159277167963,-0.0005916494986405426,0.004409967781455324,0.0019124418,0.00049604836,0.0059376494,0.002962121105973581,0.8554216867469879,166,True
30--300s,train2000_2018_test2019_2021,2000-2018,2019-2021,240,255,247.5,1,0.00028687958770396284,0.00028687958770396284,-0.0006720776757064298,-0.0008701400793750578,0.0024028565181933763,-0.00014818537,0.00013310749,0.0033801047,0.0023049171286047684,0.7916666666666666,96,True
30--300s,train2000_2018_test2019_2021,2000-2018,2019-2021,240,255,247.5,2,-0.001530990286249927,-0.001530990286249927,-0.0014975700227392557,-0.0022363890575180794,-0.0008590117784924458,-0.0008518946,-0.0016474468,-0.0007763033,0.002079610386730279,0.8301886792452831,106,True
30--300s,train2000_2018_test2019_2021,2000-2018,2019-2021,240,255,247.5,3,-0.0032001351729108933,-0.0032001351729108933,-0.003446873315286019,-0.004357673673684231,-0.0017958585297624295,-0.0025136212,-0.004411996,-0.0019700723,0.0014576156390174416,0.9311594202898551,92,True
30--300s,train2000_2018_test2019_2021,2000-2018,2019-2021,240,255,247.5,4,-6.626367787557606e-05,-6.626367787557606e-05,-0.001520978301136245,-0.00035700384319320547,0.0016791911107027224,-0.00087184954,0.00080184866,0.00245798,0.0015238288499250022,0.7511737089201878,71,True
30--300s,train2000_2018_test2019_2021,2000-2018,2019-2021,240,255,247.5,5,-0.0008939432447977655,-0.0008939432447977655,-0.002123325594026242,-0.0015648287725097733,0.0010063246321427182,-0.0013853337,-0.00077224063,0.0016005859,0.0014262727554964132,0.7541666666666667,80,True
30--300s,train2000_2018_test2019_2021,2000-2018,2019-2021,240,255,247.5,6,-0.0018348383806584168,-0.0018348383806584168,-0.0035514023262147713,-0.002542736178453649,0.00058962336269317,-0.0026027292,-0.0020466915,0.0010696078,0.0011859365994487038,0.7204301075268816,62,True
30--300s,train2000_2018_test2019_2021,2000-2018,2019-2021,240,255,247.5,7,-0.0033882755943971657,-0.0033882755943971657,-0.005003815480672302,-0.003908273942917292,-0.0012527373596019028,-0.003840871,-0.0038263188,-0.0012780047,0.001163377673964024,0.9848484848484849,66,True
30--300s,train2000_2018_test2019_2021,2000-2018,2019-2021,240,255,247.5,8,-0.003114596960514409,-0.003114596960514409,-0.003945381896938494,-0.004141314161400319,-0.0012570948232044142,-0.002938586,-0.004130027,-0.0012835572,0.0011986953763124823,0.9692307692307692,65,True
30--300s,train2000_2018_test2019_2021,2000-2018,2019-2021,240,255,247.5,9,-0.0030459005102413004,-0.0030459005102413004,-0.003895153179863789,-0.004135469165597223,-0.0011070791852628898,-0.0028957676,-0.0041224095,-0.001092401,0.0012036333635133834,0.95679012345679,54,True
30--300s,train2000_2018_test2019_2021,2000-2018,2019-2021,240,255,247.5,10,-0.003351687015913776,-0.003351687015913776,-0.0046031065262084805,-0.004193108246484724,-0.0012588462750481233,-0.0034992779,-0.004197527,-0.001285789,0.0010392339766104564,0.981981981981982,37,True
30--300s,train2000_2018_test2019_2021,2000-2018,2019-2021,255,270,262.5,-10,0.0011104807084746547,0.0011104807084746547,0.0019063366786514096,-0.001304684834451937,0.0027297902812244913,0.002049841,-0.00043320988,0.0037966974,0.0023069457003897704,0.7864583333333333,64,True
30--300s,train2000_2018_test2019_2021,2000-2018,2019-2021,255,270,262.5,-9,5.541969674495182e-05,5.541969674495182e-05,4.08995724626555e-05,-0.0020573149880980432,0.002182674505870243,0.00045960787,-0.0014140697,0.0030995396,0.0017080967882415273,0.6935483870967742,62,True
30--300s,train2000_2018_test2019_2021,2000-2018,2019-2021,255,270,262.5,-8,-0.0020864620408802105,-0.0020864620408802105,-0.002444951760227715,-0.004292632229321363,0.0004781978669084471,-0.0016595111,-0.004327231,0.00092762476,0.001800316624879594,0.7417840375586854,71,True
30--300s,train2000_2018_test2019_2021,2000-2018,2019-2021,255,270,262.5,-7,0.0022236537146639143,0.0022236537146639143,0.00090756046855524,0.0012807434260204158,0.004482657249416088,0.0011984122,0.0029362312,0.006030273,0.003271881441131174,0.8756218905472637,67,True
30--300s,train2000_2018_test2019_2021,2000-2018,2019-2021,255,270,262.5,-6,0.001478160146958666,0.001478160146958666,0.0014205865029369483,0.0005088590830962721,0.0025050348548427775,0.0016357525,0.0019302784,0.0035103045,0.0034757838646724704,0.948356807511737,71,True
30--300s,train2000_2018_test2019_2021,2000-2018,2019-2021,255,270,262.5,-5,0.0013123489861213127,0.0013123489861213127,-0.0004535360642085002,0.0007857499128684505,0.0036048331097039876,3.811526e-05,0.0022911346,0.0049117133,0.002500399334870888,0.8396624472573839,79,True
30--300s,train2000_2018_test2019_2021,2000-2018,2019-2021,255,270,262.5,-4,0.0022951996811121735,0.0022951996811121735,0.0014404941688686112,0.002368806586100272,0.0030762982883676374,0.0016527233,0.004354242,0.0042382325,0.0025722541491345046,0.9154929577464789,71,True
30--300s,train2000_2018_test2019_2021,2000-2018,2019-2021,255,270,262.5,-3,0.002366874699798865,0.002366874699798865,0.0010678747142131783,0.0029579472605797785,0.003074802124603638,0.0013350756,0.0051220353,0.0042363256,0.0021714851077847225,0.8791208791208791,91,True
30--300s,train2000_2018_test2019_2021,2000-2018,2019-2021,255,270,262.5,-2,0.0023173466791166887,0.0023173466791166887,0.0006550760458623827,0.0032092678251786,0.003087696166309083,0.0009831762,0.005449567,0.004252756,0.002823049955091704,0.8881118881118881,143,True
30--300s,train2000_2018_test2019_2021,2000-2018,2019-2021,255,270,262.5,-1,0.002204137161491156,0.002204137161491156,0.0018501548786650154,0.002119378263963403,0.0026428783418450488,0.0020019477,0.004029176,0.0036859505,0.002794661671830376,0.9218106995884774,81,True
30--300s,train2000_2018_test2019_2021,2000-2018,2019-2021,255,270,262.5,0,0.0010595400679227584,0.0010595400679227584,0.0007402592777702526,-0.001366288553856913,0.0038046494798549355,0.0010557926,-0.0005134945,0.0051663276,0.0032362777891665247,0.8225108225108224,154,True
30--300s,train2000_2018_test2019_2021,2000-2018,2019-2021,255,270,262.5,1,0.00039736288330386105,0.00039736288330386105,-0.0005067777498539974,-0.0008196965392651911,0.0025185629390307718,-7.271793e-06,0.00019884769,0.0035275426,0.0024325521349671934,0.784037558685446,71,True
30--300s,train2000_2018_test2019_2021,2000-2018,2019-2021,255,270,262.5,2,-0.001577883660723313,-0.001577883660723313,-0.001878219856884869,-0.0021512075445191806,-0.0007042235807658892,-0.001176388,-0.0015364345,-0.0005790657,0.0021511487298826993,0.8368055555555555,96,True
30--300s,train2000_2018_test2019_2021,2000-2018,2019-2021,255,270,262.5,3,-0.003241647580224057,-0.003241647580224057,-0.003831616426036666,-0.004069268729652993,-0.001824057584982511,-0.0028416042,-0.004036134,-0.0020060046,0.0019907854871806904,0.9372549019607843,85,True
30--300s,train2000_2018_test2019_2021,2000-2018,2019-2021,255,270,262.5,4,-0.0008273922924997059,-0.0008273922924997059,-0.002113042591124478,-0.0012648959947942988,0.0008957617084196591,-0.0013765679,-0.00038135535,0.001459702,0.001941727891710837,0.7307692307692307,52,True
30--300s,train2000_2018_test2019_2021,2000-2018,2019-2021,255,270,262.5,5,-0.0014253889492174439,-0.0014253889492174439,-0.0028641593408760936,-0.0018009189930258789,0.0003889114862496416,-0.002016874,-0.0010799235,0.0008138524,0.0015428182701472141,0.8288288288288288,74,True
30--300s,train2000_2018_test2019_2021,2000-2018,2019-2021,255,270,262.5,6,-0.0024157536932179254,-0.0024157536932179254,-0.004901499283115952,-0.0027040294273960614,0.0003582676308582365,-0.0037536495,-0.0022568959,0.00077480474,0.0013127096245345315,0.7579908675799086,73,True
30--300s,train2000_2018_test2019_2021,2000-2018,2019-2021,255,270,262.5,7,-0.003827067269242744,-0.003827067269242744,-0.006400824752474534,-0.003908188582977886,-0.0011721884722758092,-0.0050317827,-0.0038262077,-0.001175366,0.0010907541034123425,1.0,59,True
30--300s,train2000_2018_test2019_2021,2000-2018,2019-2021,255,270,262.5,8,-0.003161067424374872,-0.003161067424374872,-0.0041704864209780885,-0.004180036062715506,-0.0011326797894310214,-0.0031304813,-0.004180491,-0.0011250224,0.0012611680996561213,0.9655172413793104,58,True
30--300s,train2000_2018_test2019_2021,2000-2018,2019-2021,255,270,262.5,9,-0.003226319050037866,-0.003226319050037866,-0.00437063239013466,-0.004125026826964832,-0.0011832979330141055,-0.0033011,-0.004108801,-0.0011895221,0.0010135153445698447,0.9794871794871794,65,True
30--300s,train2000_2018_test2019_2021,2000-2018,2019-2021,255,270,262.5,10,-0.003611369325542791,-0.003611369325542791,-0.005300708014098794,-0.004300237977739675,-0.0012331619847899054,-0.004093964,-0.004337143,-0.001253061,0.0011246513806132,0.9894179894179894,63,True
30--300s,train2000_2018_test2019_2021,2000-2018,2019-2021,270,285,277.5,-10,0.0002876966999274438,0.0002876966999274438,0.0007542604783464328,-0.002480160949540989,0.002588990570976888,0.0010677282,-0.001965141,0.0036172846,0.002434277697913127,0.7222222222222222,54,True
30--300s,train2000_2018_test2019_2021,2000-2018,2019-2021,270,285,277.5,-9,-0.0009135721831525349,-0.0009135721831525349,-0.0011980462012398264,-0.003117717866346534,0.0015750475181287558,-0.00059655885,-0.0027960322,0.0023252761,0.0027799916324039234,0.7365591397849462,62,True
30--300s,train2000_2018_test2019_2021,2000-2018,2019-2021,270,285,277.5,-8,-0.0023642807625211463,-0.0023642807625211463,-0.0029885593710974375,-0.004509119081345842,0.00040483616487984074,-0.0021229214,-0.004609366,0.00083414424,0.0023147031546920573,0.7476190476190475,70,True
30--300s,train2000_2018_test2019_2021,2000-2018,2019-2021,270,285,277.5,-7,0.0027664647903792093,0.0027664647903792093,0.0012562340023029432,0.0021054118957762524,0.0049377484730584315,0.0014956467,0.0040109744,0.0066101695,0.0022377296761353156,0.8666666666666667,65,True
30--300s,train2000_2018_test2019_2021,2000-2018,2019-2021,270,285,277.5,-6,0.0025166321798188135,0.0025166321798188135,0.0025611862275617806,0.0015473248242895178,0.003441385487605143,0.002608082,0.0032836513,0.004703441,0.001996716243785672,0.9333333333333333,60,True
30--300s,train2000_2018_test2019_2021,2000-2018,2019-2021,270,285,277.5,-5,0.0012168358751637092,0.0012168358751637092,-0.000811469349614795,0.0009514277562032604,0.003510549218902662,-0.0002670129,0.0025070528,0.0047915727,0.002499471767932493,0.8398268398268399,77,True
30--300s,train2000_2018_test2019_2021,2000-2018,2019-2021,270,285,277.5,-4,0.0022467808981508227,0.0022467808981508227,0.0016826890474937227,0.002260399247589975,0.002797254399368771,0.0018591877,0.0042129606,0.0038826626,0.0026297106075436087,0.9236947791164659,83,True
30--300s,train2000_2018_test2019_2021,2000-2018,2019-2021,270,285,277.5,-3,0.0019077790734050798,0.0019077790734050798,0.0010824545203070093,0.002291584445357095,0.002349298254551135,0.0013475044,0.0042536026,0.0033118585,0.0031429752302224224,0.9267399267399267,91,True
30--300s,train2000_2018_test2019_2021,2000-2018,2019-2021,270,285,277.5,-2,0.002038431288662407,0.002038431288662407,0.0009898194890002245,0.0025847713332328255,0.0025407030437541714,0.0012685356,0.0046356963,0.0035557547,0.0027427512612620926,0.9196787148594376,83,True
30--300s,train2000_2018_test2019_2021,2000-2018,2019-2021,270,285,277.5,-1,0.0025666259435817925,0.0025666259435817925,0.00262341134395843,0.0021463744143554956,0.002930092072431452,0.0026611271,0.004064359,0.0040519303,0.0022768262233175984,0.9378531073446328,59,True
30--300s,train2000_2018_test2019_2021,2000-2018,2019-2021,270,285,277.5,0,0.0017270458245981547,0.0017270458245981547,0.0020693388967819135,-0.0009910829050762185,0.004102881482088769,0.002188796,-2.4510386e-05,0.0055463472,0.0028918785335268673,0.8226415094339623,265,True
30--300s,train2000_2018_test2019_2021,2000-2018,2019-2021,270,285,277.5,1,0.00018116038996358487,0.00018116038996358487,-0.0009183732562452591,-0.0007359600800084073,0.0021978145061444213,-0.00035814548,0.00030797662,0.0031188317,0.0024124416473350423,0.8076923076923077,78,True
30--300s,train2000_2018_test2019_2021,2000-2018,2019-2021,270,285,277.5,2,-0.0015833935384192328,-0.0015833935384192328,-0.001603868204416359,-0.0022949680188169537,-0.0008513443920243853,-0.00094251084,-0.0017237894,-0.00076653314,0.001737900162721785,0.8585858585858586,66,True
30--300s,train2000_2018_test2019_2021,2000-2018,2019-2021,270,285,277.5,3,-0.003401233816822371,-0.003401233816822371,-0.003883033257067602,-0.004233017779126018,-0.0020876504142734917,-0.0028854355,-0.0042495388,-0.0023418856,0.0017324464019831379,0.9375,80,True
30--300s,train2000_2018_test2019_2021,2000-2018,2019-2021,270,285,277.5,4,4.626955618997318e-05,4.626955618997318e-05,-0.0009157992169661692,-0.0005603198055082554,0.001614927691044344,-0.0003559512,0.00053687854,0.002376093,0.0017570865160031815,0.7644444444444444,75,True
30--300s,train2000_2018_test2019_2021,2000-2018,2019-2021,270,285,277.5,5,-0.0012482809316679286,-0.0012482809316679286,-0.0023299291117796998,-0.00185980654319709,0.000444892859973004,-0.0015614574,-0.0011566683,0.00088518613,0.0016800856121299925,0.8219696969696969,88,True
30--300s,train2000_2018_test2019_2021,2000-2018,2019-2021,270,285,277.5,6,-0.0021374779874545617,-0.0021374779874545617,-0.0043613681309425095,-0.0025938913488481427,0.000542825517426967,-0.0032932025,-0.002113359,0.001009976,0.0010688034208090839,0.7190476190476189,70,True
30--300s,train2000_2018_test2019_2021,2000-2018,2019-2021,270,285,277.5,7,-0.0033680011816139784,-0.0033680011816139784,-0.004915239232741872,-0.003844663418634835,-0.001344100893465228,-0.0037653623,-0.003743419,-0.001394424,0.0010848099928171659,0.9897435897435897,65,True
30--300s,train2000_2018_test2019_2021,2000-2018,2019-2021,270,285,277.5,8,-0.0030213253860182834,-0.0030213253860182834,-0.0038181641059481866,-0.0041025719773408915,-0.0011432400747657706,-0.0028301363,-0.0040795365,-0.0011384788,0.0010738556898059286,0.9629629629629629,72,True
30--300s,train2000_2018_test2019_2021,2000-2018,2019-2021,270,285,277.5,9,-0.0031367504492765485,-0.0031367504492765485,-0.004020803417513296,-0.004174104346635022,-0.0012153435836813273,-0.0030028806,-0.0041727605,-0.001230356,0.0011142501202700012,0.9658119658119657,39,True
30--300s,train2000_2018_test2019_2021,2000-2018,2019-2021,270,285,277.5,10,-0.0033741227141014128,-0.0033741227141014128,-0.0043258256673485325,-0.004366691594838865,-0.0014298508801168406,-0.0032629038,-0.0044237487,-0.0015036901,0.0013782856518095533,0.9629629629629629,54,True
30--300s,train2000_2018_test2019_2021,2000-2018,2019-2021,285,300,292.5,-10,7.072701483025159e-05,7.072701483025159e-05,-4.9828552141409545e-06,-0.002200566791866472,0.0024177306915713673,0.00042049435,-0.0016007617,0.003399058,0.00204240714554782,0.7115384615384616,52,True
30--300s,train2000_2018_test2019_2021,2000-2018,2019-2021,285,300,292.5,-9,-0.0011688708987849074,-0.0011688708987849074,-0.0015321369222552502,-0.0033672720184407595,0.0013927962443412878,-0.00088136195,-0.003121262,0.0020930439,0.0028492296673848427,0.7169811320754716,53,True
30--300s,train2000_2018_test2019_2021,2000-2018,2019-2021,285,300,292.5,-8,-0.0027016052435428696,-0.0027016052435428696,-0.003264506180114224,-0.004922328935683917,8.201938516953174e-05,-0.0023581584,-0.005147879,0.00042279772,0.002875016253728415,0.7564102564102564,78,True
30--300s,train2000_2018_test2019_2021,2000-2018,2019-2021,285,300,292.5,-7,0.002347108679873065,0.002347108679873065,0.0007997659160436885,0.0017602782917708118,0.004481281831804696,0.0011065203,0.0035611815,0.0060285204,0.0025925471170661824,0.8641975308641975,81,True
30--300s,train2000_2018_test2019_2021,2000-2018,2019-2021,285,300,292.5,-6,0.0017451997205464426,0.0017451997205464426,0.001595852834962075,0.0008685182826762891,0.0027712280440009636,0.0017851621,0.0023990015,0.003849499,0.0025719667989398463,0.9053030303030304,88,True
30--300s,train2000_2018_test2019_2021,2000-2018,2019-2021,285,300,292.5,-5,0.001455566608486968,0.001455566608486968,-0.0004343796053880004,0.0010538565662187513,0.0037472228646301528,5.444561e-05,0.0026405423,0.005093152,0.0026534890715538147,0.8552631578947368,76,True
30--300s,train2000_2018_test2019_2021,2000-2018,2019-2021,285,300,292.5,-4,0.002276992008034217,0.002276992008034217,0.001546530916059962,0.0023760770033631946,0.0029083681046794953,0.0017431166,0.0043637166,0.0040242486,0.0028773824953401785,0.9076305220883534,83,True
30--300s,train2000_2018_test2019_2021,2000-2018,2019-2021,285,300,292.5,-3,0.0018988572870390352,0.0018988572870390352,0.0009710412810433382,0.0022732005969156254,0.002452329983158142,0.0012525278,0.004229644,0.0034431457,0.003694172862706753,0.9414414414414415,74,True
30--300s,train2000_2018_test2019_2021,2000-2018,2019-2021,285,300,292.5,-2,0.0018831804059565008,0.0018831804059565008,0.0005438321041016265,0.002642476051052396,0.00246323306271548,0.0008883438,0.0047108997,0.003457039,0.003238796581494031,0.926829268292683,82,True
30--300s,train2000_2018_test2019_2021,2000-2018,2019-2021,285,300,292.5,-1,0.002295996530953554,0.002295996530953554,0.0019055106047493886,0.002409434619257886,0.0025730443688533875,0.002049137,0.00440719,0.0035969652,0.002647402950670542,0.9209621993127147,97,True
30--300s,train2000_2018_test2019_2021,2000-2018,2019-2021,285,300,292.5,0,0.001817702078190612,0.001817702078190612,0.0022553735263862945,-0.001195203306308251,0.004392936014493793,0.0023473853,-0.00029052884,0.005915947,0.0028869128005555448,0.8225419664268585,139,True
30--300s,train2000_2018_test2019_2021,2000-2018,2019-2021,285,300,292.5,1,-0.00016013732747337605,-0.00016013732747337605,-0.0015325849048971152,-0.001008868621621696,0.0020610415440986828,-0.00088174385,-4.7689497e-05,0.0029445498,0.0026491971984160746,0.7991452991452991,78,True
30--300s,train2000_2018_test2019_2021,2000-2018,2019-2021,285,300,292.5,2,-0.0015152819802508623,-0.0015152819802508623,-0.0015701821068715405,-0.0022572104528449486,-0.0007184533810360977,-0.0009137944,-0.0016745821,-0.0005971979,0.0020476754784045682,0.8262910798122065,71,True
30--300s,train2000_2018_test2019_2021,2000-2018,2019-2021,285,300,292.5,3,-0.0032897148666368304,-0.0032897148666368304,-0.0038377821542746127,-0.004233360378352587,-0.0017980020672832902,-0.0028468603,-0.0042499853,-0.0019728036,0.0017158471871708315,0.9433333333333332,100,True
30--300s,train2000_2018_test2019_2021,2000-2018,2019-2021,285,300,292.5,4,-0.0005217714929524754,-0.0005217714929524754,-0.0020859991935454573,-0.000731520912198986,0.0012522056268870173,-0.001353514,0.00031376194,0.0019138976,0.0016868454853382387,0.768939393939394,88,True
30--300s,train2000_2018_test2019_2021,2000-2018,2019-2021,285,300,292.5,5,-0.0012786019886139013,-0.0012786019886139013,-0.003012894159703747,-0.001700925443146993,0.0008780136370090361,-0.0021436661,-0.00094960764,0.0014370866,0.0015459159825064986,0.776255707762557,73,True
30--300s,train2000_2018_test2019_2021,2000-2018,2019-2021,285,300,292.5,6,-0.002248291834426144,-0.002248291834426144,-0.004062741460399377,-0.002939214855293538,0.0002570808124144845,-0.0030386318,-0.0025633995,0.00064586825,0.0011950508755873093,0.7632850241545893,69,True
30--300s,train2000_2018_test2019_2021,2000-2018,2019-2021,285,300,292.5,7,-0.0036147322843311297,-0.0036147322843311297,-0.005666150541236404,-0.0038825755116674884,-0.0012954708000894966,-0.0044054934,-0.0037928277,-0.0013324574,0.0011705637243126087,0.9863013698630136,73,True
30--300s,train2000_2018_test2019_2021,2000-2018,2019-2021,285,300,292.5,8,-0.003271744819889662,-0.003271744819889662,-0.004569482001381189,-0.004108390310034602,-0.0011373621482531945,-0.003470614,-0.0040871194,-0.0011309888,0.0012564297738107903,0.9826839826839827,77,True
30--300s,train2000_2018_test2019_2021,2000-2018,2019-2021,285,300,292.5,9,-0.0031215508424794454,-0.0031215508424794454,-0.0042208319752092315,-0.004070235938870234,-0.0010735846133588696,-0.0031733995,-0.0040373947,-0.0010497208,0.0013049919638105354,0.9508196721311475,61,True
30--300s,train2000_2018_test2019_2021,2000-2018,2019-2021,285,300,292.5,10,-0.0034595193110113524,-0.0034595193110113524,-0.005440863511278915,-0.003869854291513928,-0.0010678401302412152,-0.0042134426,-0.0037762488,-0.001042401,0.0009439597152555922,0.9866666666666667,50,True
30--300s,train2000_2021_test2022_2024,2000-2021,2022-2024,30,45,37.5,-10,0.005804342249578303,0.005804342249578303,0.00702005322490534,0.005682670703317444,0.004710302820512123,0.0057978462,0.009315097,0.006593619,0.007576652750437281,0.8300653594771241,102,True
30--300s,train2000_2021_test2022_2024,2000-2021,2022-2024,30,45,37.5,-9,0.004011797212722906,0.004011797212722906,0.0041353763785289665,0.004279238830355682,0.003620776429284069,0.0035149604,0.0072670127,0.0050904816,0.007220529811969459,0.8,140,True
30--300s,train2000_2021_test2022_2024,2000-2021,2022-2024,30,45,37.5,-8,-0.00027488275157458485,-0.00027488275157458485,0.0009742204002589465,0.003079784454250891,-0.004878653109233592,0.0010132741,0.005516602,-0.0066355416,0.006720770900375614,0.8102981029810299,123,True
30--300s,train2000_2021_test2022_2024,2000-2021,2022-2024,30,45,37.5,-7,0.008471263547849823,0.008471263547849823,0.012508646190065701,0.009298585581873981,0.0036065588716097875,0.010141427,0.014591944,0.0050708666,0.00831267167157893,0.8541666666666666,128,True
30--300s,train2000_2021_test2022_2024,2000-2021,2022-2024,30,45,37.5,-6,0.011066696016669856,0.011066696016669856,0.016742688704555236,0.010818474544804235,0.0056389248006500975,0.013492178,0.01680998,0.007874769,0.008168079421813993,0.9255663430420712,103,True
30--300s,train2000_2021_test2022_2024,2000-2021,2022-2024,30,45,37.5,-5,0.009506342214138515,0.009506342214138515,0.01258544474249453,0.0034938012884979564,0.012439780611423062,0.010202204,0.0061207935,0.017257398,0.009778756182516805,0.8434343434343434,132,True
30--300s,train2000_2021_test2022_2024,2000-2021,2022-2024,30,45,37.5,-4,0.006985556328685125,0.006985556328685125,0.01070535313697325,0.0027105607558120582,0.007540755093270066,0.00871433,0.0049777795,0.0104985805,0.0093555258475012,0.8245614035087718,95,True
30--300s,train2000_2021_test2022_2024,2000-2021,2022-2024,30,45,37.5,-3,0.005660337111445682,0.005660337111445682,0.006874544475338527,0.004789397327225516,0.005317069531773005,0.0056826924,0.008011508,0.0074307295,0.010044841491361615,0.8608695652173913,115,True
30--300s,train2000_2021_test2022_2024,2000-2021,2022-2024,30,45,37.5,-2,0.0051275579149051825,0.0051275579149051825,0.005935859985755011,0.004303646492281646,0.005143167266678892,0.004939833,0.0073026326,0.0071908096,0.008492893614441499,0.8227513227513228,126,True
30--300s,train2000_2021_test2022_2024,2000-2021,2022-2024,30,45,37.5,-1,0.009913020989843709,0.009913020989843709,0.015287478310415034,0.007351639271052615,0.0070999453880634745,0.012340548,0.011750689,0.00989043,0.0061539653989467515,0.9005376344086022,124,True
30--300s,train2000_2021_test2022_2024,2000-2021,2022-2024,30,45,37.5,0,-0.002256976332437226,-0.002256976332437226,-0.0028656636218733185,-0.0020407256237449816,-0.0018645397516933774,-0.0020255463,-0.0019559604,-0.0024771963,0.004920359636829262,0.8809523809523809,140,True
30--300s,train2000_2021_test2022_2024,2000-2021,2022-2024,30,45,37.5,1,-0.0033966864437298006,-0.0033966864437298006,-0.006055450218430012,-0.003157947437828675,-0.0009766616749307137,-0.0045498903,-0.0035863663,-0.0012522577,0.0033518151339382274,0.8753387533875339,123,True
30--300s,train2000_2021_test2022_2024,2000-2021,2022-2024,30,45,37.5,2,-0.005427102686599417,-0.005427102686599417,-0.009173499502203388,-0.004896455304632175,-0.002211353252962687,-0.007017463,-0.0061234394,-0.0029556688,0.0022913115269623113,0.943452380952381,112,True
30--300s,train2000_2021_test2022_2024,2000-2021,2022-2024,30,45,37.5,3,-0.007173909249140655,-0.007173909249140655,-0.010487300707960483,-0.006975268219925668,-0.004059158819535813,-0.008057184,-0.009157133,-0.0055049467,0.0015748879217978053,1.0,97,True
30--300s,train2000_2021_test2022_2024,2000-2021,2022-2024,30,45,37.5,4,-0.0006021809797714596,-0.0006021809797714596,0.0005372696565620425,-0.003777953085207967,0.0014341404893315458,0.00066747854,-0.0044911653,0.0020737445,0.0018000799841388177,0.6739926739926739,91,True
30--300s,train2000_2021_test2022_2024,2000-2021,2022-2024,30,45,37.5,5,-0.0024776386339070765,-0.0024776386339070765,-0.0016808706789050235,-0.005908802887665279,0.00015675766484907303,-0.0010879209,-0.0076007983,0.00031143564,0.00250530867808087,0.7530864197530864,81,True
30--300s,train2000_2021_test2022_2024,2000-2021,2022-2024,30,45,37.5,6,-0.00317602760635207,-0.00317602760635207,-0.00291795311747056,-0.0056133702670266095,-0.00099675943455904,-0.0020669273,-0.007169662,-0.0012799851,0.0019252215797422676,0.8579234972677596,61,True
30--300s,train2000_2021_test2022_2024,2000-2021,2022-2024,30,45,37.5,7,-0.003788555620849966,-0.003788555620849966,-0.0031829700980955484,-0.007083528512448928,-0.0010991682520054213,-0.0022766574,-0.009315122,-0.0014212709,0.0019644588242620454,0.8941798941798942,63,True
30--300s,train2000_2021_test2022_2024,2000-2021,2022-2024,30,45,37.5,8,-0.003474109699429907,-0.003474109699429907,-0.0023792283664507566,-0.0065734235694985274,-0.0014696771623404373,-0.0016405896,-0.008570706,-0.001932434,0.0020617434429603464,0.8585858585858586,33,True
30--300s,train2000_2021_test2022_2024,2000-2021,2022-2024,30,45,37.5,9,-0.004109009070062428,-0.004109009070062428,-0.004166179241574891,-0.006800691695561042,-0.0013601562730513517,-0.0030547527,-0.008902367,-0.0017813364,0.001672648711841027,0.9230769230769231,52,True
30--300s,train2000_2021_test2022_2024,2000-2021,2022-2024,30,45,37.5,10,-0.0037159628534042563,-0.0037159628534042563,-0.0031792465184946796,-0.0067155097461027,-0.00125313229561539,-0.0022737107,-0.008778057,-0.0016336835,0.002175109793097729,0.8722222222222222,60,True
30--300s,train2000_2021_test2022_2024,2000-2021,2022-2024,45,60,52.5,-10,0.004453867145025828,0.004453867145025828,0.005349608629370669,0.00454003887745013,0.003471953928256685,0.0044758837,0.007647609,0.004885162,0.004516662484473495,0.8351648351648352,91,True
30--300s,train2000_2021_test2022_2024,2000-2021,2022-2024,45,60,52.5,-9,0.003536944311928835,0.003536944311928835,0.0035841773779111065,0.0040267794829459466,0.002999876074929451,0.0030787508,0.0068985894,0.004233872,0.005176850302639058,0.8191489361702128,94,True
30--300s,train2000_2021_test2022_2024,2000-2021,2022-2024,45,60,52.5,-8,0.00038906704502264625,0.00038906704502264625,0.0008546173955335097,0.0013939898725986173,-0.0010814061330641882,0.0009186223,0.0030564556,-0.0013967658,0.004631481793857414,0.7824561403508772,95,True
30--300s,train2000_2021_test2022_2024,2000-2021,2022-2024,45,60,52.5,-7,0.006468164981116671,0.006468164981116671,0.009267778367921939,0.006181329275915597,0.00395538729951248,0.007576658,0.010042809,0.005552119,0.00417082539703801,0.9575163398692811,102,True
30--300s,train2000_2021_test2022_2024,2000-2021,2022-2024,45,60,52.5,-6,0.008084519615822433,0.008084519615822433,0.011765627061739494,0.006886275038067829,0.005601656747659975,0.009553415,0.011071564,0.007823353,0.004660714691209301,0.9852507374631267,113,True
30--300s,train2000_2021_test2022_2024,2000-2021,2022-2024,45,60,52.5,-5,0.007812315458640884,0.007812315458640884,0.009076118958659764,0.010705516213387986,0.0036553112038749023,0.0074249823,0.016645133,0.005138126,0.005392671333483849,0.9212598425196851,127,True
30--300s,train2000_2021_test2022_2024,2000-2021,2022-2024,45,60,52.5,-4,0.006763620127069959,0.006763620127069959,0.007410167497818036,0.012485976477466205,0.00039471640592563694,0.006106576,0.01924343,0.0006397294,0.0054746735414363465,0.8350515463917526,97,True
30--300s,train2000_2021_test2022_2024,2000-2021,2022-2024,45,60,52.5,-3,0.006913192361949409,0.006913192361949409,0.005568274390656567,0.012859352526769828,0.00231195016842183,0.0046489323,0.019788312,0.0032847924,0.006361951677229726,0.8541666666666666,96,True
30--300s,train2000_2021_test2022_2024,2000-2021,2022-2024,45,60,52.5,-2,0.005371258652121564,0.005371258652121564,0.0032244653429421544,0.011348673062993904,0.0015406375504286337,0.0027940806,0.017583717,0.0022206705,0.006495650326954101,0.831858407079646,113,True
30--300s,train2000_2021_test2022_2024,2000-2021,2022-2024,45,60,52.5,-1,0.007747415673566365,0.007747415673566365,0.006683684464733717,0.014400176801202397,0.002158385754762981,0.005531649,0.022036897,0.0030729312,0.004835480418804123,0.8720238095238095,112,True
30--300s,train2000_2021_test2022_2024,2000-2021,2022-2024,45,60,52.5,0,0.002485576323106097,0.002485576323106097,0.0011561901393973557,0.00509945969039104,0.0012010791395298968,0.0011572819,0.008463994,0.0017522074,0.0036254702303530986,0.8634920634920635,105,True
30--300s,train2000_2021_test2022_2024,2000-2021,2022-2024,45,60,52.5,1,-0.0009673054935609391,-0.0009673054935609391,-0.004749726017223139,0.001210703914281733,0.0006371056222585893,-0.0035165618,0.002788979,0.0009741356,0.0027419448242399524,0.7551020408163265,98,True
30--300s,train2000_2021_test2022_2024,2000-2021,2022-2024,45,60,52.5,2,-0.004728553202337923,-0.004728553202337923,-0.008615384068193984,-0.003558267710854218,-0.0020120078279655673,-0.006575779,-0.0041705696,-0.0026806467,0.002780037562426762,0.9728682170542636,86,True
30--300s,train2000_2021_test2022_2024,2000-2021,2022-2024,45,60,52.5,3,-0.007541473294975676,-0.007541473294975676,-0.012366174127509646,-0.005392079965537143,-0.004866165791880238,-0.009544092,-0.006846724,-0.006618314,0.0016734306383962294,1.0,117,True
30--300s,train2000_2021_test2022_2024,2000-2021,2022-2024,45,60,52.5,4,-0.0010972873329756975,-0.0010972873329756975,-0.0021533553494695787,-0.002011918885682134,0.0008734122362246204,-0.0014618373,-0.0019139217,0.00130015,0.0016401351609826276,0.7023809523809523,84,True
30--300s,train2000_2021_test2022_2024,2000-2021,2022-2024,45,60,52.5,5,-0.0022475207540861002,-0.0022475207540861002,-0.002364102136619378,-0.003775257941258001,-0.0006032021843809215,-0.0016286189,-0.004487232,-0.0007370238,0.0020093551993209786,0.8316151202749141,97,True
30--300s,train2000_2021_test2022_2024,2000-2021,2022-2024,45,60,52.5,6,-0.0028738634381529826,-0.0028738634381529826,-0.003329961400658899,-0.004295664394244751,-0.000995964519555298,-0.002392984,-0.0052466816,-0.0012788884,0.0017938740856354553,0.8875968992248061,86,True
30--300s,train2000_2021_test2022_2024,2000-2021,2022-2024,45,60,52.5,7,-0.0035719261477129343,-0.0035719261477129343,-0.0031084348642797916,-0.005636186620425652,-0.0019711569584333587,-0.0022176714,-0.0072029587,-0.002624288,0.0013631004128173026,0.9558823529411765,68,True
30--300s,train2000_2021_test2022_2024,2000-2021,2022-2024,45,60,52.5,8,-0.00415379995621607,-0.00415379995621607,-0.004824350260215974,-0.005509537037267329,-0.002127512571164909,-0.0035756181,-0.007018134,-0.0028400002,0.0016834422994374712,0.9794871794871794,65,True
30--300s,train2000_2021_test2022_2024,2000-2021,2022-2024,45,60,52.5,9,-0.004352430663342764,-0.004352430663342764,-0.005409876998990752,-0.005409679180450123,-0.0022377358105874173,-0.0040389947,-0.0068724076,-0.0029920668,0.0017983473805693005,0.9715447154471545,82,True
30--300s,train2000_2021_test2022_2024,2000-2021,2022-2024,45,60,52.5,10,-0.0038126967467655556,-0.0038126967467655556,-0.00399164241721963,-0.005480459480215942,-0.0019659883428610955,-0.002916627,-0.0069756997,-0.0026171573,0.0016090703772377027,0.9635416666666666,64,True
30--300s,train2000_2021_test2022_2024,2000-2021,2022-2024,60,75,67.5,-10,0.003238310920570191,0.003238310920570191,0.004272320722434326,0.0018062675852740045,0.0036363444540022435,0.0036233359,0.0036581086,0.0051119593,0.0037784572506324673,0.8219696969696969,88,True
30--300s,train2000_2021_test2022_2024,2000-2021,2022-2024,60,75,67.5,-9,0.002701055881791798,0.002701055881791798,0.004193154891583638,0.0011066830874888463,0.002803329666302911,0.0035606853,0.0026371775,0.003962712,0.004692657180691504,0.8239700374531834,89,True
30--300s,train2000_2021_test2022_2024,2000-2021,2022-2024,60,75,67.5,-8,0.0005080945062445177,0.0005080945062445177,0.0008687419300765461,-0.0005702030507212982,0.0012257446393783055,0.00092980027,0.00019003119,0.0017862364,0.0050714682811540965,0.7624521072796935,87,True
30--300s,train2000_2021_test2022_2024,2000-2021,2022-2024,60,75,67.5,-7,0.0069863610863855775,0.0069863610863855775,0.011392873479282167,0.004524937783003831,0.005041271996870736,0.009258423,0.0076255715,0.007050232,0.0036661655974337764,0.9587628865979382,97,True
30--300s,train2000_2021_test2022_2024,2000-2021,2022-2024,60,75,67.5,-6,0.007042606705604044,0.007042606705604044,0.009860745914949344,0.004588988291913493,0.006678085909949294,0.008045923,0.0077190427,0.009308421,0.004057066589716777,0.967032967032967,91,True
30--300s,train2000_2021_test2022_2024,2000-2021,2022-2024,60,75,67.5,-5,0.0077686279717014495,0.0077686279717014495,0.010071692790266092,0.008216212028101615,0.00501797909673664,0.008212863,0.013012393,0.007018097,0.004639670416159006,0.9396551724137931,116,True
30--300s,train2000_2021_test2022_2024,2000-2021,2022-2024,60,75,67.5,-4,0.005769721855478588,0.005769721855478588,0.008426227493691466,0.008365498681255284,0.0005174393914890139,0.0069106687,0.013230253,0.0008090411,0.0035616922076913485,0.875,72,True
30--300s,train2000_2021_test2022_2024,2000-2021,2022-2024,60,75,67.5,-3,0.0056342410573295655,0.0056342410573295655,0.005623751902653901,0.008243411323817978,0.0030355599455168174,0.004692836,0.013052087,0.004283102,0.0044351969621216625,0.877887788778878,101,True
30--300s,train2000_2021_test2022_2024,2000-2021,2022-2024,60,75,67.5,-2,0.005341399795412979,0.005341399795412979,0.004747126363590409,0.008450388610015201,0.0028266844126333263,0.0039990894,0.013354138,0.0039949324,0.004572822899737279,0.8588588588588588,111,True
30--300s,train2000_2021_test2022_2024,2000-2021,2022-2024,60,75,67.5,-1,0.006363166718512274,0.006363166718512274,0.006203133800759372,0.010043252665875139,0.0028431136889023115,0.0051513496,0.015678667,0.004017599,0.0026185948971004197,0.9158576051779935,103,True
30--300s,train2000_2021_test2022_2024,2000-2021,2022-2024,60,75,67.5,0,0.0013359680912244623,0.0013359680912244623,0.00014163336717848784,0.0026605577657148128,0.0012057131407800861,0.00035437863,0.0049048075,0.0017586006,0.0029400347959986878,0.8478964401294498,103,True
30--300s,train2000_2021_test2022_2024,2000-2021,2022-2024,60,75,67.5,1,-0.0005107909337123895,-0.0005107909337123895,-0.00404416044320235,0.0014248872131005774,0.0010869004289646039,-0.0029581892,0.0031015452,0.0015946836,0.00215610711305175,0.7371794871794871,104,True
30--300s,train2000_2021_test2022_2024,2000-2021,2022-2024,60,75,67.5,2,-0.00525071957588068,-0.00525071957588068,-0.009604291796062057,-0.0038182841334529444,-0.00232958279812704,-0.0073583843,-0.0045500216,-0.0031187811,0.002232296680381015,0.9896907216494846,97,True
30--300s,train2000_2021_test2022_2024,2000-2021,2022-2024,60,75,67.5,3,-0.008083671351952516,-0.008083671351952516,-0.013464799783758632,-0.005662301080164694,-0.005123913191934223,-0.010413527,-0.0072410684,-0.0069739087,0.001463846090852204,1.0,101,True
30--300s,train2000_2021_test2022_2024,2000-2021,2022-2024,60,75,67.5,4,-0.0013736123464564466,-0.0013736123464564466,-0.0022628832149668363,-0.0023563460164700463,0.0004983921920675422,-0.0015485159,-0.0024165579,0.00078276306,0.0015115955367313698,0.7203065134099617,87,True
30--300s,train2000_2021_test2022_2024,2000-2021,2022-2024,60,75,67.5,5,-0.002800564307523977,-0.002800564307523977,-0.0036651463772010614,-0.0038887504829683435,-0.0008477960624025254,-0.0026582438,-0.004652856,-0.0010744715,0.0018099907150990297,0.8977272727272727,88,True
30--300s,train2000_2021_test2022_2024,2000-2021,2022-2024,60,75,67.5,6,-0.0031376134597385207,-0.0031376134597385207,-0.003693533892714745,-0.004493151036818617,-0.0012261554496822017,-0.0026807091,-0.0055348813,-0.0015964656,0.0015981060264904838,0.9157509157509157,91,True
30--300s,train2000_2021_test2022_2024,2000-2021,2022-2024,60,75,67.5,7,-0.004501380280898646,-0.004501380280898646,-0.0051670690764915785,-0.00575666646037272,-0.0025804053058316374,-0.0038468405,-0.00737878,-0.0034648222,0.0017492394595545033,0.9806201550387597,86,True
30--300s,train2000_2021_test2022_2024,2000-2021,2022-2024,60,75,67.5,8,-0.004367713761934224,-0.004367713761934224,-0.005199776480857358,-0.005446875121501872,-0.002456489683443442,-0.0038727245,-0.0069266893,-0.003293865,0.0012786572213801452,0.9817351598173517,73,True
30--300s,train2000_2021_test2022_2024,2000-2021,2022-2024,60,75,67.5,9,-0.005015613283677068,-0.005015613283677068,-0.006403452083377518,-0.005851181269010438,-0.002792206498643247,-0.004825293,-0.007516709,-0.0037570284,0.0017599687255816987,0.9781420765027322,61,True
30--300s,train2000_2021_test2022_2024,2000-2021,2022-2024,60,75,67.5,10,-0.004371476916138195,-0.004371476916138195,-0.0053490027804909725,-0.0053505567024880124,-0.0024148712654355987,-0.0039908197,-0.0067861276,-0.0032364472,0.001915561791893215,0.9784946236559139,62,True
30--300s,train2000_2021_test2022_2024,2000-2021,2022-2024,75,90,82.5,-10,0.0011573471541964626,0.0011573471541964626,0.0021490048684227377,3.990475880272762e-05,0.0012831318353639222,0.001942979,0.0010803856,0.0018654093,0.002258407709626003,0.7989417989417988,63,True
30--300s,train2000_2021_test2022_2024,2000-2021,2022-2024,75,90,82.5,-9,-0.0002833560044438494,-0.0002833560044438494,-0.0006750247840131436,-0.00033838716364369267,0.00016334393432528797,-0.0002919111,0.0005283293,0.0003205222,0.0020175609562301184,0.7569444444444443,96,True
30--300s,train2000_2021_test2022_2024,2000-2021,2022-2024,75,90,82.5,-8,-0.0020915643039831995,-0.0020915643039831995,-0.002778606631703956,-0.0020427260434054645,-0.0014533602368401771,-0.0019566508,-0.0019588796,-0.0019099229,0.002872949206439896,0.9054054054054054,74,True
30--300s,train2000_2021_test2022_2024,2000-2021,2022-2024,75,90,82.5,-7,0.005214742128453554,0.005214742128453554,0.006381662826209694,0.004370811183011647,0.00489175237613932,0.0052926345,0.0074006487,0.0068439515,0.0019090089012678952,0.9957805907172996,79,True
30--300s,train2000_2021_test2022_2024,2000-2021,2022-2024,75,90,82.5,-6,0.0031287174349011178,0.0031287174349011178,0.004635110955399559,0.001912500748503624,0.0028385406008001692,0.0039104423,0.0038131387,0.0040112897,0.0021303061370501943,0.9215686274509803,102,True
30--300s,train2000_2021_test2022_2024,2000-2021,2022-2024,75,90,82.5,-5,0.0023636959454229117,0.0023636959454229117,0.0032892046530724676,0.0029048258541154136,0.0008970573290808538,0.0028453143,0.005261278,0.0013327713,0.0025521255755601236,0.9186991869918698,82,True
30--300s,train2000_2021_test2022_2024,2000-2021,2022-2024,75,90,82.5,-4,0.0002716467042397746,0.0002716467042397746,-0.0017059165109800992,0.0035202791697495784,-0.0009994225460501556,-0.0011077416,0.006159433,-0.0012836591,0.0032781954410983057,0.7607843137254903,85,True
30--300s,train2000_2021_test2022_2024,2000-2021,2022-2024,75,90,82.5,-3,-0.0006890639429482389,-0.0006890639429482389,-0.003946287698426013,0.003226300939330955,-0.001347205069749659,-0.0028807342,0.0057304194,-0.0017634686,0.003175591229317816,0.7454545454545455,110,True
30--300s,train2000_2021_test2022_2024,2000-2021,2022-2024,75,90,82.5,-2,-0.0003215742605604921,-0.0003215742605604921,-0.0033725726385466174,0.00330666987477206,-0.0008988200179069188,-0.0024267056,0.0058477046,-0.0011448655,0.0034080658529519483,0.7572815533980582,103,True
30--300s,train2000_2021_test2022_2024,2000-2021,2022-2024,75,90,82.5,-1,0.0005648669088127508,0.0005648669088127508,-0.002519229620041398,0.005232962007930211,-0.001019131661450561,-0.0017513842,0.008658819,-0.0013108504,0.003191308291559518,0.7458745874587458,101,True
30--300s,train2000_2021_test2022_2024,2000-2021,2022-2024,75,90,82.5,0,-0.002057796770048345,-0.002057796770048345,-0.006318426657901213,-0.00047954069446249655,0.0006245770422186738,-0.0047580055,0.00032233834,0.0009568508,0.002546207050498722,0.7448979591836735,98,True
30--300s,train2000_2021_test2022_2024,2000-2021,2022-2024,75,90,82.5,1,-0.002396199712183417,-0.002396199712183417,-0.004006456242109938,-0.002624519034257026,-0.000557623860183287,-0.0029283508,-0.002807913,-0.0006741428,0.002287346674773613,0.8090614886731391,103,True
30--300s,train2000_2021_test2022_2024,2000-2021,2022-2024,75,90,82.5,2,-0.0049925211931297125,-0.0049925211931297125,-0.008684554832839137,-0.003727108600755689,-0.002565900145794312,-0.00663052,-0.004416966,-0.0034448104,0.0021010623377182075,0.9973544973544974,126,True
30--300s,train2000_2021_test2022_2024,2000-2021,2022-2024,75,90,82.5,3,-0.008228005058639406,-0.008228005058639406,-0.01295130040789927,-0.0056614336555373635,-0.006071281112481582,-0.010007151,-0.0072398023,-0.008280921,0.0014425180615726682,1.0,111,True
30--300s,train2000_2021_test2022_2024,2000-2021,2022-2024,75,90,82.5,4,-0.0019328005214478386,-0.0019328005214478386,-0.0027493239832005753,-0.0024167090051798188,-0.0006323685759631222,-0.0019334769,-0.002504648,-0.0007772625,0.0014906695997171841,0.888888888888889,84,True
30--300s,train2000_2021_test2022_2024,2000-2021,2022-2024,75,90,82.5,5,-0.0029451570577818807,-0.0029451570577818807,-0.003037159836320356,-0.0038995357443608824,-0.0018987755926644044,-0.0021612656,-0.0046685953,-0.0025244288,0.0014120632995843782,0.9354838709677419,93,True
30--300s,train2000_2021_test2022_2024,2000-2021,2022-2024,75,90,82.5,6,-0.003456601592077006,-0.003456601592077006,-0.0033180724806248685,-0.004686634883534987,-0.0023650974120711615,-0.002383575,-0.0058172406,-0.003167778,0.0014769774439619449,0.9259259259259258,90,True
30--300s,train2000_2021_test2022_2024,2000-2021,2022-2024,75,90,82.5,7,-0.004269210959732369,-0.004269210959732369,-0.0036452356878461135,-0.005806646100378422,-0.00335575109097257,-0.0026424867,-0.0074517173,-0.004534508,0.0014926991160802217,0.9726027397260274,73,True
30--300s,train2000_2021_test2022_2024,2000-2021,2022-2024,75,90,82.5,8,-0.004654815139113928,-0.004654815139113928,-0.004865681979915142,-0.005513741237371627,-0.0035850222000550166,-0.0036083276,-0.0070242696,-0.0048508164,0.0015046905976074771,0.9817351598173517,73,True
30--300s,train2000_2021_test2022_2024,2000-2021,2022-2024,75,90,82.5,9,-0.004717296028897142,-0.004717296028897142,-0.00475726763003502,-0.005737083910321389,-0.003657536546335017,-0.0035225302,-0.007350202,-0.0049508587,0.0015652457064601485,0.9904761904761904,70,True
30--300s,train2000_2021_test2022_2024,2000-2021,2022-2024,75,90,82.5,10,-0.004572294561829047,-0.004572294561829047,-0.004517008845397344,-0.005617819748388351,-0.003582055091701448,-0.0033323935,-0.007176155,-0.004846723,0.0014745972917495145,0.9824561403508771,57,True
30--300s,train2000_2021_test2022_2024,2000-2021,2022-2024,90,105,97.5,-10,0.000816687831219038,0.000816687831219038,0.0023821528700894916,-0.00048799922975310096,0.0005559098533207232,0.0021274884,0.00030999447,0.0008621159,0.0021050035842096115,0.7922705314009661,69,True
30--300s,train2000_2021_test2022_2024,2000-2021,2022-2024,90,105,97.5,-9,1.0201220647031165e-05,1.0201220647031165e-05,0.0006494028784179488,-0.0005259757475380945,-9.282346893876076e-05,0.0007562189,0.00025457385,-3.2892673e-05,0.001850154744890498,0.7587719298245613,76,True
30--300s,train2000_2021_test2022_2024,2000-2021,2022-2024,90,105,97.5,-8,-0.00255251483659781,-0.00255251483659781,-0.002831090541841974,-0.0027153045916340946,-0.002111149376317362,-0.0019981856,-0.0029404,-0.002817425,0.003011408394420626,0.9102564102564102,78,True
30--300s,train2000_2021_test2022_2024,2000-2021,2022-2024,90,105,97.5,-7,0.004813238486628193,0.004813238486628193,0.005689649938158871,0.0037770347825178915,0.004973030739207815,0.0047449865,0.006534127,0.006956085,0.0023720897364024923,0.9796747967479674,82,True
30--300s,train2000_2021_test2022_2024,2000-2021,2022-2024,90,105,97.5,-6,0.0023526646472561575,0.0023526646472561575,0.0032757859696150157,0.001107212213228861,0.002674995758924595,0.002834695,0.0026379495,0.003785659,0.0023586538739995794,0.8888888888888888,90,True
30--300s,train2000_2021_test2022_2024,2000-2021,2022-2024,90,105,97.5,-5,0.0025993490209744964,0.0025993490209744964,0.002190763280685353,0.0021547931434268944,0.0034524906388112417,0.001976026,0.0041667256,0.0048583103,0.0019244378020048234,0.9192982456140351,95,True
30--300s,train2000_2021_test2022_2024,2000-2021,2022-2024,90,105,97.5,-4,0.0005162312111122081,0.0005162312111122081,-0.0011750476321205458,0.0011733503258053676,0.0015503909396518028,-0.00068762084,0.0027344674,0.0022341267,0.003574726805550291,0.8433333333333333,100,True
30--300s,train2000_2021_test2022_2024,2000-2021,2022-2024,90,105,97.5,-3,-0.0005351067067240379,-0.0005351067067240379,-0.004132741387670137,0.0013300974251381195,0.001197323842359904,-0.0030282906,0.0029632146,0.0017470263,0.0036717087168872155,0.7971014492753623,115,True
30--300s,train2000_2021_test2022_2024,2000-2021,2022-2024,90,105,97.5,-2,-0.00029840053203686263,-0.00029840053203686263,-0.0033441917956472324,0.0013185177740761393,0.001130472425460505,-0.0024042455,0.002946316,0.0016547965,0.00374276161722093,0.8237179487179488,104,True
30--300s,train2000_2021_test2022_2024,2000-2021,2022-2024,90,105,97.5,-1,0.0007795731428400951,0.0007795731428400951,-0.0030068712901418983,0.0036822803434615517,0.001663310375200632,-0.0021372957,0.006395848,0.002389913,0.0034615733658435446,0.7986111111111112,96,True
30--300s,train2000_2021_test2022_2024,2000-2021,2022-2024,90,105,97.5,0,-0.0024388433166188765,-0.0024388433166188765,-0.006619786645816455,5.710944407199001e-05,-0.0007538527481121649,-0.0049964967,0.001105493,-0.00094486505,0.002719075484572385,0.7991452991452991,78,True
30--300s,train2000_2021_test2022_2024,2000-2021,2022-2024,90,105,97.5,1,-0.002574037082837825,-0.002574037082837825,-0.0034193619191840415,-0.0023619113171456986,-0.0019408380121837343,-0.0024637338,-0.0024246795,-0.0025824592,0.0023812792720987403,0.8985507246376813,92,True
30--300s,train2000_2021_test2022_2024,2000-2021,2022-2024,90,105,97.5,2,-0.004366728112575243,-0.004366728112575243,-0.007541182760721698,-0.0035413564837820364,-0.002017645093221994,-0.0057256743,-0.00414589,-0.0026884242,0.0020008718403923065,0.9629629629629629,99,True
30--300s,train2000_2021_test2022_2024,2000-2021,2022-2024,90,105,97.5,3,-0.007363654546667314,-0.007363654546667314,-0.011715884230504688,-0.005056528935405212,-0.0053185504740920425,-0.009029464,-0.006357041,-0.0072424347,0.001481428718343353,1.0,104,True
30--300s,train2000_2021_test2022_2024,2000-2021,2022-2024,90,105,97.5,4,-0.0017326455161373105,-0.0017326455161373105,-0.002639073260490485,-0.0019516476019611265,-0.0006072156859603202,-0.0018462265,-0.0018259655,-0.0007425609,0.0014687201053348712,0.872093023255814,86,True
30--300s,train2000_2021_test2022_2024,2000-2021,2022-2024,90,105,97.5,5,-0.0027416622174003267,-0.0027416622174003267,-0.0027957267082445625,-0.0034222729787671043,-0.002006986965189313,-0.0019701994,-0.003972107,-0.0026737198,0.001458239472778464,0.9033816425120773,69,True
30--300s,train2000_2021_test2022_2024,2000-2021,2022-2024,90,105,97.5,6,-0.003412015839125003,-0.003412015839125003,-0.002736637499447223,-0.004463143684923939,-0.003036266333003846,-0.0019234371,-0.005491091,-0.004093739,0.0016455191478817975,0.9212121212121211,110,True
30--300s,train2000_2021_test2022_2024,2000-2021,2022-2024,90,105,97.5,7,-0.004674719156964095,-0.004674719156964095,-0.0043655258410005065,-0.005478221102531702,-0.004180410527360078,-0.0032125122,-0.0069724335,-0.005672229,0.0014650972848838002,0.9799196787148594,83,True
30--300s,train2000_2021_test2022_2024,2000-2021,2022-2024,90,105,97.5,8,-0.0047469396783164745,-0.0047469396783164745,-0.004968242948690601,-0.005318895636855988,-0.003953680449402832,-0.0036894928,-0.0067399237,-0.0053594266,0.0013727179419991528,0.9907407407407407,72,True
30--300s,train2000_2021_test2022_2024,2000-2021,2022-2024,90,105,97.5,9,-0.004547575764397409,-0.004547575764397409,-0.004280111248720716,-0.005461307696908683,-0.0039013083475628266,-0.0031449166,-0.0069477507,-0.0052871727,0.00125734650688522,0.9848484848484849,66,True
30--300s,train2000_2021_test2022_2024,2000-2021,2022-2024,90,105,97.5,10,-0.004743645271078502,-0.004743645271078502,-0.004809887189278784,-0.00542920503502011,-0.003991843588936611,-0.0035641727,-0.0069009024,-0.005412077,0.001600214950760558,0.9901960784313725,68,True
30--300s,train2000_2021_test2022_2024,2000-2021,2022-2024,105,120,112.5,-10,0.0008779405951421322,0.0008779405951421322,0.002248792927747112,-0.0004313088104515982,0.0008163376681308826,0.0020219495,0.00039272505,0.0012214085,0.0024032839578349363,0.8225108225108224,77,True
30--300s,train2000_2021_test2022_2024,2000-2021,2022-2024,105,120,112.5,-9,0.00027244617779899224,0.00027244617779899224,0.001221494314034237,-0.0004988596597719821,9.470387913472192e-05,0.0012089626,0.00029414543,0.0002258247,0.0022238511716627793,0.8709677419354839,93,True
30--300s,train2000_2021_test2022_2024,2000-2021,2022-2024,105,120,112.5,-8,-0.0019425483643260755,-0.0019425483643260755,-0.0011756347283565013,-0.0028034703539081282,-0.0018485400107135974,-0.00068808545,-0.003069064,-0.0024551228,0.002923730794860473,0.88,75,True
30--300s,train2000_2021_test2022_2024,2000-2021,2022-2024,105,120,112.5,-7,0.006002883108806775,0.006002883108806775,0.007279100590923107,0.0047848472712367805,0.0059447014642604375,0.0060028518,0.0080048675,0.008296626,0.002555000582303439,0.9853479853479854,91,True
30--300s,train2000_2021_test2022_2024,2000-2021,2022-2024,105,120,112.5,-6,0.00374292645504045,0.00374292645504045,0.004867044415537652,0.0021608827871105536,0.004200852162473143,0.0040939907,0.0041756127,0.0058907685,0.0025736843799559566,0.9552845528455284,82,True
30--300s,train2000_2021_test2022_2024,2000-2021,2022-2024,105,120,112.5,-5,0.0034096283791283538,0.0034096283791283538,0.002948697414584374,0.003489730301979955,0.003790457420820732,0.0025758424,0.006114852,0.0053245774,0.0030992707329354956,0.9534883720930233,86,True
30--300s,train2000_2021_test2022_2024,2000-2021,2022-2024,105,120,112.5,-4,0.003521268437191587,0.003521268437191587,0.0017907201717027833,0.004741860290991285,0.004031224848880692,0.0016594386,0.0079421345,0.005656746,0.0030150522544842503,0.9134199134199134,77,True
30--300s,train2000_2021_test2022_2024,2000-2021,2022-2024,105,120,112.5,-3,0.004011868290958525,0.004011868290958525,0.0010372088819413346,0.0069988943956102575,0.00399950159532398,0.0010631222,0.011235914,0.00561298,0.002464692408333572,0.8715596330275229,109,True
30--300s,train2000_2021_test2022_2024,2000-2021,2022-2024,105,120,112.5,-2,0.0037023268979137713,0.0037023268979137713,0.0007632242177220292,0.006675825425544454,0.003667931050474831,0.0008462953,0.010764446,0.0051555373,0.002334010375282484,0.8580246913580247,108,True
30--300s,train2000_2021_test2022_2024,2000-2021,2022-2024,105,120,112.5,-1,0.0033086873715422235,0.0033086873715422235,-2.8503272101645195e-07,0.006590384901420788,0.0033359622459268987,0.00024206674,0.01063976,0.004697545,0.002837265073585885,0.8476190476190476,105,True
30--300s,train2000_2021_test2022_2024,2000-2021,2022-2024,105,120,112.5,0,-0.0003020820362209389,-0.0003020820362209389,-0.003681535287916008,0.002909334603061381,-0.0001340454238081899,-0.0026712134,0.005267858,-8.97635e-05,0.0023362461283821133,0.7483660130718954,102,True
30--300s,train2000_2021_test2022_2024,2000-2021,2022-2024,105,120,112.5,1,-0.0010772436506891164,-0.0010772436506891164,-0.0023662588978854908,-0.00015737161730234244,-0.0007081004368795159,-0.0016303257,0.00079249236,-0.00088174397,0.002097045758946968,0.8122977346278317,103,True
30--300s,train2000_2021_test2022_2024,2000-2021,2022-2024,105,120,112.5,2,-0.003676276424072914,-0.003676276424072914,-0.006606991825940899,-0.0029824383424075685,-0.001439399103870273,-0.0049863714,-0.0033302389,-0.0018906618,0.001990757999296383,0.9428571428571428,105,True
30--300s,train2000_2021_test2022_2024,2000-2021,2022-2024,105,120,112.5,3,-0.006975660369137042,-0.006975660369137042,-0.011822541621973085,-0.0046923963592692694,-0.00441204312616877,-0.009113871,-0.0058256485,-0.0059917946,0.002005168409790318,0.996168582375479,87,True
30--300s,train2000_2021_test2022_2024,2000-2021,2022-2024,105,120,112.5,4,-0.0018718216617000262,-0.0018718216617000262,-0.0036089053914262056,-0.0019931585887424394,-1.3401004931433956e-05,-0.0026137354,-0.001886544,7.6680524e-05,0.0019392984329487497,0.8292682926829268,82,True
30--300s,train2000_2021_test2022_2024,2000-2021,2022-2024,105,120,112.5,5,-0.002597313319773175,-0.002597313319773175,-0.002878827965168809,-0.0034139894217380833,-0.0014991225724126315,-0.0020359643,-0.0039600185,-0.0019730576,0.0021316448181206804,0.8641975308641975,81,True
30--300s,train2000_2021_test2022_2024,2000-2021,2022-2024,105,120,112.5,6,-0.0032307226139688294,-0.0032307226139688294,-0.003422537617156132,-0.004000184433896865,-0.002269445790853491,-0.002466247,-0.004815476,-0.0030358147,0.002006885079424832,0.8961038961038961,77,True
30--300s,train2000_2021_test2022_2024,2000-2021,2022-2024,105,120,112.5,7,-0.004023844190849928,-0.004023844190849928,-0.0036166308179714675,-0.005114226009247389,-0.0033406757453309285,-0.0026198493,-0.006441241,-0.00451371,0.0018787473393418724,0.9450980392156862,85,True
30--300s,train2000_2021_test2022_2024,2000-2021,2022-2024,105,120,112.5,8,-0.004059709554290415,-0.004059709554290415,-0.0040516137355414445,-0.005012112418944025,-0.003115402508385772,-0.0029640875,-0.0062922225,-0.0042029177,0.0015917806323055186,0.9827586206896551,58,True
30--300s,train2000_2021_test2022_2024,2000-2021,2022-2024,105,120,112.5,9,-0.004494245810605998,-0.004494245810605998,-0.004809430801939272,-0.005097858326750205,-0.003575448303128518,-0.0035638113,-0.006417355,-0.004837608,0.0017523296919700999,0.9781420765027322,61,True
30--300s,train2000_2021_test2022_2024,2000-2021,2022-2024,105,120,112.5,10,-0.00427602258921021,-0.00427602258921021,-0.004642102750673281,-0.0049226261785752495,-0.0032633388383821005,-0.0034313907,-0.0061616316,-0.0044070138,0.0016573086665926055,0.9888888888888889,60,True
30--300s,train2000_2021_test2022_2024,2000-2021,2022-2024,120,135,127.5,-10,0.0013708417328103931,0.0013708417328103931,0.0027310471802552143,0.0002508720510019052,0.0011306059671740598,0.0024035976,0.0013882585,0.0016549808,0.0014104269600184896,0.8142076502732241,61,True
30--300s,train2000_2021_test2022_2024,2000-2021,2022-2024,120,135,127.5,-9,-8.648954591271083e-06,-8.648954591271083e-06,0.00041144647899257124,-0.000369958959597421,-6.743438316896352e-05,0.0005679042,0.0004822553,2.1347391e-06,0.0013918400049910717,0.7883597883597884,63,True
30--300s,train2000_2021_test2022_2024,2000-2021,2022-2024,120,135,127.5,-8,-0.002569360199990192,-0.002569360199990192,-0.0024612864070216885,-0.002999915666737416,-0.002246878526211472,-0.0017055288,-0.0033557443,-0.0030046804,0.0021698954878147706,0.9027777777777778,72,True
30--300s,train2000_2021_test2022_2024,2000-2021,2022-2024,120,135,127.5,-7,0.004676742035782498,0.004676742035782498,0.004707854960909723,0.0039822279511557935,0.0053401431952819775,0.0039680107,0.0068335733,0.0074625625,0.002384383989352598,0.987012987012987,77,True
30--300s,train2000_2021_test2022_2024,2000-2021,2022-2024,120,135,127.5,-6,0.0023532548144745706,0.0023532548144745706,0.0021831573498238147,0.0016268511132973356,0.003249755980302562,0.0019700069,0.003396279,0.0045786123,0.0023569208963707417,0.9101123595505618,89,True
30--300s,train2000_2021_test2022_2024,2000-2021,2022-2024,120,135,127.5,-5,0.0013821334619544498,0.0013821334619544498,-0.00014423802947873029,0.0020226179519629802,0.0022680204633790993,0.00012814473,0.003973837,0.0032241861,0.0029644945939510123,0.8945147679324895,79,True
30--300s,train2000_2021_test2022_2024,2000-2021,2022-2024,120,135,127.5,-4,0.0009859906567958395,0.0009859906567958395,-0.0023418939036140164,0.0032330787814378635,0.002066787092563671,-0.0016110436,0.00574031,0.0029465596,0.002518383976545632,0.8114478114478114,99,True
30--300s,train2000_2021_test2022_2024,2000-2021,2022-2024,120,135,127.5,-3,0.001289205141873942,0.001289205141873942,-0.0034350752191496313,0.005360902060355656,0.0019417885844158018,-0.0024761693,0.008845527,0.0027741082,0.0032331121011916573,0.7647058823529411,102,True
30--300s,train2000_2021_test2022_2024,2000-2021,2022-2024,120,135,127.5,-2,0.001124897521654523,0.001124897521654523,-0.0031242480462480215,0.004863324145077734,0.001635616466133856,-0.0022301858,0.008119392,0.002351706,0.0037309478930058525,0.7986798679867986,101,True
30--300s,train2000_2021_test2022_2024,2000-2021,2022-2024,120,135,127.5,-1,0.0005783073845730245,0.0005783073845730245,-0.004517222576562931,0.004974078273069764,0.001278066457212242,-0.0033325625,0.0082810195,0.0018584209,0.0032083941282082798,0.7748538011695906,114,True
30--300s,train2000_2021_test2022_2024,2000-2021,2022-2024,120,135,127.5,0,-0.0020093245971172595,-0.0020093245971172595,-0.0070910255777829065,0.0017923864916543676,-0.0007293347052232394,-0.005369427,0.0036378514,-0.0009110393,0.0030664536360543743,0.7474747474747475,99,True
30--300s,train2000_2021_test2022_2024,2000-2021,2022-2024,120,135,127.5,1,-0.002414568135295972,-0.002414568135295972,-0.004818231190434469,-0.0007050881073757114,-0.0017203851080777363,-0.0035707757,-6.811898e-06,-0.002278317,0.0026034673168100595,0.8617886178861789,82,True
30--300s,train2000_2021_test2022_2024,2000-2021,2022-2024,120,135,127.5,2,-0.004101203679965371,-0.004101203679965371,-0.007788123902742045,-0.0029361688052146648,-0.001579318331939405,-0.0059211,-0.0032627159,-0.0020836978,0.002228095298097895,0.9176954732510287,81,True
30--300s,train2000_2021_test2022_2024,2000-2021,2022-2024,120,135,127.5,3,-0.0051195859249443245,-0.0051195859249443245,-0.009893083056177067,-0.0030319524737304026,-0.0024337222449255028,-0.0075869295,-0.003402497,-0.0032624544,0.0016365050481631739,0.9919678714859437,83,True
30--300s,train2000_2021_test2022_2024,2000-2021,2022-2024,120,135,127.5,4,-0.000506155009137404,-0.000506155009137404,-0.0017574030635201905,-0.00021882404034496275,0.00045776207645294116,-0.0011484873,0.00070281245,0.00072670873,0.0015102187403398014,0.7945205479452054,73,True
30--300s,train2000_2021_test2022_2024,2000-2021,2022-2024,120,135,127.5,5,-0.0008699463552576666,-0.0008699463552576666,-0.0015631982681591256,-0.0013138826722868175,0.0002672418746729432,-0.0009947969,-0.00089524983,0.00046386235,0.0013714839275168983,0.7777777777777778,87,True
30--300s,train2000_2021_test2022_2024,2000-2021,2022-2024,120,135,127.5,6,-0.0013019629681817278,-0.0013019629681817278,-0.0015818474156631022,-0.0019481584279939647,-0.00037588306088811625,-0.0010095554,-0.0018208735,-0.0004234087,0.001576442808783276,0.8333333333333334,72,True
30--300s,train2000_2021_test2022_2024,2000-2021,2022-2024,120,135,127.5,7,-0.0024017331413486074,-0.0024017331413486074,-0.0023118048743027827,-0.003145304109982417,-0.0017480904397606232,-0.0015872316,-0.0035679152,-0.0023165399,0.001089641845155777,0.9363295880149812,89,True
30--300s,train2000_2021_test2022_2024,2000-2021,2022-2024,120,135,127.5,8,-0.003144875510700051,-0.003144875510700051,-0.004022252485310893,-0.003215950360726348,-0.0021964236860629134,-0.0029408515,-0.0036710124,-0.0029350715,0.0015063237403203965,0.9646464646464646,66,True
30--300s,train2000_2021_test2022_2024,2000-2021,2022-2024,120,135,127.5,9,-0.002768619111228515,-0.002768619111228515,-0.0033295680326297324,-0.002991454718121161,-0.001984834582934652,-0.0023926725,-0.003343397,-0.002643158,0.0015035803922092107,0.9607843137254901,68,True
30--300s,train2000_2021_test2022_2024,2000-2021,2022-2024,120,135,127.5,10,-0.0029779328816787773,-0.0029779328816787773,-0.0036313074679734424,-0.00321501384456822,-0.0020874773324946676,-0.0026314643,-0.0036696456,-0.0027847665,0.0016186323422045957,0.9591836734693877,49,True
30--300s,train2000_2021_test2022_2024,2000-2021,2022-2024,135,150,142.5,-10,0.0016059218208781922,0.0016059218208781922,0.0028627128795064806,3.305338523592988e-05,0.001921999197892166,0.0025077956,0.0010703871,0.0027468065,0.001781568623188397,0.9033816425120773,69,True
30--300s,train2000_2021_test2022_2024,2000-2021,2022-2024,135,150,142.5,-9,0.0006973035301212021,0.0006973035301212021,0.0013073801446784345,-9.093127506842023e-05,0.0008754617207535923,0.0012769311,0.0008894514,0.0013029776,0.0018220643459579623,0.7979797979797979,66,True
30--300s,train2000_2021_test2022_2024,2000-2021,2022-2024,135,150,142.5,-8,-0.001637890892265769,-0.001637890892265769,-0.0015925496670732902,-0.0022767576818566956,-0.001044365327867321,-0.0010180251,-0.0023004115,-0.0013456633,0.0023760104015041494,0.8308457711442786,67,True
30--300s,train2000_2021_test2022_2024,2000-2021,2022-2024,135,150,142.5,-7,0.005324737695568148,0.005324737695568148,0.005498625220073326,0.00435162429860763,0.006123963568023489,0.004593813,0.007372648,0.00854394,0.002698475983183503,0.9957805907172996,79,True
30--300s,train2000_2021_test2022_2024,2000-2021,2022-2024,135,150,142.5,-6,0.002425987484368014,0.002425987484368014,0.0036757714698127317,0.001219471385484762,0.0023827195978065488,0.003151237,0.0028017736,0.0033824279,0.0018970028189843925,0.9147286821705427,86,True
30--300s,train2000_2021_test2022_2024,2000-2021,2022-2024,135,150,142.5,-5,0.0021534318406775735,0.0021534318406775735,0.0014114532315266032,0.0019102729709571914,0.0031385693195489254,0.0013592929,0.0038098877,0.0044252165,0.002654820934663769,0.9254385964912281,76,True
30--300s,train2000_2021_test2022_2024,2000-2021,2022-2024,135,150,142.5,-4,0.0028117730239566093,0.0028117730239566093,0.0003360841915220072,0.004320813135181637,0.003778421745166183,0.00050826377,0.0073276837,0.005307973,0.00219090910820794,0.8477366255144033,81,True
30--300s,train2000_2021_test2022_2024,2000-2021,2022-2024,135,150,142.5,-3,0.002445312251663367,0.002445312251663367,-0.0008709994865243609,0.0047075720326650045,0.0034993642088494586,-0.00044700218,0.007892096,0.004922978,0.0028364361936093637,0.8444444444444444,105,True
30--300s,train2000_2021_test2022_2024,2000-2021,2022-2024,135,150,142.5,-2,0.003001553355005128,0.003001553355005128,0.00044068555640843936,0.00510489916751806,0.003459075341088885,0.0005910435,0.008471931,0.004867395,0.00290801864386279,0.8575757575757575,110,True
30--300s,train2000_2021_test2022_2024,2000-2021,2022-2024,135,150,142.5,-1,0.0027516905194732264,0.0027516905194732264,0.0001319166758881621,0.004529613756746569,0.003593541125784948,0.00034668896,0.0076323953,0.0050529074,0.0030176776861462443,0.869281045751634,102,True
30--300s,train2000_2021_test2022_2024,2000-2021,2022-2024,135,150,142.5,0,-0.0005460295776174458,-0.0005460295776174458,-0.0037967460460619057,0.0019653346421776995,0.00019332267103186866,-0.0027623894,0.0038902413,0.00036188163,0.0024691055455104364,0.7619047619047619,98,True
30--300s,train2000_2021_test2022_2024,2000-2021,2022-2024,135,150,142.5,1,-0.0019902514904743575,-0.0019902514904743575,-0.004621711138494679,-0.0003641067363655166,-0.0009849365965628766,-0.0034152532,0.00049079565,-0.001263674,0.0026413581911233566,0.8091168091168092,117,True
30--300s,train2000_2021_test2022_2024,2000-2021,2022-2024,135,150,142.5,2,-0.003359211874894282,-0.003359211874894282,-0.005829999735216487,-0.0027778785354060243,-0.0014697573540603333,-0.0043714726,-0.003031717,-0.0019325446,0.001851520116922432,0.9146341463414634,82,True
30--300s,train2000_2021_test2022_2024,2000-2021,2022-2024,135,150,142.5,3,-0.004506212487649219,-0.004506212487649219,-0.008471885950778765,-0.0028164976184637583,-0.002230253893705134,-0.006462218,-0.0030880752,-0.0029817447,0.0016112578896519698,0.9824561403508771,95,True
30--300s,train2000_2021_test2022_2024,2000-2021,2022-2024,135,150,142.5,4,-0.0006602151591750065,-0.0006602151591750065,-0.0028353670001268496,0.00016793417836311387,0.0006867873442387163,-0.00200157,0.001267224,0.0010426777,0.0012983225055829923,0.7708333333333334,96,True
30--300s,train2000_2021_test2022_2024,2000-2021,2022-2024,135,150,142.5,5,-0.0013952286977221768,-0.0013952286977221768,-0.003263976795641189,-0.0013105710618841902,0.00038886176435884895,-0.0023407647,-0.000890417,0.00063165213,0.0019114257096704047,0.7579908675799086,73,True
30--300s,train2000_2021_test2022_2024,2000-2021,2022-2024,135,150,142.5,6,-0.001500367620906934,-0.001500367620906934,-0.0025716466025405317,-0.0018930596245772802,-3.6396635602990015e-05,-0.001792866,-0.0017404656,4.4955184e-05,0.0014948728125925323,0.7808219178082192,73,True
30--300s,train2000_2021_test2022_2024,2000-2021,2022-2024,135,150,142.5,7,-0.0025207118538506873,-0.0025207118538506873,-0.0031244037755604388,-0.003006156544716159,-0.0014315752412754645,-0.002230309,-0.003364852,-0.0018798677,0.0014364594525259323,0.9464285714285714,56,True
30--300s,train2000_2021_test2022_2024,2000-2021,2022-2024,135,150,142.5,8,-0.00298246143532767,-0.00298246143532767,-0.004208660623477213,-0.0030397268777947943,-0.0016989968047110022,-0.0030883716,-0.0034138423,-0.0022488092,0.0015961489585057313,0.9672131147540983,61,True
30--300s,train2000_2021_test2022_2024,2000-2021,2022-2024,135,150,142.5,9,-0.0033440383765444546,-0.0033440383765444546,-0.005046835012471767,-0.0031554244855109214,-0.0018298556316506751,-0.003751689,-0.0035826843,-0.0024293452,0.001440783929102596,0.9887005649717514,59,True
30--300s,train2000_2021_test2022_2024,2000-2021,2022-2024,135,150,142.5,10,-0.0028632092225293676,-0.0028632092225293676,-0.004347543379172831,-0.0027576743271030173,-0.001484409961312255,-0.0031982812,-0.003002232,-0.0019527598,0.0014936272849509684,0.971264367816092,58,True
30--300s,train2000_2021_test2022_2024,2000-2021,2022-2024,150,165,157.5,-10,0.001895181109399864,0.001895181109399864,0.0035732041275658667,0.00027417159918927944,0.0018381676014444463,0.0030700667,0.0014222604,0.0026311504,0.001922866619872004,0.8235294117647058,68,True
30--300s,train2000_2021_test2022_2024,2000-2021,2022-2024,150,165,157.5,-9,0.0008747897655685379,0.0008747897655685379,0.0010521506183308194,0.00039563852526921535,0.0011765801531055788,0.0010749468,0.001599522,0.001718408,0.0023782969248428926,0.8333333333333333,74,True
30--300s,train2000_2021_test2022_2024,2000-2021,2022-2024,150,165,157.5,-8,-0.0014671473263689527,-0.0014671473263689527,-0.0018284507498292257,-0.0021737411690592244,-0.0003992500602184081,-0.0012047132,-0.0021500753,-0.00045564637,0.0029076833095189165,0.7960199004975124,67,True
30--300s,train2000_2021_test2022_2024,2000-2021,2022-2024,150,165,157.5,-7,0.0057354183149253505,0.0057354183149253505,0.005419948446556071,0.005182953422888501,0.006603353075331482,0.0045315493,0.0085858395,0.009205318,0.003064612391943059,0.9903381642512077,69,True
30--300s,train2000_2021_test2022_2024,2000-2021,2022-2024,150,165,157.5,-6,0.0018472940385530997,0.0018472940385530997,0.0029497397877930502,0.0014184289503665903,0.0011737133774996585,0.0025766673,0.0030921204,0.0017144529,0.002995648480169061,0.898989898989899,66,True
30--300s,train2000_2021_test2022_2024,2000-2021,2022-2024,150,165,157.5,-5,0.003488693715583821,0.003488693715583821,0.0034650920812816033,0.0033607272038820224,0.003640261861587838,0.0029845086,0.0059265927,0.0051173638,0.0026596930670027036,0.9487179487179487,91,True
30--300s,train2000_2021_test2022_2024,2000-2021,2022-2024,150,165,157.5,-4,0.003126849349086565,0.003126849349086565,0.001405686046583697,0.0040900784339905506,0.0038847835666854483,0.001354729,0.0069909636,0.005454712,0.0027920138045668635,0.8977272727272727,88,True
30--300s,train2000_2021_test2022_2024,2000-2021,2022-2024,150,165,157.5,-3,0.0032757924802953105,0.0032757924802953105,0.0015316393603420598,0.004254275474578618,0.0040414626059652545,0.0014544062,0.007230583,0.0056708707,0.0033574601214510355,0.9204545454545454,88,True
30--300s,train2000_2021_test2022_2024,2000-2021,2022-2024,150,165,157.5,-2,0.0035562716809545186,0.0035562716809545186,0.0021365826098371666,0.004632888513448897,0.0038993439195774936,0.0019331482,0.0077831084,0.0054748002,0.003033427250673353,0.9174311926605505,109,True
30--300s,train2000_2021_test2022_2024,2000-2021,2022-2024,150,165,157.5,-1,0.0028737895521471235,0.0028737895521471235,0.0010277921791167167,0.004025831136335681,0.003567745340988972,0.00105567,0.0068972055,0.0050173188,0.003091677044747509,0.8694158075601374,97,True
30--300s,train2000_2021_test2022_2024,2000-2021,2022-2024,150,165,157.5,0,0.0003321897138590615,0.0003321897138590615,-0.002684867705897386,0.0030049906869004032,0.0006764461605741668,-0.0018824674,0.0054074526,0.0010284107,0.0026029556549434616,0.7605177993527508,103,True
30--300s,train2000_2021_test2022_2024,2000-2021,2022-2024,150,165,157.5,1,-0.0006978451605012335,-0.0006978451605012335,-0.002868773434568614,0.0006231909385822455,0.00015204701448266817,-0.0020280073,0.0019315981,0.0003049367,0.00224732009545746,0.7706093189964157,93,True
30--300s,train2000_2021_test2022_2024,2000-2021,2022-2024,150,165,157.5,2,-0.0033790717908069607,-0.0033790717908069607,-0.005838143536614647,-0.0028358157962708012,-0.0014632560395354322,-0.004377918,-0.0031162668,-0.0019235753,0.002065675193465654,0.9288389513108615,89,True
30--300s,train2000_2021_test2022_2024,2000-2021,2022-2024,150,165,157.5,3,-0.00430349644612879,-0.00430349644612879,-0.007970108826316338,-0.002711514138822493,-0.002228866373247536,-0.006065119,-0.0029348687,-0.0029798301,0.0016201811058269083,0.9869281045751634,102,True
30--300s,train2000_2021_test2022_2024,2000-2021,2022-2024,150,165,157.5,4,-0.0005364525509834458,-0.0005364525509834458,-0.002799249823201632,0.00016255754852922765,0.0010273346217220672,-0.0019729875,0.0012593777,0.0015125051,0.0014198022128567762,0.7441860465116279,86,True
30--300s,train2000_2021_test2022_2024,2000-2021,2022-2024,150,165,157.5,5,-0.0012528157646050345,-0.0012528157646050345,-0.002820929443257198,-0.001192864736173406,0.0002553468856155009,-0.0019901444,-0.0007186436,0.00044745178,0.0019180188790668365,0.7878787878787878,99,True
30--300s,train2000_2021_test2022_2024,2000-2021,2022-2024,150,165,157.5,6,-0.001213044106143828,-0.001213044106143828,-0.002191830373252494,-0.0015790794714198155,0.00013177752624082584,-0.0014922858,-0.001282262,0.00027697242,0.0014551722284101894,0.7562189054726368,67,True
30--300s,train2000_2021_test2022_2024,2000-2021,2022-2024,150,165,157.5,7,-0.002814097437559188,-0.002814097437559188,-0.0037812248091271326,-0.003129718917462418,-0.0015313485860880126,-0.0027501062,-0.0035451713,-0.0020175173,0.0014388380763424753,0.9692982456140351,76,True
30--300s,train2000_2021_test2022_2024,2000-2021,2022-2024,150,165,157.5,8,-0.003010431732564294,-0.003010431732564294,-0.004542592306314275,-0.002914970814795625,-0.0015737320765829826,-0.0033526397,-0.003231781,-0.0020759907,0.0015437801854323396,0.9859154929577465,71,True
30--300s,train2000_2021_test2022_2024,2000-2021,2022-2024,150,165,157.5,9,-0.0029774264504590533,-0.0029774264504590533,-0.004543330543752459,-0.0027941656624533196,-0.001594783145171382,-0.0033532241,-0.0030554852,-0.0021050333,0.0017102410358543654,0.9743589743589743,52,True
30--300s,train2000_2021_test2022_2024,2000-2021,2022-2024,150,165,157.5,10,-0.00298561817790383,-0.00298561817790383,-0.004349511829391258,-0.002971054403069768,-0.0016362883012504637,-0.003199839,-0.003313626,-0.002162295,0.0015930794605163708,0.9797979797979799,66,True
30--300s,train2000_2021_test2022_2024,2000-2021,2022-2024,165,180,172.5,-10,0.0024910209130514305,0.0024910209130514305,0.003949998538039707,0.0007457768533275521,0.0027772873477870325,0.0033682554,0.0021104924,0.003926783,0.002318693757288913,0.9009009009009009,74,True
30--300s,train2000_2021_test2022_2024,2000-2021,2022-2024,165,180,172.5,-9,0.0014644423968090655,0.0014644423968090655,0.002255354085468475,0.0004286253457687452,0.0017093477591899758,0.0020271419,0.001647661,0.0024534273,0.001945876144329556,0.8279569892473119,62,True
30--300s,train2000_2021_test2022_2024,2000-2021,2022-2024,165,180,172.5,-8,-0.0014823974326020584,-0.0014823974326020584,-0.0014456563092839529,-0.002514939593968308,-0.00048659639455391444,-0.0009017761,-0.0026479994,-0.00057615153,0.003744503468155386,0.781094527363184,67,True
30--300s,train2000_2021_test2022_2024,2000-2021,2022-2024,165,180,172.5,-7,0.005527331682482022,0.005527331682482022,0.004330127141680669,0.004963692203007195,0.007288175702758202,0.003669083,0.008265863,0.010150116,0.002822575149581596,0.9552238805970149,67,True
30--300s,train2000_2021_test2022_2024,2000-2021,2022-2024,165,180,172.5,-6,0.002663890068844267,0.002663890068844267,0.003785026828200427,0.0022337473522478996,0.001972896026084474,0.0032376996,0.004281947,0.002817025,0.0027521153246513027,0.8947368421052632,76,True
30--300s,train2000_2021_test2022_2024,2000-2021,2022-2024,165,180,172.5,-5,0.0040363958339785545,0.0040363958339785545,0.004059889093184672,0.0034075431506057157,0.004641755258145275,0.003455221,0.005994913,0.0064990493,0.003263844748388457,0.9506172839506173,81,True
30--300s,train2000_2021_test2022_2024,2000-2021,2022-2024,165,180,172.5,-4,0.004057773514778727,0.004057773514778727,0.002078027116921985,0.004867510082427343,0.005227783344986852,0.0018868084,0.008125501,0.0073075476,0.002783330058522672,0.9242424242424242,88,True
30--300s,train2000_2021_test2022_2024,2000-2021,2022-2024,165,180,172.5,-3,0.004441164345608065,0.004441164345608065,0.0025370162470582476,0.005245341467489354,0.005541135322276593,0.0022500448,0.008676885,0.0077398564,0.0020720054142291523,0.93,100,True
30--300s,train2000_2021_test2022_2024,2000-2021,2022-2024,165,180,172.5,-2,0.0040487464168393935,0.0040487464168393935,0.0022683552053665746,0.005188855642419928,0.004689028402731679,0.002037431,0.008594452,0.0065642684,0.0030099102813397867,0.9133333333333333,100,True
30--300s,train2000_2021_test2022_2024,2000-2021,2022-2024,165,180,172.5,-1,0.0036134423862455023,0.0036134423862455023,0.0016009682580559424,0.004512207732473637,0.0047271511682069264,0.0015092719,0.007606994,0.0066168634,0.0028181317804855132,0.8811881188118812,101,True
30--300s,train2000_2021_test2022_2024,2000-2021,2022-2024,165,180,172.5,0,0.0008938802019665068,0.0008938802019665068,-0.001105030064030641,0.0022546446429859333,0.0015320260269442276,-0.0006322101,0.0043124426,0.0022087898,0.002878907492268662,0.8104575163398693,102,True
30--300s,train2000_2021_test2022_2024,2000-2021,2022-2024,165,180,172.5,1,-0.0008226644000448295,-0.0008226644000448295,-0.0023510680576076305,-0.00012219394289691534,5.268800370057637e-06,-0.0016183038,0.00084382854,0.00010243785,0.003171034615392334,0.7777777777777778,81,True
30--300s,train2000_2021_test2022_2024,2000-2021,2022-2024,165,180,172.5,2,-0.0022724154729997946,-0.0022724154729997946,-0.0037295049317126287,-0.002307069665820616,-0.0007806718214661389,-0.002709176,-0.0023446467,-0.0009818652,0.0018241652866735358,0.8466666666666667,100,True
30--300s,train2000_2021_test2022_2024,2000-2021,2022-2024,165,180,172.5,3,-0.003801338542070143,-0.003801338542070143,-0.00730186220116815,-0.0024794247214709082,-0.0016227287035713704,-0.00553628,-0.0025961713,-0.0021435877,0.0015529949089132774,0.963963963963964,111,True
30--300s,train2000_2021_test2022_2024,2000-2021,2022-2024,165,180,172.5,4,-0.0006689830260509005,-0.0006689830260509005,-0.0031141304205816647,-1.1884718698902217e-06,0.0011083698142988535,-0.0022221787,0.0010204166,0.0016243032,0.0018643018958574688,0.8074074074074075,90,True
30--300s,train2000_2021_test2022_2024,2000-2021,2022-2024,165,180,172.5,5,-0.0009013480349375156,-0.0009013480349375156,-0.002748492581425025,-0.000688764989269493,0.0007332134658819709,-0.0019328191,1.7009073e-05,0.0011067283,0.0013476437982566473,0.7598039215686274,68,True
30--300s,train2000_2021_test2022_2024,2000-2021,2022-2024,165,180,172.5,6,-0.0012219788651103394,-0.0012219788651103394,-0.002664385381941896,-0.0014874564818370428,0.0004859052684479213,-0.001866258,-0.001148553,0.0007655358,0.00148199010863074,0.7513227513227513,63,True
30--300s,train2000_2021_test2022_2024,2000-2021,2022-2024,165,180,172.5,7,-0.0026429700099187747,-0.0026429700099187747,-0.003970278675699561,-0.002825433718664554,-0.0011331976353922094,-0.00289972,-0.0031011158,-0.0014682185,0.0013532220250654053,0.9758454106280192,69,True
30--300s,train2000_2021_test2022_2024,2000-2021,2022-2024,165,180,172.5,8,-0.002404331465911837,-0.002404331465911837,-0.0036908458900653954,-0.002541594638082208,-0.000980553869587906,-0.002678582,-0.0026868982,-0.0012576274,0.001436377935893972,0.9367816091954023,58,True
30--300s,train2000_2021_test2022_2024,2000-2021,2022-2024,165,180,172.5,9,-0.0028695218363199164,-0.0028695218363199164,-0.00470282573030165,-0.002718011596267953,-0.0011877281823901454,-0.0034794458,-0.0029443507,-0.0015434503,0.0014506116582766672,0.9846153846153847,65,True
30--300s,train2000_2021_test2022_2024,2000-2021,2022-2024,165,180,172.5,10,-0.0027621314372187882,-0.0027621314372187882,-0.0045190525994401485,-0.0027216910278148455,-0.0010456506844013702,-0.003334011,-0.00294972,-0.0013474367,0.0014499846950324661,0.9777777777777777,60,True
30--300s,train2000_2021_test2022_2024,2000-2021,2022-2024,180,195,187.5,-10,0.0014586557619576243,0.0014586557619576243,0.002930208323859849,-0.001235543032697824,0.0026813019947108476,0.0025612104,-0.00078092574,0.0037943597,0.0023697890454949275,0.7960199004975124,67,True
30--300s,train2000_2021_test2022_2024,2000-2021,2022-2024,180,195,187.5,-9,0.0007983147011162607,0.0007983147011162607,0.001697838026555339,-0.0014262910924282448,0.002123397169221688,0.0015859331,-0.0010592919,0.0030246603,0.0027175399924619734,0.8361581920903955,59,True
30--300s,train2000_2021_test2022_2024,2000-2021,2022-2024,180,195,187.5,-8,-0.0014865295400868432,-0.0014865295400868432,-0.0011996430369840185,-0.003517477747688626,0.00025753216441211504,-0.00070708524,-0.004111043,0.0004504666,0.0031280036097626886,0.7549019607843137,68,True
30--300s,train2000_2021_test2022_2024,2000-2021,2022-2024,180,195,187.5,-7,0.004730953127193109,0.004730953127193109,0.004108232474107343,0.003690777453308615,0.006393849454163369,0.0034934795,0.0064082486,0.008916281,0.002759557577487011,0.927927927927928,74,True
30--300s,train2000_2021_test2022_2024,2000-2021,2022-2024,180,195,187.5,-6,0.001994716634038883,0.001994716634038883,0.0017362067457858989,0.0013443253024461848,0.0029036178538845653,0.0016162974,0.0029839778,0.004101072,0.002561033177212172,0.8607594936708861,79,True
30--300s,train2000_2021_test2022_2024,2000-2021,2022-2024,180,195,187.5,-5,0.0014122970427672343,0.0014122970427672343,0.0006001052605149196,0.0009589265149808139,0.0026778593528059697,0.00071720564,0.0024215505,0.00378961,0.003177517386254476,0.8571428571428571,91,True
30--300s,train2000_2021_test2022_2024,2000-2021,2022-2024,180,195,187.5,-4,0.0021115206737192783,0.0021115206737192783,-0.0005684104310490051,0.0026664856178496158,0.004236486834357223,-0.00020753827,0.0049134586,0.0059399307,0.0029079888914954493,0.8130081300813009,82,True
30--300s,train2000_2021_test2022_2024,2000-2021,2022-2024,180,195,187.5,-3,0.0020514690504185294,0.0020514690504185294,2.294713533854065e-06,0.0024730502973664944,0.0036790621403552395,0.0002441083,0.004631171,0.005170894,0.003228493882054294,0.8538011695906432,114,True
30--300s,train2000_2021_test2022_2024,2000-2021,2022-2024,180,195,187.5,-2,0.001357634639983624,0.001357634639983624,-0.0006917407189392224,0.0018638504766784055,0.0029007941622116893,-0.0003051398,0.0037421414,0.0040971763,0.00377112058972373,0.8456140350877193,95,True
30--300s,train2000_2021_test2022_2024,2000-2021,2022-2024,180,195,187.5,-1,0.0011970122992409498,0.0011970122992409498,-0.001618235752027165,0.0020308883007594046,0.00317838434899061,-0.0010383526,0.0039859065,0.0044801463,0.0034513824326732863,0.819047619047619,105,True
30--300s,train2000_2021_test2022_2024,2000-2021,2022-2024,180,195,187.5,0,-7.653007044600743e-05,-7.653007044600743e-05,-0.0017800821402845237,-0.0002774623857461714,0.0018279543146926729,-0.0011664351,0.00061723916,0.0026170597,0.0033293873364494803,0.7611548556430445,127,True
30--300s,train2000_2021_test2022_2024,2000-2021,2022-2024,180,195,187.5,1,-0.0013447782190988873,-0.0013447782190988873,-0.003886299782243137,-0.0011069109334998061,0.0009588760584462808,-0.0028332607,-0.0005932078,0.0014180581,0.002593202232314857,0.7333333333333333,110,True
30--300s,train2000_2021_test2022_2024,2000-2021,2022-2024,180,195,187.5,2,-0.002187947282075106,-0.002187947282075106,-0.004143948489252988,-0.002095603518689875,-0.00032428983828245496,-0.0030371596,-0.002036046,-0.0003522294,0.0020072289619863654,0.8156862745098039,85,True
30--300s,train2000_2021_test2022_2024,2000-2021,2022-2024,180,195,187.5,3,-0.003100872199172565,-0.003100872199172565,-0.0057631354692772255,-0.0023195149542476813,-0.001219966173992787,-0.0043185577,-0.0023628087,-0.0015879266,0.0015934299943930728,0.9492063492063493,105,True
30--300s,train2000_2021_test2022_2024,2000-2021,2022-2024,180,195,187.5,4,8.987887470009401e-05,8.987887470009401e-05,-0.0012811283496995231,0.0002640966151073529,0.0012866683586924522,-0.0007715714,0.0014075576,0.0018702883,0.00149552790709,0.8131868131868132,91,True
30--300s,train2000_2021_test2022_2024,2000-2021,2022-2024,180,195,187.5,5,-0.000547577794923032,-0.000547577794923032,-0.002045775110614164,-0.0008666715018005407,0.0012697132276456092,-0.0013767001,-0.00024261692,0.0018468967,0.001407120540353269,0.7538461538461538,65,True
30--300s,train2000_2021_test2022_2024,2000-2021,2022-2024,180,195,187.5,6,-0.0008641099988878364,-0.0008641099988878364,-0.0017965203551302872,-0.001422329123607798,0.0006265194820745758,-0.001179444,-0.00105351,0.00095953065,0.0014460154461880916,0.7518518518518519,90,True
30--300s,train2000_2021_test2022_2024,2000-2021,2022-2024,180,195,187.5,7,-0.0018928305608216752,-0.0018928305608216752,-0.002659015609200823,-0.0024595401908476017,-0.0005599358824166011,-0.0018620084,-0.0025671532,-0.00067733246,0.0012556995238715957,0.8977777777777777,75,True
30--300s,train2000_2021_test2022_2024,2000-2021,2022-2024,180,195,187.5,8,-0.002150338534618248,-0.002150338534618248,-0.0033061446142037946,-0.0024071030573968393,-0.0007377679322541106,-0.0023741357,-0.0024906297,-0.00092267396,0.0013179053466626492,0.9411764705882353,68,True
30--300s,train2000_2021_test2022_2024,2000-2021,2022-2024,180,195,187.5,9,-0.0021543683801364074,-0.0021543683801364074,-0.0036680160848081025,-0.0022823690602796994,-0.0005127199953214211,-0.0026605148,-0.0023086003,-0.0006121923,0.001287412449847632,0.9292929292929293,66,True
30--300s,train2000_2021_test2022_2024,2000-2021,2022-2024,180,195,187.5,10,-0.0025607328352187757,-0.0025607328352187757,-0.004175635703739623,-0.0026823678917406836,-0.000824194910176021,-0.0030622366,-0.0028923345,-0.0010419108,0.0014255926149636525,0.9019607843137255,51,True
30--300s,train2000_2021_test2022_2024,2000-2021,2022-2024,195,210,202.5,-10,0.0014732336834398885,0.0014732336834398885,0.0036933561924129346,-0.001846142821477687,0.0025724876793844177,0.003165153,-0.0016719981,0.0036442366,0.002259565383126139,0.782608695652174,69,True
30--300s,train2000_2021_test2022_2024,2000-2021,2022-2024,195,210,202.5,-9,0.0009483688185877803,0.0009483688185877803,0.0019585038666717035,-0.0016099485397722407,0.0024965511288638784,0.0017922198,-0.0013273105,0.0035394726,0.0018674849638184018,0.7469135802469135,54,True
30--300s,train2000_2021_test2022_2024,2000-2021,2022-2024,195,210,202.5,-8,-0.0019269688725940017,-0.0019269688725940017,-0.0014257434725637994,-0.004382017090891242,2.685394567303592e-05,-0.0008860174,-0.0053727,0.00013221725,0.0031032094943070675,0.7679324894514767,79,True
30--300s,train2000_2021_test2022_2024,2000-2021,2022-2024,195,210,202.5,-7,0.002471633091340593,0.002471633091340593,0.0019830837227069516,0.002235268340686014,0.003196547210628814,0.0018116718,0.0042841663,0.0045052045,0.003200307246090401,0.896969696969697,55,True
30--300s,train2000_2021_test2022_2024,2000-2021,2022-2024,195,210,202.5,-6,0.0009901579380902084,0.0009901579380902084,0.0013832962739293183,0.0012012666304079397,0.00038591090993336677,0.0013370101,0.002775207,0.0006275811,0.0020154559643152047,0.8164794007490638,89,True
30--300s,train2000_2021_test2022_2024,2000-2021,2022-2024,195,210,202.5,-5,-0.00036662412276444045,-0.00036662412276444045,-0.0014990625125376556,0.00042971477545552665,-3.052463121119252e-05,-0.0009440409,0.0016492507,5.3056345e-05,0.002665955325086232,0.8422939068100358,93,True
30--300s,train2000_2021_test2022_2024,2000-2021,2022-2024,195,210,202.5,-4,-0.0009701745198455755,-0.0009701745198455755,-0.0036543848204099306,0.0006929574901606856,5.090377071251832e-05,-0.002649727,0.0020334113,0.00016539698,0.002919687577872895,0.8142857142857143,70,True
30--300s,train2000_2021_test2022_2024,2000-2021,2022-2024,195,210,202.5,-3,-0.0017311421376548046,-0.0017311421376548046,-0.0043920731566460865,0.0004104198919374517,-0.0012117731482557792,-0.0032335212,0.0016210929,-0.0015766233,0.0036979495831681187,0.8464052287581699,102,True
30--300s,train2000_2021_test2022_2024,2000-2021,2022-2024,195,210,202.5,-2,-0.0016636661264273066,-0.0016636661264273066,-0.004084918210921232,0.00038422723760048893,-0.0012903074059611762,-0.0029904442,0.0015828689,-0.001684971,0.00319338795945518,0.8514851485148515,101,True
30--300s,train2000_2021_test2022_2024,2000-2021,2022-2024,195,210,202.5,-1,-0.0014660197784606805,-0.0014660197784606805,-0.004770813919653385,0.000807121745969751,-0.00043436716169840684,-0.0035332507,0.0022000156,-0.0005040948,0.003053366791190999,0.8099688473520248,107,True
30--300s,train2000_2021_test2022_2024,2000-2021,2022-2024,195,210,202.5,0,-0.002698523390100107,-0.002698523390100107,-0.00510178769995751,-0.001859186701625451,-0.00113459576871736,-0.0037951777,-0.0016910336,-0.0014701474,0.003258880347285977,0.7833333333333333,120,True
30--300s,train2000_2021_test2022_2024,2000-2021,2022-2024,195,210,202.5,1,-0.002380369392290207,-0.002380369392290207,-0.0048045776663182055,-0.0016848023607000857,-0.0006517281498523305,-0.0035599708,-0.0014365475,-0.0008039714,0.002423939332211483,0.8024691358024691,108,True
30--300s,train2000_2021_test2022_2024,2000-2021,2022-2024,195,210,202.5,2,-0.002963762170898631,-0.002963762170898631,-0.005534105231761341,-0.002187921385169262,-0.0011692598957652907,-0.0041373065,-0.002170769,-0.001517971,0.002256112958766125,0.9106529209621993,97,True
30--300s,train2000_2021_test2022_2024,2000-2021,2022-2024,195,210,202.5,3,-0.0033686906021280914,-0.0033686906021280914,-0.005695633596936465,-0.002635067872291305,-0.0017753703371565035,-0.0042651375,-0.0028233074,-0.002354176,0.001808567139129334,0.9791666666666666,96,True
30--300s,train2000_2021_test2022_2024,2000-2021,2022-2024,195,210,202.5,4,-7.955101254737836e-05,-7.955101254737836e-05,-0.0012765676753626967,0.00010332673409433925,0.0009345879036262223,-0.00076796213,0.0011729398,0.0013845494,0.001601269493332972,0.8063063063063063,74,True
30--300s,train2000_2021_test2022_2024,2000-2021,2022-2024,195,210,202.5,5,-0.00032785989960643715,-0.00032785989960643715,-0.0011981997845276367,-0.0006020464230804085,0.0008166665087887339,-0.0007059431,0.0001435609,0.0012218622,0.0009989082578576826,0.7671232876712328,73,True
30--300s,train2000_2021_test2022_2024,2000-2021,2022-2024,195,210,202.5,6,-0.0006946010637546126,-0.0006946010637546126,-0.0009977725650532608,-0.0015706545652529615,0.0004846239390423847,-0.0005473283,-0.0012699672,0.00076376804,0.0009199453450400941,0.7037037037037036,63,True
30--300s,train2000_2021_test2022_2024,2000-2021,2022-2024,195,210,202.5,7,-0.001411121164431221,-0.001411121164431221,-0.0012986832097539546,-0.002334446575996304,-0.0006002337075434041,-0.000785464,-0.002384599,-0.0007329284,0.0010857898261383658,0.875,56,True
30--300s,train2000_2021_test2022_2024,2000-2021,2022-2024,195,210,202.5,8,-0.0019016583689824712,-0.0019016583689824712,-0.002228336197821623,-0.002467715745488548,-0.0010089231636372434,-0.001521176,-0.0025790841,-0.0012967665,0.001156175008883315,0.9444444444444444,60,True
30--300s,train2000_2021_test2022_2024,2000-2021,2022-2024,195,210,202.5,9,-0.0019615252099968034,-0.0019615252099968034,-0.0022180659134457895,-0.002641395726431707,-0.0010251139901129138,-0.0015130482,-0.002832542,-0.0013191038,0.0012329572946161633,0.9538461538461539,65,True
30--300s,train2000_2021_test2022_2024,2000-2021,2022-2024,195,210,202.5,10,-0.0019401989550282186,-0.0019401989550282186,-0.0024694679671739064,-0.002416223360699018,-0.0009349055372117321,-0.0017120035,-0.0025039392,-0.0011946498,0.0012843458631349549,0.9433962264150944,53,True
30--300s,train2000_2021_test2022_2024,2000-2021,2022-2024,210,225,217.5,-10,0.001577033330922616,0.001577033330922616,0.003468238907737928,-0.0013698952061924952,0.002632756291222415,0.002986999,-0.0009769911,0.0037273846,0.0020755914827521945,0.7708333333333333,64,True
30--300s,train2000_2021_test2022_2024,2000-2021,2022-2024,210,225,217.5,-9,0.0008482027801596705,0.0008482027801596705,0.0022045424496165305,-0.0015520282640898687,0.0018920941549523495,0.0019869306,-0.0012427851,0.0027055487,0.0018228236848363292,0.7619047619047619,70,True
30--300s,train2000_2021_test2022_2024,2000-2021,2022-2024,210,225,217.5,-8,-0.0018191843912506592,-0.0018191843912506592,-0.0014081477467242818,-0.003917120472548771,-0.00013228495447892622,-0.00087209244,-0.0046942574,-8.733471e-05,0.002782439989616994,0.7688888888888888,75,True
30--300s,train2000_2021_test2022_2024,2000-2021,2022-2024,210,225,217.5,-7,0.002804837789923714,0.002804837789923714,0.002375233988778829,0.0029413531540421816,0.0030979262269501314,0.0021220131,0.005314584,0.0043691443,0.0024987005052882483,0.9289617486338797,61,True
30--300s,train2000_2021_test2022_2024,2000-2021,2022-2024,210,225,217.5,-6,0.001052236953314127,0.001052236953314127,0.001843246317500108,0.001599811726331394,-0.0002863471838891208,0.0017010068,0.0033568195,-0.00029988278,0.0029518368289887967,0.8828828828828829,74,True
30--300s,train2000_2021_test2022_2024,2000-2021,2022-2024,210,225,217.5,-5,-0.00043285586003150836,-0.00043285586003150836,-0.0018403260825341932,0.0005752083611177281,-3.344985867806002e-05,-0.0012141111,0.0018615752,4.902063e-05,0.0031379850631317596,0.8464912280701754,76,True
30--300s,train2000_2021_test2022_2024,2000-2021,2022-2024,210,225,217.5,-4,-0.0007648417222058403,-0.0007648417222058403,-0.0019144046325084419,0.00010429309478341287,-0.0004844136288924922,-0.0012727357,0.00117435,-0.00057314016,0.002858993110145795,0.8699186991869918,82,True
30--300s,train2000_2021_test2022_2024,2000-2021,2022-2024,210,225,217.5,-3,-0.0008047893260491993,-0.0008047893260491993,-0.002271942556616023,0.0005144241443091989,-0.0006568495658407737,-0.0015556853,0.0017728705,-0.000811037,0.003376096009406456,0.868421052631579,114,True
30--300s,train2000_2021_test2022_2024,2000-2021,2022-2024,210,225,217.5,-2,-0.0011593630143737555,-0.0011593630143737555,-0.0024898164631606337,0.00037059455836168786,-0.0013588671383223201,-0.001728107,0.0015629743,-0.0017795578,0.003563750942971543,0.8831908831908831,117,True
30--300s,train2000_2021_test2022_2024,2000-2021,2022-2024,210,225,217.5,-1,-0.0017858302714959375,-0.0017858302714959375,-0.004614450419716391,-4.9695178869065844e-05,-0.0006933452159023552,-0.003409507,0.0009496289,-0.0008613873,0.003780304149439304,0.882716049382716,108,True
30--300s,train2000_2021_test2022_2024,2000-2021,2022-2024,210,225,217.5,0,-0.0011810781887737637,-0.0011810781887737637,-0.002232262223185066,-0.001625786092424317,0.0003148137492880919,-0.0015242829,-0.0013504229,0.00052949373,0.00308902087031347,0.7818181818181819,110,True
30--300s,train2000_2021_test2022_2024,2000-2021,2022-2024,210,225,217.5,1,-0.001821357156853525,-0.001821357156853525,-0.0034612572668653507,-0.0015738930768307217,-0.00042892112686450254,-0.002496889,-0.0012746933,-0.0004965813,0.002791327564553398,0.7912457912457912,99,True
30--300s,train2000_2021_test2022_2024,2000-2021,2022-2024,210,225,217.5,2,-0.0025632537023339065,-0.0025632537023339065,-0.004805097245306986,-0.0020565867596473893,-0.0008280771020473442,-0.0035603817,-0.0019791073,-0.0010472668,0.0021003348168678465,0.8801169590643274,114,True
30--300s,train2000_2021_test2022_2024,2000-2021,2022-2024,210,225,217.5,3,-0.003480679200870849,-0.003480679200870849,-0.0056747405525756425,-0.0026801591921658194,-0.0020871378578710843,-0.0042486032,-0.0028891112,-0.0027842983,0.0020326699005399516,0.979381443298969,97,True
30--300s,train2000_2021_test2022_2024,2000-2021,2022-2024,210,225,217.5,4,0.00020961051646612125,0.00020961051646612125,-0.0009486905130982016,0.0005129455695616083,0.001064576492934957,-0.0005084856,0.0017707128,0.0015638849,0.001335842894889853,0.8008130081300814,82,True
30--300s,train2000_2021_test2022_2024,2000-2021,2022-2024,210,225,217.5,5,-0.0003131835822827059,-0.0003131835822827059,-0.0010785856161629442,-0.0004590039778762625,0.000598038847191089,-0.0006112824,0.0003523084,0.0009202381,0.0011410238925978913,0.7708333333333333,64,True
30--300s,train2000_2021_test2022_2024,2000-2021,2022-2024,210,225,217.5,6,-0.0007788378816014665,-0.0007788378816014665,-0.001178795045276036,-0.0015315034150634806,0.0003737848155351169,-0.00069058646,-0.0012128324,0.0006108517,0.0012825312433854261,0.738095238095238,98,True
30--300s,train2000_2021_test2022_2024,2000-2021,2022-2024,210,225,217.5,7,-0.002065062442112271,-0.002065062442112271,-0.002282710609400248,-0.002946903912793445,-0.0009655728041431201,-0.001564207,-0.0032783821,-0.0012369592,0.0013672702728406822,0.9384615384615385,65,True
30--300s,train2000_2021_test2022_2024,2000-2021,2022-2024,210,225,217.5,8,-0.0020468025285783112,-0.0020468025285783112,-0.002379613913192975,-0.002751232440484926,-0.0010095612320570322,-0.0016408946,-0.0029928312,-0.0012976468,0.0013082592297182576,0.9380952380952382,70,True
30--300s,train2000_2021_test2022_2024,2000-2021,2022-2024,210,225,217.5,9,-0.0021478183468172803,-0.0021478183468172803,-0.002815806236365994,-0.0025654806125383874,-0.0010621681915474592,-0.00198609,-0.002721756,-0.0013702245,0.0013141233269319266,0.9574468085106383,47,True
30--300s,train2000_2021_test2022_2024,2000-2021,2022-2024,210,225,217.5,10,-0.002158792372499717,-0.002158792372499717,-0.002628596781084396,-0.0027366205169498873,-0.0011111598194648675,-0.0018379355,-0.0029715071,-0.0014378147,0.0014412241494770567,0.9265536723163842,59,True
30--300s,train2000_2021_test2022_2024,2000-2021,2022-2024,225,240,232.5,-10,0.0015641424265932548,0.0015641424265932548,0.0029801526142549826,-0.0006752768818135904,0.002387551547338372,0.0026007355,3.66928e-05,0.003389094,0.0017425754266064896,0.7972972972972973,74,True
30--300s,train2000_2021_test2022_2024,2000-2021,2022-2024,225,240,232.5,-9,0.0008665167794668559,0.0008665167794668559,0.0017919103768049079,-0.0009556803270708555,0.001763320288666515,0.0016603804,-0.00037251101,0.002527889,0.0017488355361541298,0.7932489451476793,79,True
30--300s,train2000_2021_test2022_2024,2000-2021,2022-2024,225,240,232.5,-8,-0.0012072070582626196,-0.0012072070582626196,-0.0007111201116566439,-0.0027673764749273004,-0.00014312458820391475,-0.00032047633,-0.0030163908,-0.00010228934,0.001912898372182167,0.7601626016260162,82,True
30--300s,train2000_2021_test2022_2024,2000-2021,2022-2024,225,240,232.5,-7,0.0030985906752571484,0.0030985906752571484,0.002238363983971556,0.003818501158583522,0.003238906883216368,0.0020136964,0.00659464,0.004563645,0.0021270325338167387,0.9289617486338797,61,True
30--300s,train2000_2021_test2022_2024,2000-2021,2022-2024,225,240,232.5,-6,0.0024113403867014657,0.0024113403867014657,0.0029075600451875403,0.002442024318474339,0.0018844367964425167,0.0025432871,0.0045858934,0.0026949844,0.002448471591482441,0.9555555555555556,75,True
30--300s,train2000_2021_test2022_2024,2000-2021,2022-2024,225,240,232.5,-5,0.0011825163367049697,0.0011825163367049697,-0.000283400003409506,0.0019501724215185234,0.0018807765920058918,1.8014254e-05,0.0038681147,0.0026899348,0.0024099575717357693,0.8373983739837398,82,True
30--300s,train2000_2021_test2022_2024,2000-2021,2022-2024,225,240,232.5,-4,0.0016629773793861453,0.0016629773793861453,0.0015614002367784004,0.0014858471078712482,0.0019416847935087873,0.0014779585,0.0031905062,0.002773965,0.0027265754121648623,0.9194139194139195,91,True
30--300s,train2000_2021_test2022_2024,2000-2021,2022-2024,225,240,232.5,-3,0.001172136582774585,0.001172136582774585,0.0007714357264754173,0.0015215650014020865,0.0012234090204462508,0.0008527937,0.0032426307,0.0017830142,0.0026602991631515414,0.8888888888888888,90,True
30--300s,train2000_2021_test2022_2024,2000-2021,2022-2024,225,240,232.5,-2,0.0017992785520921342,0.0017992785520921342,0.0018256673312555458,0.0019627245161968295,0.0016094438088240276,0.001687095,0.0038864324,0.0023155974,0.0024099630272901617,0.932249322493225,123,True
30--300s,train2000_2021_test2022_2024,2000-2021,2022-2024,225,240,232.5,-1,0.0009407631262928882,0.0009407631262928882,-0.00039586162653275434,0.00137922629219706,0.0018389247132143591,-7.0986e-05,0.0030349104,0.002632195,0.003557287753507851,0.8928571428571429,112,True
30--300s,train2000_2021_test2022_2024,2000-2021,2022-2024,225,240,232.5,0,0.0009214907415063501,0.0009214907415063501,0.00031326933318178666,-5.401524373333231e-05,0.0025052181350705962,0.00049020845,0.00094332447,0.0035514298,0.002741256452221597,0.8478260869565217,138,True
30--300s,train2000_2021_test2022_2024,2000-2021,2022-2024,225,240,232.5,1,0.0008821570316342486,0.0008821570316342486,0.0002990039464160662,0.00042550034694541986,0.0019219668015412598,0.00047891907,0.0016431005,0.0027467618,0.0020248144397802246,0.8650793650793651,84,True
30--300s,train2000_2021_test2022_2024,2000-2021,2022-2024,225,240,232.5,2,-0.0018880980798456387,-0.0018880980798456387,-0.003747601024601271,-0.001580653968466256,-0.00033603924646938944,-0.0027234969,-0.0012845597,-0.00036843918,0.0023154233242836495,0.7936507936507937,84,True
30--300s,train2000_2021_test2022_2024,2000-2021,2022-2024,225,240,232.5,3,-0.0031549069955969867,-0.0031549069955969867,-0.004891504999415053,-0.0026829604101803128,-0.0018902555771955942,-0.0036287636,-0.0028931992,-0.0025126745,0.0016701894400609116,0.9834983498349834,101,True
30--300s,train2000_2021_test2022_2024,2000-2021,2022-2024,225,240,232.5,4,0.0004423366782390536,0.0004423366782390536,-0.0003747908514122585,0.0003951344950229233,0.001306666391106496,-5.4310945e-05,0.0015987864,0.0018978781,0.001321329130998548,0.823045267489712,81,True
30--300s,train2000_2021_test2022_2024,2000-2021,2022-2024,225,240,232.5,5,-0.00045309723274644686,-0.00045309723274644686,-0.0016494873196106253,-0.0005713051094440311,0.0008615007308153162,-0.0010630846,0.00018842291,0.0012837165,0.0013229433431351638,0.7808219178082192,73,True
30--300s,train2000_2021_test2022_2024,2000-2021,2022-2024,225,240,232.5,6,-0.0011849438272862804,-0.0011849438272862804,-0.0022082637131661063,-0.0017287431118456135,0.00038217534315287873,-0.0015052909,-0.0015006721,0.00062242744,0.0013822277318217468,0.7203065134099617,87,True
30--300s,train2000_2021_test2022_2024,2000-2021,2022-2024,225,240,232.5,7,-0.0020690374952413554,-0.0020690374952413554,-0.0027588271556403202,-0.002612119839371451,-0.0008361654907122957,-0.0019409977,-0.0027898187,-0.0010584256,0.0014888477007433496,0.9259259259259259,54,True
30--300s,train2000_2021_test2022_2024,2000-2021,2022-2024,225,240,232.5,8,-0.002208680132841773,-0.002208680132841773,-0.0031241802870776627,-0.00265456608830018,-0.0008472940231474762,-0.002230132,-0.002851762,-0.0010737788,0.0012668451224574662,0.9824561403508772,76,True
30--300s,train2000_2021_test2022_2024,2000-2021,2022-2024,225,240,232.5,9,-0.002416183243494019,-0.002416183243494019,-0.003705462900716372,-0.002651918256281296,-0.0008911685734843885,-0.0026901495,-0.002847898,-0.0011343092,0.001368576122353193,0.9777777777777777,75,True
30--300s,train2000_2021_test2022_2024,2000-2021,2022-2024,225,240,232.5,10,-0.0023328364362442686,-0.0023328364362442686,-0.003294030906492731,-0.002776350255050482,-0.0009281281471895935,-0.0023645489,-0.0030294866,-0.0011852997,0.001402578505181724,0.9473684210526315,57,True
30--300s,train2000_2021_test2022_2024,2000-2021,2022-2024,240,255,247.5,-10,0.0017223808746778379,0.0017223808746778379,0.0034398941151878777,-0.0006576382869879255,0.0023848867958335615,0.0029645674,6.24335e-05,0.0033854179,0.0022187679762351344,0.8472222222222222,48,True
30--300s,train2000_2021_test2022_2024,2000-2021,2022-2024,240,255,247.5,-9,0.00099451511869671,0.00099451511869671,0.0023216936899241696,-0.0009452815564129627,0.0016071332225789236,0.0020796421,-0.00035733567,0.0023124095,0.0019069042803421736,0.784313725490196,68,True
30--300s,train2000_2021_test2022_2024,2000-2021,2022-2024,240,255,247.5,-8,-0.0016317321153443915,-0.0016317321153443915,-0.0011443939395268225,-0.0030622876696498095,-0.0006885147368565431,-0.00066336204,-0.0034467662,-0.00085472304,0.0022768552929755444,0.8009950248756219,67,True
30--300s,train2000_2021_test2022_2024,2000-2021,2022-2024,240,255,247.5,-7,0.0029092667162095337,0.0029092667162095337,0.0026730208889199254,0.0032481145033209477,0.002806664756387728,0.0023576766,0.005762253,0.003967313,0.0023434216620512576,0.927927927927928,74,True
30--300s,train2000_2021_test2022_2024,2000-2021,2022-2024,240,255,247.5,-6,0.002475151289709645,0.002475151289709645,0.0028524500172493364,0.0022962273791249065,0.002276776472754691,0.0024996737,0.004373126,0.0032362659,0.002200784597101536,0.942652329749104,93,True
30--300s,train2000_2021_test2022_2024,2000-2021,2022-2024,240,255,247.5,-5,0.0011504067883837334,0.0011504067883837334,-0.0005908099636336479,0.001752167532249723,0.0022898627965351253,-0.00022526488,0.0035791583,0.0032543202,0.002618965647016275,0.8383838383838383,99,True
30--300s,train2000_2021_test2022_2024,2000-2021,2022-2024,240,255,247.5,-4,0.00169488814113614,0.00169488814113614,0.0014886921018079627,0.0012426495574162258,0.0023533227641842312,0.0014204185,0.0028355985,0.003341871,0.0026909372381615604,0.9176470588235294,85,True
30--300s,train2000_2021_test2022_2024,2000-2021,2022-2024,240,255,247.5,-3,0.002305955138137999,0.002305955138137999,0.001887979480360396,0.0023372161161843035,0.0026926698178692983,0.0017364079,0.0044329427,0.0038100427,0.0025908564364525914,0.9281045751633987,102,True
30--300s,train2000_2021_test2022_2024,2000-2021,2022-2024,240,255,247.5,-2,0.0016342220996225115,0.0016342220996225115,0.0013720141291487444,0.0017605416353107558,0.0017701105344080344,0.0013280815,0.003591379,0.0025372573,0.002366926328371023,0.9035812672176308,121,True
30--300s,train2000_2021_test2022_2024,2000-2021,2022-2024,240,255,247.5,-1,0.0006399293404990276,0.0006399293404990276,-0.0013859479020520763,0.0012162460517611004,0.0020894898717880588,-0.0008545238,0.002797067,0.0029778806,0.0030099693036770483,0.8368794326241136,94,True
30--300s,train2000_2021_test2022_2024,2000-2021,2022-2024,240,255,247.5,0,0.0014655366141129317,0.0014655366141129317,0.0006749968260658184,0.00032153511175664025,0.0034000779045163364,0.00077647355,0.0014913798,0.004786,0.0025768229234530604,0.8741721854304636,151,True
30--300s,train2000_2021_test2022_2024,2000-2021,2022-2024,240,255,247.5,1,0.001313021319225861,0.001313021319225861,0.000680032792817375,0.0004994345853319229,0.002759596579528285,0.00078045897,0.0017509956,0.0039023766,0.0018602461673523731,0.8714285714285714,70,True
30--300s,train2000_2021_test2022_2024,2000-2021,2022-2024,240,255,247.5,2,-0.0018140764279406026,-0.0018140764279406026,-0.0034952970509105332,-0.0014931173500330299,-0.0004538148828782447,-0.0025238276,-0.0011568142,-0.00053092535,0.0019044530411551908,0.8459119496855346,106,True
30--300s,train2000_2021_test2022_2024,2000-2021,2022-2024,240,255,247.5,3,-0.0025078585101915773,-0.0025078585101915773,-0.0034323991340612903,-0.0025161735360610814,-0.0015750028604523607,-0.0024740514,-0.0026498004,-0.002077744,0.001594655209068415,0.9607843137254902,102,True
30--300s,train2000_2021_test2022_2024,2000-2021,2022-2024,240,255,247.5,4,0.00022546159175700466,0.00022546159175700466,-0.0005940180636891159,0.0002891440294453627,0.0009812588095147671,-0.00022780373,0.0014441104,0.0014489377,0.0014479071210840048,0.797979797979798,99,True
30--300s,train2000_2021_test2022_2024,2000-2021,2022-2024,240,255,247.5,5,-0.0003147615465928142,-0.0003147615465928142,-0.0009085721827787858,-0.000751776540526487,0.0007160640835268303,-0.00047673663,-7.494617e-05,0.0010830685,0.0012839015004097501,0.7634408602150536,62,True
30--300s,train2000_2021_test2022_2024,2000-2021,2022-2024,240,255,247.5,6,-0.0011206329240350673,-0.0011206329240350673,-0.002228436503890031,-0.001602791750277166,0.0004693294820619954,-0.0015212554,-0.0013168663,0.0007426674,0.0013206943294837355,0.7265917602996254,89,True
30--300s,train2000_2021_test2022_2024,2000-2021,2022-2024,240,255,247.5,7,-0.0019317613364588121,-0.0019317613364588121,-0.0024236520690008993,-0.0026940989574539016,-0.000677532982921636,-0.0016757457,-0.0029094538,-0.00083957234,0.0012721169134771214,0.927536231884058,69,True
30--300s,train2000_2021_test2022_2024,2000-2021,2022-2024,240,255,247.5,8,-0.0021937405569358156,-0.0021937405569358156,-0.0030762706153878647,-0.002521934055502454,-0.0009830169999171289,-0.0021922172,-0.002658207,-0.0012610257,0.0013554818744471858,0.9707602339181287,57,True
30--300s,train2000_2021_test2022_2024,2000-2021,2022-2024,240,255,247.5,9,-0.002322180171143717,-0.002322180171143717,-0.003426445182249847,-0.0026915509763684015,-0.0008485443548129024,-0.0024693394,-0.0029057355,-0.0010755039,0.0013842606169176053,0.956989247311828,62,True
30--300s,train2000_2021_test2022_2024,2000-2021,2022-2024,240,255,247.5,10,-0.0025875736617378786,-0.0025875736617378786,-0.0038906345997965254,-0.002885194793309429,-0.0009868915921076808,-0.0028366912,-0.0031883277,-0.0012663711,0.0014956973490706169,0.9605263157894737,76,True
30--300s,train2000_2021_test2022_2024,2000-2021,2022-2024,255,270,262.5,-10,0.0016325558728487713,0.0016325558728487713,0.0032067795190263942,-0.0005643761274524463,0.0022552642269723657,0.0027800843,0.00019853465,0.0032065872,0.002008606381150965,0.821256038647343,69,True
30--300s,train2000_2021_test2022_2024,2000-2021,2022-2024,255,270,262.5,-9,0.0006889934655116096,0.0006889934655116096,0.0018435713943623026,-0.0012290490041476081,0.001452458006320134,0.0017012641,-0.0007714488,0.002099016,0.0022635016116813395,0.7704918032786885,61,True
30--300s,train2000_2021_test2022_2024,2000-2021,2022-2024,255,270,262.5,-8,-0.001482612457415424,-0.001482612457415424,-0.000961639395827671,-0.002954627673541774,-0.0005315703028768268,-0.0005187331,-0.003289654,-0.00063819863,0.002224867759104103,0.8101851851851851,72,True
30--300s,train2000_2021_test2022_2024,2000-2021,2022-2024,255,270,262.5,-7,0.0023295962967974635,0.0023295962967974635,0.0018832088550509482,0.002964221233260645,0.002141358802080798,0.0017326325,0.005347956,0.0030494404,0.0015295353121417246,0.9041095890410958,73,True
30--300s,train2000_2021_test2022_2024,2000-2021,2022-2024,255,270,262.5,-6,0.0022380804582053525,0.0022380804582053525,0.00306015203782906,0.0020737140013200213,0.0015803753354669756,0.0026640457,0.004048404,0.0022754937,0.0022818767240188314,0.9195402298850575,87,True
30--300s,train2000_2021_test2022_2024,2000-2021,2022-2024,255,270,262.5,-5,0.0010891829954425857,0.0010891829954425857,-0.00036636406542969936,0.0015066643344658769,0.0021272487172915794,-4.7642126e-05,0.0032208858,0.0030299737,0.002408599128216858,0.8666666666666666,70,True
30--300s,train2000_2021_test2022_2024,2000-2021,2022-2024,255,270,262.5,-4,0.00103360646010153,0.00103360646010153,0.001079862044226584,0.0007134647891741271,0.0013074925469038787,0.0010968773,0.0020633384,0.001899018,0.0029242480557806804,0.9215686274509803,68,True
30--300s,train2000_2021_test2022_2024,2000-2021,2022-2024,255,270,262.5,-3,0.0015716500126481026,0.0015716500126481026,0.0012403877709485829,0.0017887475081871315,0.0016858147588085935,0.0012239146,0.0036325408,0.0024209607,0.0023607001357890964,0.9192982456140351,95,True
30--300s,train2000_2021_test2022_2024,2000-2021,2022-2024,255,270,262.5,-2,0.0017532345575247293,0.0017532345575247293,0.0015965803215548307,0.0018819054239708325,0.001781217927048525,0.0015057995,0.0037684897,0.0025525813,0.0023714841728243166,0.9432624113475178,141,True
30--300s,train2000_2021_test2022_2024,2000-2021,2022-2024,255,270,262.5,-1,0.000690286500041816,0.000690286500041816,-0.0011572739070604663,0.001375581994113595,0.0018525514130723194,-0.000673555,0.003029592,0.0026509946,0.003155094109029812,0.8604651162790697,86,True
30--300s,train2000_2021_test2022_2024,2000-2021,2022-2024,255,270,262.5,0,0.0009864981521386436,0.0009864981521386436,0.0003131827800811355,-4.448533131509961e-05,0.0026907970076498946,0.00049013994,0.00095723185,0.0038074588,0.0026260964310975605,0.8212851405622491,166,True
30--300s,train2000_2021_test2022_2024,2000-2021,2022-2024,255,270,262.5,1,0.00032098928632889716,0.00032098928632889716,-0.0007561451993845053,-0.00013068964579575636,0.001849802704166953,-0.00035610844,0.0008314305,0.0026472025,0.0024869574124617116,0.8705501618122978,103,True
30--300s,train2000_2021_test2022_2024,2000-2021,2022-2024,255,270,262.5,2,-0.0017133327772712542,-0.0017133327772712542,-0.00294286543745657,-0.0017121624180009526,-0.00048497047635623987,-0.0020866424,-0.0014764752,-0.0005739083,0.002271099870507467,0.8181818181818182,77,True
30--300s,train2000_2021_test2022_2024,2000-2021,2022-2024,255,270,262.5,3,-0.0028936794831292724,-0.0028936794831292724,-0.004162700972006312,-0.0029074440119165245,-0.0016108934654649792,-0.0030520002,-0.0032207968,-0.0021272597,0.0016970413261009631,0.967032967032967,91,True
30--300s,train2000_2021_test2022_2024,2000-2021,2022-2024,255,270,262.5,4,0.0001323073996838855,0.0001323073996838855,-0.0007155018484427815,-8.566527495585782e-05,0.0011980893224502957,-0.00032394397,0.00089713634,0.0017480826,0.0015132589656316154,0.7789855072463767,92,True
30--300s,train2000_2021_test2022_2024,2000-2021,2022-2024,255,270,262.5,5,-0.000687036949953557,-0.000687036949953557,-0.001836883243831973,-0.0008950230508402922,0.0006707954448115941,-0.0012113865,-0.00028399145,0.0010206149,0.001467586044231134,0.7716894977168949,73,True
30--300s,train2000_2021_test2022_2024,2000-2021,2022-2024,255,270,262.5,6,-0.001234453227949871,-0.001234453227949871,-0.0022866536379526933,-0.001837744952406329,0.0004210389065094095,-0.0015673274,-0.0016597428,0.0006760446,0.0013208138766109285,0.7415730337078652,89,True
30--300s,train2000_2021_test2022_2024,2000-2021,2022-2024,255,270,262.5,7,-0.0021186293056389078,-0.0021186293056389078,-0.0027507506484532223,-0.0027710789684714772,-0.0008340582999920246,-0.0019346061,-0.003021794,-0.0010555185,0.0011780289372882993,0.9661835748792271,69,True
30--300s,train2000_2021_test2022_2024,2000-2021,2022-2024,255,270,262.5,8,-0.002212840583802773,-0.002212840583802773,-0.003334029419535951,-0.0025073187683080085,-0.0007971735635643593,-0.002396203,-0.0026368783,-0.0010046315,0.0014142465438144606,0.9583333333333334,72,True
30--300s,train2000_2021_test2022_2024,2000-2021,2022-2024,255,270,262.5,9,-0.0022425328672962055,-0.0022425328672962055,-0.0031976045896652226,-0.0026448256083335146,-0.0008851684038898802,-0.0022882388,-0.0028375473,-0.0011260314,0.0012579561407206458,0.984375,64,True
30--300s,train2000_2021_test2022_2024,2000-2021,2022-2024,255,270,262.5,10,-0.002569974694202999,-0.002569974694202999,-0.004055985306780871,-0.0026945080615891903,-0.0009594307142389348,-0.0029675472,-0.0029100508,-0.0012284855,0.0014626182760357198,0.9649122807017544,57,True
30--300s,train2000_2021_test2022_2024,2000-2021,2022-2024,270,285,277.5,-10,0.0013901481424541716,0.0013901481424541716,0.002885885568959247,-0.00081568293739589,0.0021002417957991584,0.0025261343,-0.0001682073,0.0029927145,0.002011733471970923,0.803030303030303,66,True
30--300s,train2000_2021_test2022_2024,2000-2021,2022-2024,270,285,277.5,-9,0.0011418363422315773,0.0011418363422315773,0.002399459693611999,-0.0005777881189412205,0.0016038374520239533,0.0021411849,0.000178962,0.0023078627,0.001544160243187185,0.7960199004975124,67,True
30--300s,train2000_2021_test2022_2024,2000-2021,2022-2024,270,285,277.5,-8,-0.0018109253202148548,-0.0018109253202148548,-0.0015161168838202551,-0.003157227305391963,-0.0007594317714323458,-0.0009575374,-0.0035853155,-0.0009525619,0.002276679407714638,0.8309178743961353,69,True
30--300s,train2000_2021_test2022_2024,2000-2021,2022-2024,270,285,277.5,-7,0.001808727362084455,0.001808727362084455,0.0017422725608194022,0.0023220778348504206,0.0013618316905835422,0.0016210979,0.004410851,0.0019739855,0.0028869387154295423,0.9358974358974359,78,True
30--300s,train2000_2021_test2022_2024,2000-2021,2022-2024,270,285,277.5,-6,0.0016182167721703398,0.0016182167721703398,0.0019927763472154087,0.0016218150388447594,0.0012400589304508514,0.0018193424,0.0033889299,0.0018059849,0.0025435155367720045,0.9176954732510287,81,True
30--300s,train2000_2021_test2022_2024,2000-2021,2022-2024,270,285,277.5,-5,0.0008626447865435036,0.0008626447865435036,-0.0006402321465136904,0.0015513628363157882,0.001676803669828413,-0.00026437678,0.003286116,0.0024085287,0.002336666321802093,0.8140350877192982,95,True
30--300s,train2000_2021_test2022_2024,2000-2021,2022-2024,270,285,277.5,-4,0.0010973834465375187,0.0010973834465375187,0.0011117360301874588,0.0009612932722692546,0.0012191210371558425,0.0011221018,0.002425004,0.0017770984,0.0027625639357862393,0.9264069264069263,77,True
30--300s,train2000_2021_test2022_2024,2000-2021,2022-2024,270,285,277.5,-3,0.0016428283894998911,0.0016428283894998911,0.0013396425329297156,0.0017720996794966754,0.0018167429560732827,0.0013024631,0.0036082459,0.0026015923,0.0020797100308647385,0.912280701754386,95,True
30--300s,train2000_2021_test2022_2024,2000-2021,2022-2024,270,285,277.5,-2,0.0014610662341603047,0.0014610662341603047,0.0013136763155111053,0.0015345518244781469,0.0015349705624916612,0.001281914,0.003261583,0.0022128522,0.002538380046887201,0.963768115942029,92,True
30--300s,train2000_2021_test2022_2024,2000-2021,2022-2024,270,285,277.5,-1,2.5824448912159282e-05,2.5824448912159282e-05,-0.0021561878675254963,0.0007343272927713221,0.001499333921490652,-0.0014640789,0.0020937838,0.002163687,0.0031200322326462,0.8717948717948718,78,True
30--300s,train2000_2021_test2022_2024,2000-2021,2022-2024,270,285,277.5,0,0.0017489176931227129,0.0017489176931227129,0.001421432067629827,0.0004555097195199926,0.0033698112922183198,0.00136719,0.0016868943,0.004744244,0.002566983756106022,0.8647540983606558,244,True
30--300s,train2000_2021_test2022_2024,2000-2021,2022-2024,270,285,277.5,1,0.00019369068397118137,0.00019369068397118137,-0.0008814427660848138,-0.00026088365621707965,0.0017233984742154377,-0.00045526685,0.0006414332,0.0024728118,0.0024029469394754176,0.8745098039215685,85,True
30--300s,train2000_2021_test2022_2024,2000-2021,2022-2024,270,285,277.5,2,-0.0015428333112191713,-0.0015428333112191713,-0.0027533559779269056,-0.0015974862692952553,-0.00027765768643535246,-0.0019366678,-0.0013091238,-0.00028789454,0.0019391784856058862,0.8065843621399177,81,True
30--300s,train2000_2021_test2022_2024,2000-2021,2022-2024,270,285,277.5,3,-0.0030539208587930305,-0.0030539208587930305,-0.004206898934142566,-0.003034324667282312,-0.0019205389749542138,-0.0030869774,-0.0034059586,-0.0025544541,0.001975129421653056,0.9700374531835205,89,True
30--300s,train2000_2021_test2022_2024,2000-2021,2022-2024,270,285,277.5,4,0.0003593402542653599,0.0003593402542653599,-0.00029392015036436276,0.0001846539604226575,0.001187286952737785,9.688785e-06,0.0012916239,0.0017331793,0.0013686803340854008,0.8159203980099502,67,True
30--300s,train2000_2021_test2022_2024,2000-2021,2022-2024,270,285,277.5,5,-0.00044232055468508807,-0.00044232055468508807,-0.001388622424470291,-0.0008961829402476999,0.0009578437006627265,-0.0008566404,-0.00028568413,0.0014166337,0.001423599827370436,0.7708333333333333,80,True
30--300s,train2000_2021_test2022_2024,2000-2021,2022-2024,270,285,277.5,6,-0.0011820242125913792,-0.0011820242125913792,-0.0022540324558651863,-0.0016890185930374217,0.00039697841112847066,-0.0015415115,-0.0014427005,0.0006428501,0.0012943301710439672,0.7359307359307359,77,True
30--300s,train2000_2021_test2022_2024,2000-2021,2022-2024,270,285,277.5,7,-0.001961067256350973,-0.001961067256350973,-0.0024480147804627297,-0.0027309953635860774,-0.0007041916250041116,-0.001695026,-0.0029632985,-0.00087635126,0.0012962973404937073,0.925,80,True
30--300s,train2000_2021_test2022_2024,2000-2021,2022-2024,270,285,277.5,8,-0.002351158212981252,-0.002351158212981252,-0.003464848367731133,-0.0026310172736527943,-0.0009576089975598283,-0.002499731,-0.0028173963,-0.0012259721,0.001259368492738976,0.9783549783549783,77,True
30--300s,train2000_2021_test2022_2024,2000-2021,2022-2024,270,285,277.5,9,-0.0023320494183789145,-0.0023320494183789145,-0.0033098189794047474,-0.0027854193983107203,-0.0009009098774212763,-0.0023770435,-0.0030427214,-0.0011477487,0.0014563793458874247,0.9651741293532339,67,True
30--300s,train2000_2021_test2022_2024,2000-2021,2022-2024,270,285,277.5,10,-0.0023101755401605255,-0.0023101755401605255,-0.003722257403970861,-0.002391422892572229,-0.0008168463239384857,-0.0027034404,-0.0024677468,-0.0010317725,0.0014382050338951446,0.9577464788732394,71,True
30--300s,train2000_2021_test2022_2024,2000-2021,2022-2024,285,300,292.5,-10,0.002140394562837809,0.002140394562837809,0.0037314877257055208,-6.416852442580649e-05,0.002753864487233712,0.0031953296,0.00092850736,0.0038944685,0.0012391205821334571,0.7941176470588235,68,True
30--300s,train2000_2021_test2022_2024,2000-2021,2022-2024,285,300,292.5,-9,0.0008808993644677906,0.0008808993644677906,0.0020798184079616764,-0.0009430617793103593,0.001505941464752055,0.001888226,-0.00035409626,0.002172803,0.0018069954025370018,0.7725490196078432,85,True
30--300s,train2000_2021_test2022_2024,2000-2021,2022-2024,285,300,292.5,-8,-0.002060310561500325,-0.002060310561500325,-0.001858015833928035,-0.0033536762913551803,-0.0009692395592177602,-0.0012281105,-0.003872001,-0.0012420181,0.0028070572441407345,0.8378378378378378,74,True
30--300s,train2000_2021_test2022_2024,2000-2021,2022-2024,285,300,292.5,-7,0.0020805245870767477,0.0020805245870767477,0.0018961561429378599,0.0026826766974248338,0.0016627409208675487,0.0017428788,0.004937087,0.0023891274,0.002391377876064225,0.9230769230769231,78,True
30--300s,train2000_2021_test2022_2024,2000-2021,2022-2024,285,300,292.5,-6,0.0020894900821067184,0.0020894900821067184,0.002474479190832896,0.0018878022394261515,0.0019061888160611072,0.002200554,0.0037770951,0.002724994,0.0025318396460758392,0.9369369369369369,74,True
30--300s,train2000_2021_test2022_2024,2000-2021,2022-2024,285,300,292.5,-5,0.001007369242080511,0.001007369242080511,-0.0007345656744235981,0.0017320605656016206,0.0020246128350635112,-0.00033903075,0.0035498154,0.0028883747,0.0021116751174195037,0.8307692307692308,65,True
30--300s,train2000_2021_test2022_2024,2000-2021,2022-2024,285,300,292.5,-4,0.0015942635226844093,0.0015942635226844093,0.001482635031757026,0.0012779096352220488,0.0020222459010741526,0.001415625,0.0028870548,0.0028851093,0.0023372064668622616,0.9285714285714286,84,True
30--300s,train2000_2021_test2022_2024,2000-2021,2022-2024,285,300,292.5,-3,0.001868593667823622,0.001868593667823622,0.0017195603061444331,0.00180876502827089,0.0020774556690555425,0.0016031237,0.0036617531,0.002961278,0.002293181172226698,0.9377289377289377,91,True
30--300s,train2000_2021_test2022_2024,2000-2021,2022-2024,285,300,292.5,-2,0.0010834774926609643,0.0010834774926609643,0.00093791551341288,0.0013057971945027115,0.0010067197700673015,0.0009845431,0.0029277524,0.0014840644,0.003028132077790405,0.9409722222222222,96,True
30--300s,train2000_2021_test2022_2024,2000-2021,2022-2024,285,300,292.5,-1,0.00038970686212297243,0.00038970686212297243,-0.0008544003301226946,0.0010524108530366298,0.0009711100634549821,-0.00043386593,0.0025579757,0.0014349364,0.0033979491433766547,0.8823529411764706,102,True
30--300s,train2000_2021_test2022_2024,2000-2021,2022-2024,285,300,292.5,0,0.0020389688845494224,0.0020389688845494224,0.0017982946066992544,0.0005717095059343063,0.003746902541014707,0.0016654327,0.0018564693,0.005264488,0.002109007211306271,0.8871794871794871,130,True
30--300s,train2000_2021_test2022_2024,2000-2021,2022-2024,285,300,292.5,1,0.000507235318527467,0.000507235318527467,-0.00041863479045577227,-0.00011046487371673404,0.0020508056197549073,-8.900831e-05,0.0008609452,0.002924511,0.002197985752844659,0.8473520249221185,107,True
30--300s,train2000_2021_test2022_2024,2000-2021,2022-2024,285,300,292.5,2,-0.0013209418908913836,-0.0013209418908913836,-0.002430452097556244,-0.0015477859657004693,1.5412390582562062e-05,-0.001681127,-0.0012365942,0.000116432195,0.001822593553424008,0.7738095238095238,84,True
30--300s,train2000_2021_test2022_2024,2000-2021,2022-2024,285,300,292.5,3,-0.0028178454483739606,-0.0028178454483739606,-0.003935219573441394,-0.002807366244060422,-0.0017109505276200643,-0.002871975,-0.0030747494,-0.0022653006,0.0017931995783854488,0.9592592592592593,90,True
30--300s,train2000_2021_test2022_2024,2000-2021,2022-2024,285,300,292.5,4,0.00033923728338662985,0.00033923728338662985,-0.0003772904689188216,0.00025146179492007185,0.0011435405241586392,-5.62891e-05,0.0013891192,0.0016728257,0.001389630680991098,0.7940074906367041,89,True
30--300s,train2000_2021_test2022_2024,2000-2021,2022-2024,285,300,292.5,5,-0.00035380886805281967,-0.00035380886805281967,-0.0013059307958175359,-0.0005791940644754498,0.0008236982561345266,-0.00079119956,0.00017691025,0.0012315634,0.0012993552711371061,0.7629629629629628,90,True
30--300s,train2000_2021_test2022_2024,2000-2021,2022-2024,285,300,292.5,6,-0.0012642404524900457,-0.0012642404524900457,-0.002486744833867991,-0.0016748866959372187,0.0003689101723350721,-0.0017256762,-0.0014220772,0.0006041265,0.0015238841600839737,0.7613168724279835,81,True
30--300s,train2000_2021_test2022_2024,2000-2021,2022-2024,285,300,292.5,7,-0.002269376009519153,-0.002269376009519153,-0.0031423903627531857,-0.0027791070749822776,-0.0008866305908219953,-0.0022445433,-0.0030335097,-0.0011280486,0.0015428986532629101,0.9558232931726907,83,True
30--300s,train2000_2021_test2022_2024,2000-2021,2022-2024,285,300,292.5,8,-0.002045353764889659,-0.002045353764889659,-0.0029119217422655945,-0.0024015187899607054,-0.0008226207624426776,-0.0020621542,-0.0024824804,-0.0010397391,0.0011185205258003417,0.9538461538461539,65,True
30--300s,train2000_2021_test2022_2024,2000-2021,2022-2024,285,300,292.5,9,-0.0023140515615082432,-0.0023140515615082432,-0.0034527404181280115,-0.0025894674754111126,-0.0008999467909856053,-0.0024901489,-0.0027567612,-0.0011464199,0.0013536249279476804,0.9540229885057472,58,True
30--300s,train2000_2021_test2022_2024,2000-2021,2022-2024,285,300,292.5,10,-0.0021311495386875426,-0.0021311495386875426,-0.0031209697120445534,-0.0024899899453804616,-0.0007824889586376129,-0.0022275911,-0.0026115896,-0.0009843722,0.0013588159219630534,0.9142857142857143,70,True
