window,outer_fold,train_years,test_years,time_bin_left,time_bin_right,time_bin_mid,score_diff_cell,cate_value,tau_mean_ensemble,tau_catboost,tau_xgb,tau_lgbm,tau_catboost_raw,tau_xgb_raw,tau_lgbm_raw,tau_std_across_models,tau_sign_agree_ratio,n,shown_in_figure
0--30s,train2000_2009_test2010_2012,2000-2009,2010-2012,0,3,1.5,-10,-0.0016633278002155482,-0.0016633278002155482,0.009608511353249336,-0.0132190285252114,-0.0013794662286845815,0.007369821,-0.02004615,-0.0013484727,0.01692011414255329,0.7666666666666666,20,True
0--30s,train2000_2009_test2010_2012,2000-2009,2010-2012,0,3,1.5,-9,-0.006531182149773803,-0.006531182149773803,-0.0019847732660813323,-0.014681960033298795,-0.002926813149941277,0.001732727,-0.022120452,-0.0030087892,0.017159985996943756,0.8148148148148148,36,True
0--30s,train2000_2009_test2010_2012,2000-2009,2010-2012,0,3,1.5,-8,-0.01796899613110422,-0.01796899613110422,-0.029982931239298433,-0.016461409464842525,-0.007462647689171698,-0.011881038,-0.024643544,-0.007875779,0.01448374313182925,0.8918918918918919,37,True
0--30s,train2000_2009_test2010_2012,2000-2009,2010-2012,0,3,1.5,-7,-0.010887633178941966,-0.010887633178941966,-0.021806870064756973,-0.007829798141101095,-0.0030262313309678338,-0.007905527,-0.012404726,-0.0031154656,0.01616503033146314,0.8648648648648649,74,True
0--30s,train2000_2009_test2010_2012,2000-2009,2010-2012,0,3,1.5,-6,-0.012707172955101783,-0.012707172955101783,-0.021463173160933404,-0.012054162347426187,-0.004604183356945762,-0.007738408,-0.01839448,-0.0048086215,0.01721098010826148,0.892966360856269,109,True
0--30s,train2000_2009_test2010_2012,2000-2009,2010-2012,0,3,1.5,-5,-0.012395902655115759,-0.012395902655115759,-0.023888403417726002,-0.008567650379550361,-0.004731654168070912,-0.008917647,-0.013450932,-0.004945399,0.01896036377827842,0.8953168044077134,121,True
0--30s,train2000_2009_test2010_2012,2000-2009,2010-2012,0,3,1.5,-4,-0.025686701796914287,-0.025686701796914287,-0.05678515319624768,-0.011268654250489651,-0.00900629794400552,-0.02491329,-0.017280702,-0.009532128,0.0217636662527461,0.9273504273504273,156,True
0--30s,train2000_2009_test2010_2012,2000-2009,2010-2012,0,3,1.5,-3,-0.025717664537742966,-0.025717664537742966,-0.06194054675157554,-0.00916935677061994,-0.006043090091033419,-0.027420038,-0.014304095,-0.0063525806,0.01835251776063002,0.915807560137457,194,True
0--30s,train2000_2009_test2010_2012,2000-2009,2010-2012,0,3,1.5,-2,-0.04282665556942849,-0.04282665556942849,-0.08710542554952072,-0.01682697927949941,-0.02454756187926533,-0.039656155,-0.025161888,-0.026208036,0.02104635633318525,0.9547619047619047,140,True
0--30s,train2000_2009_test2010_2012,2000-2009,2010-2012,0,3,1.5,-1,-0.06719591133138962,-0.06719591133138962,-0.1056606484844364,-0.024329169721738823,-0.07159791578799361,-0.048678406,-0.03579929,-0.07669347,0.026825766056333016,0.9444444444444444,126,True
0--30s,train2000_2009_test2010_2012,2000-2009,2010-2012,0,3,1.5,0,-0.0733810825391577,-0.0733810825391577,-0.1492656476715038,-0.029453983115789555,-0.041423616830179706,-0.069880806,-0.043065798,-0.044316188,0.016156720398827304,1.0,274,True
0--30s,train2000_2009_test2010_2012,2000-2009,2010-2012,0,3,1.5,1,-0.061077407837431964,-0.061077407837431964,-0.11353403491789986,-0.03156270621958357,-0.03813548237481247,-0.052506745,-0.04605577,-0.04078799,,1.0,1,False
0--30s,train2000_2009_test2010_2012,2000-2009,2010-2012,0,3,1.5,2,-0.037868085766759936,-0.037868085766759936,-0.09034723284543156,-0.009983702559081467,-0.013273321895766788,-0.041232444,-0.015458761,-0.014110681,0.0060026176358994356,1.0,2,False
0--30s,train2000_2009_test2010_2012,2000-2009,2010-2012,0,3,1.5,3,-0.02899627102952201,-0.02899627102952201,-0.06329976192820207,-0.00930688165792285,-0.014382169502441124,-0.02808094,-0.014499093,-0.015300483,0.00958388199495051,1.0,3,False
0--30s,train2000_2009_test2010_2012,2000-2009,2010-2012,0,3,1.5,4,-0.03392003928102242,-0.03392003928102242,-0.09021049116056758,-0.0019546443215084025,-0.00959498236099127,-0.041165955,-0.004074307,-0.0101637915,,1.0,1,False
0--30s,train2000_2009_test2010_2012,2000-2009,2010-2012,0,3,1.5,5,-0.014128136995401793,-0.014128136995401793,-0.030180443310045036,0.00020110649397612023,-0.012405074170136454,-0.011977074,-0.001017654,-0.013179044,0.015207590766694382,0.6666666666666666,3,False
0--30s,train2000_2009_test2010_2012,2000-2009,2010-2012,0,3,1.5,6,-0.01707186683227644,-0.01707186683227644,-0.0347938423261773,-0.0050273394804389625,-0.011394418690213053,-0.014220284,-0.008431101,-0.012094602,0.0016264613139258398,1.0,2,False
0--30s,train2000_2009_test2010_2012,2000-2009,2010-2012,0,3,1.5,7,-0.023654224853437954,-0.023654224853437954,-0.05447664159705251,-0.005575426433527242,-0.010910606529734114,-0.023790807,-0.009208238,-0.011575468,0.011339972299569215,1.0,2,False
0--30s,train2000_2009_test2010_2012,2000-2009,2010-2012,0,3,1.5,8,-0.022038231206143476,-0.022038231206143476,-0.048502539562833874,-0.005579684001151555,-0.012032470054445002,-0.02088597,-0.009214275,-0.012779237,0.007974773992447181,0.9166666666666666,4,False
0--30s,train2000_2009_test2010_2012,2000-2009,2010-2012,0,3,1.5,9,-0.02129991336708396,-0.02129991336708396,-0.048475973939463714,-0.005096693978411283,-0.010327072183376881,-0.020873055,-0.00852944,-0.0109493295,0.006925474964626071,0.8888888888888888,3,False
0--30s,train2000_2009_test2010_2012,2000-2009,2010-2012,0,3,1.5,10,-0.030492506879060854,-0.030492506879060854,-0.0710394877530233,-0.007642209937144447,-0.012795822947014812,-0.031844288,-0.012138744,-0.01359832,0.0037397085463669114,1.0,3,False
0--30s,train2000_2009_test2010_2012,2000-2009,2010-2012,3,6,4.5,-10,0.013727713821492236,0.013727713821492236,0.038602295941282824,0.003987528111432882,-0.0014066825882389942,0.021467695,0.0043511377,-0.001377676,0.029909612614018356,0.9242424242424242,22,True
0--30s,train2000_2009_test2010_2012,2000-2009,2010-2012,3,6,4.5,-9,0.0038545820528610364,0.0038545820528610364,0.014296181310504353,0.0007952998363129936,-0.003527734988234237,0.009649144,-0.00017514342,-0.0036535833,0.02435423376780878,0.9135802469135803,27,True
0--30s,train2000_2009_test2010_2012,2000-2009,2010-2012,3,6,4.5,-8,-0.009243513682610565,-0.009243513682610565,-0.02140199899714651,0.0011436038139901472,-0.007472145864675334,-0.0077086627,0.00031871907,-0.00788597,0.018338485040438175,0.8508771929824562,38,True
0--30s,train2000_2009_test2010_2012,2000-2009,2010-2012,3,6,4.5,-7,0.005035211390330759,0.005035211390330759,0.005723661479814413,0.01009332768928884,-0.0007113549981109742,0.00548086,0.013008591,-0.0006315837,0.024365692358301213,0.9084967320261438,51,True
0--30s,train2000_2009_test2010_2012,2000-2009,2010-2012,3,6,4.5,-6,0.013502579070845323,0.013502579070845323,0.012865871793663722,0.010728426774185052,0.016913438644687192,0.008953672,0.013909102,0.01827997,0.03225036815669115,0.8871794871794871,65,True
0--30s,train2000_2009_test2010_2012,2000-2009,2010-2012,3,6,4.5,-5,0.0032018081221626437,0.0032018081221626437,-0.001955241483650165,0.005644529348435941,0.0059161365017021544,0.0017470864,0.0067006107,0.0064797713,0.03456162241532079,0.8480392156862745,68,True
0--30s,train2000_2009_test2010_2012,2000-2009,2010-2012,3,6,4.5,-4,-0.02037038473346312,-0.02037038473346312,-0.05808906825299659,0.00593391911068221,-0.008956005058074971,-0.025547303,0.007110939,-0.009478164,0.03712105822176601,0.9037037037037037,90,True
0--30s,train2000_2009_test2010_2012,2000-2009,2010-2012,3,6,4.5,-3,-0.02627518753766468,-0.02627518753766468,-0.07582823558820315,0.008274086782199921,-0.011271413806990812,-0.03417276,0.010429078,-0.011962617,0.03424129783307115,0.7736625514403291,81,True
0--30s,train2000_2009_test2010_2012,2000-2009,2010-2012,3,6,4.5,-2,-0.012774778477909785,-0.012774778477909785,-0.056811429594284174,0.013431629551997538,0.005055464608557281,-0.024926068,0.017741991,0.005556263,0.03547049041797954,0.7719298245614035,76,True
0--30s,train2000_2009_test2010_2012,2000-2009,2010-2012,3,6,4.5,-1,-0.008876129096331451,-0.008876129096331451,-0.04035521911149309,0.013103504535614822,0.000623327286883911,-0.016924435,0.017276742,0.0008005418,0.04690957077503467,0.82183908045977,58,True
0--30s,train2000_2009_test2010_2012,2000-2009,2010-2012,3,6,4.5,0,-0.02052231361633806,-0.02052231361633806,-0.04195275181752593,-0.00682439755816916,-0.01278979147331909,-0.017701216,-0.0109791625,-0.013591848,0.02183721707805372,0.875,40,True
0--30s,train2000_2009_test2010_2012,2000-2009,2010-2012,3,6,4.5,1,0.012964358135322469,0.012964358135322469,0.021079378270128072,0.013045845808454267,0.0047678503273850675,0.012947391,0.017194986,0.00524765,0.015971905051498255,0.8888888888888888,12,True
0--30s,train2000_2009_test2010_2012,2000-2009,2010-2012,3,6,4.5,2,-0.009146322592371624,-0.009146322592371624,-0.020977754606107842,-0.0006315875573332383,-0.00582962561367379,-0.0075023794,-0.0021983364,-0.0061235316,0.016122099529247834,0.8888888888888888,6,False
0--30s,train2000_2009_test2010_2012,2000-2009,2010-2012,3,6,4.5,3,-0.01406647170915428,-0.01406647170915428,-0.028888968738735643,0.0020203221613134094,-0.015330768550040612,-0.011349111,0.0015618238,-0.01631834,0.02339434498146602,0.6666666666666666,2,False
0--30s,train2000_2009_test2010_2012,2000-2009,2010-2012,3,6,4.5,4,-0.01077564992168121,-0.01077564992168121,-0.03107670209990256,0.004994097675849516,-0.006244345340990587,-0.012412869,0.0057783592,-0.0065685296,0.005361202618934395,0.6666666666666666,4,False
0--30s,train2000_2009_test2010_2012,2000-2009,2010-2012,3,6,4.5,5,-0.012261107945836765,-0.012261107945836765,-0.03417354371144946,0.004194004855002522,-0.006803784981063352,-0.013918672,0.004643903,-0.0071688127,0.012911410705690766,0.75,4,False
0--30s,train2000_2009_test2010_2012,2000-2009,2010-2012,3,6,4.5,6,-0.009152579427545627,-0.009152579427545627,-0.02494035722113427,-0.0022698954630384132,-0.00024748559846419517,-0.009429147,-0.004521304,-0.00013384782,,1.0,1,False
0--30s,train2000_2009_test2010_2012,2000-2009,2010-2012,3,6,4.5,7,-0.023361855454471038,-0.023361855454471038,-0.06599669854756762,0.0012044209367036791,-0.005293288752549171,-0.029392293,0.0004049521,-0.0055480376,0.014749132103508146,0.8333333333333333,2,False
0--30s,train2000_2009_test2010_2012,2000-2009,2010-2012,3,6,4.5,8,-0.02259830604789526,-0.02259830604789526,-0.054144166157501616,-0.004283588066108962,-0.009367163920075196,-0.023629144,-0.0073765316,-0.00991934,0.009322455935721822,1.0,5,False
0--30s,train2000_2009_test2010_2012,2000-2009,2010-2012,3,6,4.5,9,-0.013947580573549896,-0.013947580573549896,-0.03650691921575092,0.0011157734459773265,-0.00645159595087609,-0.015053247,0.00027925833,-0.0067909113,0.010053883251222563,0.8888888888888888,6,False
0--30s,train2000_2009_test2010_2012,2000-2009,2010-2012,3,6,4.5,10,-0.01348546641058656,-0.01348546641058656,-0.02993531962153904,-0.00014953083431478784,-0.010371548775905848,-0.011857887,-0.001514825,-0.010997054,0.006733238422090679,0.8888888888888888,6,False
0--30s,train2000_2009_test2010_2012,2000-2009,2010-2012,6,9,7.5,-10,0.014333244769676545,0.014333244769676545,0.039591946526191385,0.003835816111139851,-0.000428028328301604,0.0219489,0.0041360245,-0.0003275717,0.029023306313077542,0.9733333333333333,25,True
0--30s,train2000_2009_test2010_2012,2000-2009,2010-2012,6,9,7.5,-9,0.014757585365183165,0.014757585365183165,0.03633989296476319,0.005638155845806614,0.0022947072849796905,0.02036763,0.0066915737,0.0025939469,0.021005509631233963,0.9425287356321839,29,True
0--30s,train2000_2009_test2010_2012,2000-2009,2010-2012,6,9,7.5,-8,-0.004458461119579857,-0.004458461119579857,-0.005146882234819073,-0.0017919462947023662,-0.0064365548292181305,0.00019518987,-0.0038436167,-0.006774772,0.02311778660447219,0.9844961240310078,43,True
0--30s,train2000_2009_test2010_2012,2000-2009,2010-2012,6,9,7.5,-7,0.008030884871622915,0.008030884871622915,0.015174591437819834,0.004350092103559995,0.004567971073488914,0.010076259,0.00486522,0.0050331783,0.024434436952802834,0.9361702127659575,47,True
0--30s,train2000_2009_test2010_2012,2000-2009,2010-2012,6,9,7.5,-6,0.014930107736760945,0.014930107736760945,0.027182778367320113,0.0029485620242594075,0.01465898281870331,0.015915094,0.0028779812,0.01586092,0.024335322934316214,0.869281045751634,51,True
0--30s,train2000_2009_test2010_2012,2000-2009,2010-2012,6,9,7.5,-5,0.015985549276753754,0.015985549276753754,0.02544256319287155,0.006398838325223601,0.01611524631216611,0.015068936,0.0077701504,0.017423503,0.026790157321623202,0.8602150537634409,62,True
0--30s,train2000_2009_test2010_2012,2000-2009,2010-2012,6,9,7.5,-4,-0.01964911596636697,-0.01964911596636697,-0.049823432501034215,0.0027787001135769554,-0.01190261551164365,-0.02152824,0.0026371328,-0.012639901,0.02490128796067733,0.8708333333333333,80,True
0--30s,train2000_2009_test2010_2012,2000-2009,2010-2012,6,9,7.5,-3,-0.027006940218566443,-0.027006940218566443,-0.0693558018885159,0.005151420776714646,-0.01681643954389809,-0.031025616,0.0060014287,-0.017912477,0.01898054724132796,0.8333333333333334,64,True
0--30s,train2000_2009_test2010_2012,2000-2009,2010-2012,6,9,7.5,-2,-0.018067572385807522,-0.018067572385807522,-0.05250927659252421,0.0067682897510173866,-0.00846173031591574,-0.022834199,0.008293998,-0.008947803,0.02146873098511422,0.7973856209150326,51,True
0--30s,train2000_2009_test2010_2012,2000-2009,2010-2012,6,9,7.5,-1,-0.008249208955528454,-0.008249208955528454,-0.0344789570296885,0.007212055395646716,0.0025192747674564224,-0.014067175,0.008923216,0.0028349096,0.016320573593695358,0.7741935483870968,31,True
0--30s,train2000_2009_test2010_2012,2000-2009,2010-2012,6,9,7.5,0,-0.013507459042095984,-0.013507459042095984,-0.02895208546339382,-0.004843427506627221,-0.006726864156266917,-0.011379801,-0.008170332,-0.007086276,0.012245743063918272,0.9285714285714286,28,True
0--30s,train2000_2009_test2010_2012,2000-2009,2010-2012,6,9,7.5,1,0.01434105594844369,0.01434105594844369,0.030668598206682184,0.0061816961470991735,0.006172873491549716,0.017610032,0.007462263,0.0067552524,0.01553950857234441,0.9333333333333332,10,True
0--30s,train2000_2009_test2010_2012,2000-2009,2010-2012,6,9,7.5,2,-0.00283776715346213,-0.00283776715346213,-0.002116872932662896,-0.0030016327138307013,-0.003394795813892791,0.0016684951,-0.005558839,-0.0035109385,0.012963843101087051,0.7291666666666666,16,True
0--30s,train2000_2009_test2010_2012,2000-2009,2010-2012,6,9,7.5,3,-0.013812305400647635,-0.013812305400647635,-0.031853992827496604,0.005897635501012872,-0.015480558875459176,-0.012790818,0.0070594917,-0.016479066,0.004419508397815428,0.6969696969696969,11,True
0--30s,train2000_2009_test2010_2012,2000-2009,2010-2012,6,9,7.5,4,0.0053508065411384705,0.0053508065411384705,0.01333473889753905,0.006791119025873811,-0.004073438299997449,0.009181653,0.0083263675,-0.0042391275,0.010922908922884236,0.7777777777777777,3,False
0--30s,train2000_2009_test2010_2012,2000-2009,2010-2012,6,9,7.5,5,-0.009559257955398233,-0.009559257955398233,-0.021733215767678588,0.004075020552879651,-0.011019578651395762,-0.007869713,0.004475194,-0.011692395,0.015573877608797514,0.6666666666666666,2,False
0--30s,train2000_2009_test2010_2012,2000-2009,2010-2012,6,9,7.5,6,0.012812907314257953,0.012812907314257953,0.04330874657419769,-0.00013675227471378446,-0.004733272356710048,0.02375615,-0.0014967062,-0.004947135,,0.6666666666666666,1,False
0--30s,train2000_2009_test2010_2012,2000-2009,2010-2012,6,9,7.5,7,-0.002357270026292061,-0.002357270026292061,-0.009892770092204765,0.010545960439111511,-0.007725000425782928,-0.0021124403,0.013650382,-0.008157285,,0.6666666666666666,1,False
0--30s,train2000_2009_test2010_2012,2000-2009,2010-2012,6,9,7.5,8,-0.007158659432972695,-0.007158659432972695,-0.010797498718564311,0.0013991972333447212,-0.012077676813698496,-0.0025523535,0.00068112666,-0.012827744,0.004735172563177364,0.7333333333333333,5,False
0--30s,train2000_2009_test2010_2012,2000-2009,2010-2012,6,9,7.5,9,-0.0180556692479443,-0.0180556692479443,-0.046381873519013433,0.0004970711836773678,-0.008282205408496836,-0.019854823,-0.00059800374,-0.008755171,0.009953882240436156,0.7916666666666666,8,False
0--30s,train2000_2009_test2010_2012,2000-2009,2010-2012,6,9,7.5,10,-0.015771914754974484,-0.015771914754974484,-0.03878919192386453,9.019606862488069e-06,-0.008535571947921405,-0.016162975,-0.0012900153,-0.009027035,0.008872930327873762,0.7777777777777778,9,False
0--30s,train2000_2009_test2010_2012,2000-2009,2010-2012,9,12,10.5,-10,0.013397349758500333,0.013397349758500333,0.03633538552713969,0.0051823487344952865,-0.0013256849861339774,0.020365437,0.006045282,-0.0012907649,0.027423425601369473,0.9230769230769231,26,True
0--30s,train2000_2009_test2010_2012,2000-2009,2010-2012,9,12,10.5,-9,0.016927152906676707,0.016927152906676707,0.042682880913360456,0.0076459610332936315,0.0004526167733760332,0.02345183,0.009538454,0.000617368,0.02236720847455381,0.9444444444444445,24,True
0--30s,train2000_2009_test2010_2012,2000-2009,2010-2012,9,12,10.5,-8,-0.002419875014746676,-0.002419875014746676,-0.001274824428684996,0.0017314001911152808,-0.007716200806670312,0.0020779308,0.0011521594,-0.008147843,0.02200309422973676,0.934959349593496,41,True
0--30s,train2000_2009_test2010_2012,2000-2009,2010-2012,9,12,10.5,-7,0.018455844135201835,0.018455844135201835,0.03242048497292809,0.01048068657222601,0.012466360860451402,0.018461864,0.01355783,0.013508218,0.024601597934138023,0.8688524590163934,61,True
0--30s,train2000_2009_test2010_2012,2000-2009,2010-2012,9,12,10.5,-6,0.016295255226458482,0.016295255226458482,0.027558566965921183,0.006932425781762013,0.014394772931692253,0.016097818,0.008526728,0.015577421,0.026892009185398438,0.8988095238095238,56,True
0--30s,train2000_2009_test2010_2012,2000-2009,2010-2012,9,12,10.5,-5,0.01072096873300393,0.01072096873300393,0.00959122900789896,0.008183684595994103,0.014387992595118724,0.007361417,0.010300896,0.015570144,0.024884988104029206,0.8214285714285714,56,True
0--30s,train2000_2009_test2010_2012,2000-2009,2010-2012,9,12,10.5,-4,-0.0171742448378476,-0.0171742448378476,-0.04825799755221043,0.0032573373972528304,-0.006522074358585194,-0.020767065,0.0033157957,-0.006866535,0.021355266551775075,0.8571428571428571,70,True
0--30s,train2000_2009_test2010_2012,2000-2009,2010-2012,9,12,10.5,-3,-0.02740670966671251,-0.02740670966671251,-0.0710246500645977,0.004727547031240153,-0.015923025966779972,-0.031837072,0.0054004155,-0.016953837,0.021806779739507672,0.8496732026143792,51,True
0--30s,train2000_2009_test2010_2012,2000-2009,2010-2012,9,12,10.5,-2,-0.02020385133658313,-0.02020385133658313,-0.057766127584072555,0.006216566454930031,-0.009061992880606872,-0.025390279,0.007511706,-0.00959189,0.018353775444029517,0.8157894736842105,38,True
0--30s,train2000_2009_test2010_2012,2000-2009,2010-2012,9,12,10.5,-1,0.0034000732456859,0.0034000732456859,-0.011093467238808082,0.005901276059897316,0.015392410915968466,-0.0026962648,0.0070646536,0.016647894,0.015071014437474444,0.7466666666666666,25,True
0--30s,train2000_2009_test2010_2012,2000-2009,2010-2012,9,12,10.5,0,-0.014410327258677072,-0.014410327258677072,-0.03163822211899421,-0.005106641032845703,-0.006486118624191303,-0.012685902,-0.0085435435,-0.006827954,0.011856950942291495,0.9365079365079365,21,True
0--30s,train2000_2009_test2010_2012,2000-2009,2010-2012,9,12,10.5,1,0.011931153093456956,0.011931153093456956,0.02158928430739447,0.007937820293460815,0.006266354679515582,0.013195326,0.009952283,0.0068555586,0.009861523769551508,0.9166666666666666,24,True
0--30s,train2000_2009_test2010_2012,2000-2009,2010-2012,9,12,10.5,2,-0.005436137669848955,-0.005436137669848955,-0.007910223277081397,-0.0021174062110972058,-0.006280783521368259,-0.001148451,-0.0043050884,-0.006607628,0.010079018537748128,0.7894736842105263,19,True
0--30s,train2000_2009_test2010_2012,2000-2009,2010-2012,9,12,10.5,3,-0.012505527092892132,-0.012505527092892132,-0.02624733542673126,0.0015183395261002262,-0.012787585378045356,-0.010064649,0.0008500593,-0.013589482,0.008063912875338686,0.7254901960784313,17,True
0--30s,train2000_2009_test2010_2012,2000-2009,2010-2012,9,12,10.5,4,-0.017360594922448378,-0.017360594922448378,-0.05085162193189829,0.005011957576508262,-0.006242120411955105,-0.022028184,0.0058036833,-0.006566142,0.013939777844158466,0.6666666666666666,3,False
0--30s,train2000_2009_test2010_2012,2000-2009,2010-2012,9,12,10.5,5,-0.0022020940448572003,-0.0022020940448572003,-0.008344139673755704,0.008614785697068885,-0.006876928157884779,-0.0013594376,0.010912157,-0.007247296,0.02182816715615268,0.6666666666666666,2,False
0--30s,train2000_2009_test2010_2012,2000-2009,2010-2012,9,12,10.5,6,-0.0037228979637763567,-0.0037228979637763567,-0.007140888216536097,0.00011941165102791545,-0.004147217325820888,-0.0007743712,-0.0011334897,-0.004318293,0.00680268246965247,0.6666666666666666,4,False
0--30s,train2000_2009_test2010_2012,2000-2009,2010-2012,9,12,10.5,7,-0.006082204698397174,-0.006082204698397174,-0.015171371666301888,0.005574307819024201,-0.008649550247913836,-0.004679096,0.006601043,-0.009149334,0.006262750423943686,0.7333333333333333,5,False
0--30s,train2000_2009_test2010_2012,2000-2009,2010-2012,9,12,10.5,8,-0.012466886385078329,-0.012466886385078329,-0.030607349819177166,0.002748271876231331,-0.009541581212289155,-0.0121846525,0.0025939883,-0.010106491,0.007305566446778337,0.7619047619047619,7,False
0--30s,train2000_2009_test2010_2012,2000-2009,2010-2012,9,12,10.5,9,-0.005787638321891396,-0.005787638321891396,-0.009995537843989195,0.0034157477226621543,-0.010783124844347146,-0.00216241,0.0035404067,-0.011438679,0.006256070732472536,0.6666666666666666,6,False
0--30s,train2000_2009_test2010_2012,2000-2009,2010-2012,9,12,10.5,10,-0.013415829258991105,-0.013415829258991105,-0.03234290774944216,-0.00020017735551025172,-0.00770440267202091,-0.013028547,-0.001586637,-0.008135184,0.006139908230016733,0.8333333333333333,8,False
0--30s,train2000_2009_test2010_2012,2000-2009,2010-2012,12,15,13.5,-10,0.01987743854786017,0.01987743854786017,0.044748428147594506,0.015069777256648506,-0.00018588976066249947,0.024456179,0.020064732,-6.775496e-05,0.023931160017218078,0.8703703703703703,18,True
0--30s,train2000_2009_test2010_2012,2000-2009,2010-2012,12,15,13.5,-9,0.01660606713043358,0.01660606713043358,0.03348398201412297,0.014986132993814174,0.001348086383363594,0.01897898,0.019946132,0.0015782145,0.02164443714954456,0.880952380952381,28,True
0--30s,train2000_2009_test2010_2012,2000-2009,2010-2012,12,15,13.5,-8,-0.0006004534432045577,-0.0006004534432045577,-0.0013061564393804727,0.008525167402954684,-0.009020371293187885,0.0020626963,0.010785086,-0.009547229,0.023848515800332686,0.9542483660130718,51,True
0--30s,train2000_2009_test2010_2012,2000-2009,2010-2012,12,15,13.5,-7,0.011274512686838498,0.011274512686838498,0.017336996105197504,0.014230506319625628,0.0022560356356923585,0.011127702,0.018874723,0.0025524518,0.024201935226312282,0.8011695906432749,57,True
0--30s,train2000_2009_test2010_2012,2000-2009,2010-2012,12,15,13.5,-6,0.018956908356622854,0.018956908356622854,0.018853781281515727,0.013455382577543164,0.024561561210809674,0.011865221,0.01777567,0.026486471,0.02639674502761159,0.8253968253968254,42,True
0--30s,train2000_2009_test2010_2012,2000-2009,2010-2012,12,15,13.5,-5,0.019037380488733876,0.019037380488733876,0.02401079078080371,0.010723644825473076,0.022377705859924837,0.014372754,0.013902322,0.024143176,0.030207669099501816,0.8222222222222222,45,True
0--30s,train2000_2009_test2010_2012,2000-2009,2010-2012,12,15,13.5,-4,-0.012385973733510504,-0.012385973733510504,-0.03890443055457801,0.005225663134092189,-0.003479153780045696,-0.016219007,0.0061066975,-0.0036014554,0.026623608126610823,0.8794326241134752,47,True
0--30s,train2000_2009_test2010_2012,2000-2009,2010-2012,12,15,13.5,-3,-0.022470542401543763,-0.022470542401543763,-0.06884842410402531,0.008019943547412796,-0.006583146648018777,-0.030778911,0.010068726,-0.0069320663,0.019747061232217176,0.7747747747747747,37,True
0--30s,train2000_2009_test2010_2012,2000-2009,2010-2012,12,15,13.5,-2,-0.015072825978183003,-0.015072825978183003,-0.05045227065556158,0.008176184812523742,-0.0029423920915111717,-0.021834005,0.010290261,-0.0030255055,0.020110637487367085,0.8111111111111111,30,True
0--30s,train2000_2009_test2010_2012,2000-2009,2010-2012,12,15,13.5,-1,0.008413126525204994,0.008413126525204994,-0.023426398825492432,0.012920986164327653,0.03574479223677976,-0.008693002,0.017017946,0.03848617,0.011277580866883059,0.7126436781609194,29,True
0--30s,train2000_2009_test2010_2012,2000-2009,2010-2012,12,15,13.5,0,-0.018018511814454338,-0.018018511814454338,-0.04049245277477805,-0.007407892686872472,-0.006155189981712484,-0.016991165,-0.011806504,-0.006472865,0.010533017484670863,1.0,11,True
0--30s,train2000_2009_test2010_2012,2000-2009,2010-2012,12,15,13.5,1,0.006410070502129272,0.006410070502129272,0.006897846775584555,0.007520544025100052,0.004811820705703207,0.006051793,0.0093606245,0.005294831,0.011195584333819814,0.8533333333333333,25,True
0--30s,train2000_2009_test2010_2012,2000-2009,2010-2012,12,15,13.5,2,-0.002434483980570793,-0.002434483980570793,0.0005480756671277586,-0.0007794408215393848,-0.007072086787300753,0.0029642943,-0.0024079785,-0.007456703,0.009715681279376194,0.7916666666666666,24,True
0--30s,train2000_2009_test2010_2012,2000-2009,2010-2012,12,15,13.5,3,-0.011979852590509947,-0.011979852590509947,-0.026271422754658973,0.0019487953536396125,-0.01161693037051048,-0.010076361,0.0014604054,-0.012333359,0.010867153030421827,0.75,20,True
0--30s,train2000_2009_test2010_2012,2000-2009,2010-2012,12,15,13.5,4,-0.011553210938195588,-0.011553210938195588,-0.03824081515708985,0.008307157979308515,-0.0047259756368054255,-0.015896332,0.010475969,-0.0049393056,0.00810869469998451,0.6666666666666666,5,False
0--30s,train2000_2009_test2010_2012,2000-2009,2010-2012,12,15,13.5,5,-0.006045885650232911,-0.006045885650232911,-0.018614100943862913,0.010763235854709494,-0.010286791861545313,-0.0063530817,0.013958458,-0.010906109,0.011472480008394499,0.6666666666666666,3,False
0--30s,train2000_2009_test2010_2012,2000-2009,2010-2012,12,15,13.5,6,-0.008907798515348318,-0.008907798515348318,-0.025819609012934185,0.009259641277067125,-0.01016342781017789,-0.009856672,0.011826502,-0.010773739,0.004735725361843847,0.6666666666666666,5,False
0--30s,train2000_2009_test2010_2012,2000-2009,2010-2012,12,15,13.5,7,-0.0057267936198304725,-0.0057267936198304725,-0.013971541145409204,0.004897285030428249,-0.008106124744510461,-0.004095693,0.005641088,-0.008566234,0.0060476804187833515,0.6666666666666666,3,False
0--30s,train2000_2009_test2010_2012,2000-2009,2010-2012,12,15,13.5,8,-0.006910779069096993,-0.006910779069096993,-0.011402807932056228,0.002196864153638606,-0.011526393428873355,-0.0028466778,0.0018121438,-0.012236212,0.009810644042972412,0.7333333333333333,5,False
0--30s,train2000_2009_test2010_2012,2000-2009,2010-2012,12,15,13.5,9,-0.008696883024510545,-0.008696883024510545,-0.017893149378908246,0.0012077899080966206,-0.009405289602720008,-0.006002527,0.000409729,-0.009960249,0.007622641026223465,0.7619047619047619,14,True
0--30s,train2000_2009_test2010_2012,2000-2009,2010-2012,12,15,13.5,10,-0.016047503848713677,-0.016047503848713677,-0.04233333022573051,0.003842241228642532,-0.009651422549053058,-0.017886268,0.0041451347,-0.010224353,0.007698175303412046,0.7777777777777777,6,False
0--30s,train2000_2009_test2010_2012,2000-2009,2010-2012,15,18,16.5,-10,0.015875519430911453,0.015875519430911453,0.033974190236031716,0.01336377739080594,0.00028859066589671334,0.019217337,0.017645784,0.00044136657,0.025845557281716884,0.8282828282828283,33,True
0--30s,train2000_2009_test2010_2012,2000-2009,2010-2012,15,18,16.5,-9,0.015462792565057322,0.015462792565057322,0.029223293768369157,0.015311485466473828,0.0018535984603289819,0.016907271,0.020407451,0.0021206331,0.02478777707650207,0.8452380952380952,28,True
0--30s,train2000_2009_test2010_2012,2000-2009,2010-2012,15,18,16.5,-8,-1.7766236164897018e-05,-1.7766236164897018e-05,-0.00914449468252826,0.010864018482766602,-0.0017728225087330343,-0.0017486004,0.014101359,-0.0017705474,0.02301405926287193,0.9509803921568628,34,True
0--30s,train2000_2009_test2010_2012,2000-2009,2010-2012,15,18,16.5,-7,0.01647254170915847,0.01647254170915847,0.019470260456982504,0.016138279936297056,0.013809084734195842,0.012164976,0.021579769,0.0149489725,0.028093376363896496,0.8148148148148148,45,True
0--30s,train2000_2009_test2010_2012,2000-2009,2010-2012,15,18,16.5,-6,0.025034276671007792,0.025034276671007792,0.043939112520410675,0.012146780392298783,0.019016937100313908,0.024062658,0.015920194,0.020537043,0.031322311961947416,0.8623188405797101,46,True
0--30s,train2000_2009_test2010_2012,2000-2009,2010-2012,15,18,16.5,-5,0.025403717583118386,0.025403717583118386,0.04273623034894261,0.012385957722848406,0.021088964677564142,0.023477772,0.016259326,0.022760345,0.034265371789793796,0.8653846153846154,52,True
0--30s,train2000_2009_test2010_2012,2000-2009,2010-2012,15,18,16.5,-4,-0.0015678528477983257,-0.0015678528477983257,-0.02218181414182528,0.006583956811249531,0.01089429878718077,-0.008087839,0.008032631,0.011821382,0.025946959370403287,0.888888888888889,42,True
0--30s,train2000_2009_test2010_2012,2000-2009,2010-2012,15,18,16.5,-3,-0.010188933965269103,-0.010188933965269103,-0.03925052515190005,0.0073933684290791515,0.0012903548270135831,-0.016387291,0.009180301,0.001516268,0.027930872713765962,0.8918918918918919,37,True
0--30s,train2000_2009_test2010_2012,2000-2009,2010-2012,15,18,16.5,-2,-0.005130661713802525,-0.005130661713802525,-0.030512288112368148,0.009659172795949175,0.005461130175011399,-0.012138431,0.012393,0.0059915455,0.021894165594154948,0.8148148148148148,27,True
0--30s,train2000_2009_test2010_2012,2000-2009,2010-2012,15,18,16.5,-1,0.01451335027647456,0.01451335027647456,0.002645948667224598,0.010253195481379785,0.030640906680819296,0.003984359,0.013235268,0.03300966,0.018532465678302617,0.84,25,True
0--30s,train2000_2009_test2010_2012,2000-2009,2010-2012,15,18,16.5,0,-0.012732352432058627,-0.012732352432058627,-0.02875614525068181,-0.0035361343019752038,-0.005904777743518869,-0.011284527,-0.006316712,-0.0062041706,0.016164600641851348,0.8888888888888888,12,True
0--30s,train2000_2009_test2010_2012,2000-2009,2010-2012,15,18,16.5,1,0.00941167379914243,0.00941167379914243,0.017316232520364835,0.006886272855426592,0.004032516021635862,0.011117606,0.008461287,0.0044586305,0.01618605320588361,0.8533333333333333,25,True
0--30s,train2000_2009_test2010_2012,2000-2009,2010-2012,15,18,16.5,2,-0.0019613578330777807,-0.0019613578330777807,0.002697997848082919,-0.0004826253506779617,-0.0080994459966383,0.004009668,-0.0019871218,-0.008559069,0.011284733337597148,0.7866666666666666,25,True
0--30s,train2000_2009_test2010_2012,2000-2009,2010-2012,15,18,16.5,3,-0.006956242018556625,-0.006956242018556625,-0.012475839611303118,0.002519358500437863,-0.01091224494480462,-0.0033684263,0.0022694105,-0.011577225,0.009654400995023743,0.7391304347826086,23,True
0--30s,train2000_2009_test2010_2012,2000-2009,2010-2012,15,18,16.5,4,0.001093750055680823,0.001093750055680823,0.0006211886920818804,0.0060836159305701736,-0.003423554455609585,0.0029998443,0.0073231943,-0.0035417967,0.0035556212305414116,0.7708333333333333,16,True
0--30s,train2000_2009_test2010_2012,2000-2009,2010-2012,15,18,16.5,5,-0.005672325575038381,-0.005672325575038381,-0.012739400408751248,0.003808435318479413,-0.00808601163484331,-0.0034965798,0.004097201,-0.008544653,0.009266636211951696,0.6666666666666666,6,False
0--30s,train2000_2009_test2010_2012,2000-2009,2010-2012,15,18,16.5,6,-0.012349387069209187,-0.012349387069209187,-0.03410337865155198,-0.0002893567137749856,-0.002655425842300587,-0.013884555,-0.001713085,-0.002717588,0.018344279987367526,0.7083333333333333,8,False
0--30s,train2000_2009_test2010_2012,2000-2009,2010-2012,15,18,16.5,8,-0.007699997174659338,-0.007699997174659338,-0.016712619438927403,0.00020857278227913914,-0.00659594486732975,-0.005428509,-0.0010070675,-0.0069457986,0.008503810451614262,0.8333333333333333,8,False
0--30s,train2000_2009_test2010_2012,2000-2009,2010-2012,15,18,16.5,9,-0.010842121251258205,-0.010842121251258205,-0.02566343809072663,0.00127677892604943,-0.00813970458909741,-0.009780736,0.000507549,-0.008602266,0.007561839608711082,0.7575757575757575,11,True
0--30s,train2000_2009_test2010_2012,2000-2009,2010-2012,15,18,16.5,10,-0.010945465382121022,-0.010945465382121022,-0.025025269867530533,0.0006935584714235875,-0.008504684750256121,-0.009470434,-0.00031940313,-0.008993893,0.00710255767439995,0.7777777777777778,12,True
0--30s,train2000_2009_test2010_2012,2000-2009,2010-2012,18,21,19.5,-10,0.011540938770437546,0.011540938770437546,0.02242703267659282,0.01183968810584359,0.00035609552887622836,0.013602671,0.015484767,0.0005137999,0.020097854516126192,0.8160919540229885,29,True
0--30s,train2000_2009_test2010_2012,2000-2009,2010-2012,18,21,19.5,-9,0.02678514536265405,0.02678514536265405,0.050718488803498864,0.020142367006595607,0.009494580277867676,0.027359048,0.027257187,0.010319472,0.01890650839012884,0.918918918918919,37,True
0--30s,train2000_2009_test2010_2012,2000-2009,2010-2012,18,21,19.5,-8,0.007904332081015814,0.007904332081015814,0.008931328579108676,0.012733900641178377,0.0020477670227603884,0.0070405486,0.016752677,0.0023289777,0.019747521741202145,0.9057971014492753,46,True
0--30s,train2000_2009_test2010_2012,2000-2009,2010-2012,18,21,19.5,-7,0.018802300189218128,0.018802300189218128,0.027469733528019093,0.01604726311297389,0.012889903926661412,0.016054623,0.021450715,0.013962683,0.025506346878753562,0.8292682926829268,41,True
0--30s,train2000_2009_test2010_2012,2000-2009,2010-2012,18,21,19.5,-6,0.017657825933244196,0.017657825933244196,0.03448503168206079,0.010314793028750876,0.008173653088920924,0.019465726,0.013322608,0.0089021055,0.03160471168783694,0.8125,48,True
0--30s,train2000_2009_test2010_2012,2000-2009,2010-2012,18,21,19.5,-5,0.03138239030677064,0.03138239030677064,0.05606911288362722,0.013310247194851382,0.024767810841833333,0.029960722,0.017569881,0.02670778,0.028179339853570188,0.8787878787878788,33,True
0--30s,train2000_2009_test2010_2012,2000-2009,2010-2012,18,21,19.5,-4,-0.002207508263964688,-0.002207508263964688,-0.012877998253469596,0.0028622479233921467,0.0033932255381833826,-0.0035639713,0.0027555958,0.0037726662,0.029767624363662586,0.9743589743589743,26,True
0--30s,train2000_2009_test2010_2012,2000-2009,2010-2012,18,21,19.5,-3,-0.010308229950566968,-0.010308229950566968,-0.03982658927684613,0.007216895214529698,0.0016850042106155345,-0.016667396,0.008930079,0.0019397303,0.029884505596511242,0.9090909090909091,22,True
0--30s,train2000_2009_test2010_2012,2000-2009,2010-2012,18,21,19.5,-2,-0.0002904162141285392,-0.0002904162141285392,-0.023667823960562023,0.009648588029754965,0.01314798728842144,-0.008810393,0.012377992,0.014239609,0.02088367368668115,0.8452380952380952,28,True
0--30s,train2000_2009_test2010_2012,2000-2009,2010-2012,18,21,19.5,-1,0.009244089411342648,0.009244089411342648,0.0008577607883934792,0.007540482036712331,0.019334025408922133,0.0031148747,0.009388895,0.020877281,0.01790725299822371,0.7681159420289856,23,True
0--30s,train2000_2009_test2010_2012,2000-2009,2010-2012,18,21,19.5,0,-0.01113516377313551,-0.01113516377313551,-0.02330086569684153,-0.003951115740845542,-0.0061535098817194584,-0.008631964,-0.006905117,-0.0064710625,0.016255556025879078,0.8627450980392156,17,True
0--30s,train2000_2009_test2010_2012,2000-2009,2010-2012,18,21,19.5,1,0.0074847635344082765,0.0074847635344082765,0.012946273402406902,0.0055731444867288685,0.003934872714089058,0.008992767,0.0065993937,0.004353858,0.01099517452653878,0.8444444444444444,15,True
0--30s,train2000_2009_test2010_2012,2000-2009,2010-2012,18,21,19.5,2,0.0006575183479058437,0.0006575183479058437,0.00851852672336027,-0.0013597842769814128,-0.005186187402661325,0.006839829,-0.0032308514,-0.005433117,0.008431975539025057,0.72,25,True
0--30s,train2000_2009_test2010_2012,2000-2009,2010-2012,18,21,19.5,3,-0.01022985602025679,-0.01022985602025679,-0.024106771033128586,0.0031061915759252262,-0.009688988603567011,-0.009023826,0.003101485,-0.010264661,0.012665540301549328,0.7555555555555554,15,True
0--30s,train2000_2009_test2010_2012,2000-2009,2010-2012,18,21,19.5,4,-0.002149608380353727,-0.002149608380353727,-0.008536760578456057,0.007101999581348589,-0.005014064143953714,-0.0014530972,0.008767168,-0.0052484274,0.0058164547807579205,0.7555555555555554,15,True
0--30s,train2000_2009_test2010_2012,2000-2009,2010-2012,18,21,19.5,5,-0.006640133801082216,-0.006640133801082216,-0.019984010935505482,0.006618056386671937,-0.006554446854413101,-0.0070191836,0.008080981,-0.006901271,0.008824792910830858,0.6666666666666666,7,False
0--30s,train2000_2009_test2010_2012,2000-2009,2010-2012,18,21,19.5,6,-0.007825024178164174,-0.007825024178164174,-0.018932028319345345,0.003531553335802253,-0.008074597550949433,-0.00650767,0.0037046084,-0.008532406,0.011807637260569439,0.7037037037037037,9,False
0--30s,train2000_2009_test2010_2012,2000-2009,2010-2012,18,21,19.5,7,-0.005466246347894454,-0.005466246347894454,-0.011260860530559136,0.0039808939562091285,-0.009118772469333356,-0.0027776577,0.0043417313,-0.009652815,0.007009784988582242,0.7222222222222222,6,False
0--30s,train2000_2009_test2010_2012,2000-2009,2010-2012,18,21,19.5,8,-0.008856396332323112,-0.008856396332323112,-0.022407661650076956,0.0020648489490387987,-0.006226376295931184,-0.008197654,0.0016249586,-0.0065492485,0.006601667213711353,0.8888888888888888,3,False
0--30s,train2000_2009_test2010_2012,2000-2009,2010-2012,18,21,19.5,9,-0.004861312395787843,-0.004861312395787843,-0.00828685559808405,0.0036314987468899704,-0.00992858033616945,-0.001331584,0.0038463217,-0.010521744,0.006197688894575994,0.7037037037037037,9,False
0--30s,train2000_2009_test2010_2012,2000-2009,2010-2012,18,21,19.5,10,-0.005524375757131884,-0.005524375757131884,-0.008317831400854972,0.0010787012513440847,-0.009333997121884763,-0.0013466455,0.00022669333,-0.009883752,0.0049119516340990115,0.7407407407407407,9,False
0--30s,train2000_2009_test2010_2012,2000-2009,2010-2012,21,24,22.5,-10,0.018275748868238236,0.018275748868238236,0.029363947486575597,0.013449672620232665,0.012013626497906445,0.016975662,0.017767575,0.01302243,0.026300899177703136,0.8260869565217391,23,True
0--30s,train2000_2009_test2010_2012,2000-2009,2010-2012,21,24,22.5,-9,0.019542204120237047,0.019542204120237047,0.02998930006527011,0.01535433312550028,0.01328297916994075,0.017279731,0.020468205,0.014384457,0.030431313473712224,0.8333333333333333,22,True
0--30s,train2000_2009_test2010_2012,2000-2009,2010-2012,21,24,22.5,-8,0.009282544429064687,0.009282544429064687,0.008489584170766328,0.013153886247883077,0.006204162868544652,0.006825756,0.017348176,0.006788826,0.026992414112802548,0.8461538461538461,39,True
0--30s,train2000_2009_test2010_2012,2000-2009,2010-2012,21,24,22.5,-7,0.0173854930105965,0.0173854930105965,0.01969403975719226,0.01819357063464588,0.014268868639951358,0.012273786,0.024493977,0.015442324,0.02717846684545256,0.8194444444444445,48,True
0--30s,train2000_2009_test2010_2012,2000-2009,2010-2012,21,24,22.5,-6,0.02695320052650037,0.02695320052650037,0.04341487779841185,0.015218860822414727,0.02222586295867453,0.023807757,0.020276118,0.023980247,0.030480315540021393,0.868217054263566,43,True
0--30s,train2000_2009_test2010_2012,2000-2009,2010-2012,21,24,22.5,-5,0.018832599735989514,0.018832599735989514,0.039547996354090266,0.012058649050083772,0.004891153803794508,0.021927532,0.015795235,0.005379956,0.032494927350913305,0.8333333333333334,42,True
0--30s,train2000_2009_test2010_2012,2000-2009,2010-2012,21,24,22.5,-4,0.004906321025626862,0.004906321025626862,-0.0022888569818059496,0.007783450007421394,0.009224370051265142,0.0015848699,0.0097334,0.010029534,0.032079325745202183,0.9705882352941176,34,True
0--30s,train2000_2009_test2010_2012,2000-2009,2010-2012,21,24,22.5,-3,-0.001034305984901541,-0.001034305984901541,-0.019381901250301033,0.010923508119202079,0.005355475176394333,-0.006726415,0.01418571,0.005878177,0.027648516894973597,0.9145299145299145,39,True
0--30s,train2000_2009_test2010_2012,2000-2009,2010-2012,21,24,22.5,-2,0.0008185894598767213,0.0008185894598767213,-0.01277554431193325,0.009696656895754106,0.005534655795809308,-0.003514154,0.012446148,0.0060704392,0.025506152380228055,0.9080459770114943,29,True
0--30s,train2000_2009_test2010_2012,2000-2009,2010-2012,21,24,22.5,-1,0.015360994505820373,0.015360994505820373,0.01089063140866985,0.01137834671897009,0.023814005389821175,0.007993236,0.0148306275,0.025684338,0.0161723094871064,0.8452380952380951,28,True
0--30s,train2000_2009_test2010_2012,2000-2009,2010-2012,21,24,22.5,0,-0.008605889625020425,-0.008605889625020425,-0.017030771421746332,-0.003921724200207099,-0.004865173253107841,-0.0055832067,-0.0068634422,-0.005088666,0.01586873261814082,0.8095238095238095,21,True
0--30s,train2000_2009_test2010_2012,2000-2009,2010-2012,21,24,22.5,1,0.015529029561290777,0.015529029561290777,0.03230540318473719,0.00855127030224151,0.005730415196893641,0.018405909,0.010822098,0.0062804907,0.014439003100871758,0.9166666666666666,16,True
0--30s,train2000_2009_test2010_2012,2000-2009,2010-2012,21,24,22.5,2,-0.003936242883400329,-0.003936242883400329,-0.006991941090614747,0.00026092181003685525,-0.005077709369623097,-0.0007019475,-0.0009328415,-0.005316719,0.009041904929027183,0.7727272727272727,22,True
0--30s,train2000_2009_test2010_2012,2000-2009,2010-2012,21,24,22.5,3,-0.013275880101651982,-0.013275880101651982,-0.030690856796059148,0.002020174046302721,-0.011156957555199519,-0.012225256,0.0015616138,-0.011839805,0.010600888320541405,0.7307692307692307,26,True
0--30s,train2000_2009_test2010_2012,2000-2009,2010-2012,21,24,22.5,4,-0.0036971277318671677,-0.0036971277318671677,-0.013746324681273552,0.008118909027208193,-0.005463967541536145,-0.0039861845,0.010209049,-0.005731177,0.010874403470894663,0.6666666666666666,14,True
0--30s,train2000_2009_test2010_2012,2000-2009,2010-2012,21,24,22.5,5,-0.005047937491295484,-0.005047937491295484,-0.017202107939008632,0.00820884386287461,-0.006150548397752429,-0.0056665167,0.0103365695,-0.0064678844,0.009047939345141252,0.6969696969696969,11,True
0--30s,train2000_2009_test2010_2012,2000-2009,2010-2012,21,24,22.5,6,-0.010566384399595749,-0.010566384399595749,-0.027179555557908214,0.002632307703451839,-0.007151905344330872,-0.01051793,0.0024295622,-0.0075423494,0.003947268549338022,0.6666666666666666,5,False
0--30s,train2000_2009_test2010_2012,2000-2009,2010-2012,21,24,22.5,7,-0.009542462153749365,-0.009542462153749365,-0.028367115585008474,0.004140038510449603,-0.004400309386689229,-0.011095366,0.0045673833,-0.004589863,0.013835541471872954,0.8,5,False
0--30s,train2000_2009_test2010_2012,2000-2009,2010-2012,21,24,22.5,8,-0.01102278809799094,-0.01102278809799094,-0.02568692518685725,0.0002806422842278704,-0.0076620813913434406,-0.0097921565,-0.0009048797,-0.008089772,0.009740168448210927,0.7222222222222222,6,False
0--30s,train2000_2009_test2010_2012,2000-2009,2010-2012,21,24,22.5,9,-0.013145083468745192,-0.013145083468745192,-0.032398259861035665,0.002037346848761477,-0.009074337393961386,-0.013055461,0.0015859632,-0.009605135,0.010295759708041776,0.8055555555555555,12,True
0--30s,train2000_2009_test2010_2012,2000-2009,2010-2012,21,24,22.5,10,-0.014953100502847648,-0.014953100502847648,-0.040819143520278364,0.0028535214912051967,-0.006893679479469777,-0.017150013,0.0027432223,-0.00726527,0.01156817511164869,0.7692307692307693,13,True
0--30s,train2000_2009_test2010_2012,2000-2009,2010-2012,24,27,25.5,-10,0.02686726113338414,0.02686726113338414,0.04196740419207225,0.017695944002589222,0.020938435205490942,0.023103938,0.02378839,0.022598825,0.02926826223504977,0.8666666666666667,25,True
0--30s,train2000_2009_test2010_2012,2000-2009,2010-2012,24,27,25.5,-9,0.023368307956727227,0.023368307956727227,0.03246978842805107,0.016993510633411594,0.02064162480871902,0.018485839,0.022792405,0.022280345,0.030078712796739047,0.8666666666666667,30,True
0--30s,train2000_2009_test2010_2012,2000-2009,2010-2012,24,27,25.5,-8,0.007718534868565464,0.007718534868565464,0.0023581028524421745,0.014079416305413978,0.006718085447840241,0.0038443976,0.018660491,0.0073402696,0.028621374774715217,0.8083333333333333,40,True
0--30s,train2000_2009_test2010_2012,2000-2009,2010-2012,24,27,25.5,-7,0.02175571359438852,0.02175571359438852,0.02719201727076744,0.020812939386919877,0.017262184125478246,0.015919587,0.028207997,0.018654175,0.034096625921292624,0.8333333333333334,36,True
0--30s,train2000_2009_test2010_2012,2000-2009,2010-2012,24,27,25.5,-6,0.03270571351456781,0.03270571351456781,0.055157683842970234,0.02087073216628625,0.022088724534446935,0.029517554,0.028289944,0.023833096,0.03375885059849851,0.8712121212121212,44,True
0--30s,train2000_2009_test2010_2012,2000-2009,2010-2012,24,27,25.5,-5,0.024209827739624157,0.024209827739624157,0.04828495691578135,0.017145069293689353,0.0071994570094017635,0.026175773,0.023007302,0.007856784,0.03333255635495459,0.8558558558558559,37,True
0--30s,train2000_2009_test2010_2012,2000-2009,2010-2012,24,27,25.5,-4,0.013140272385536852,0.013140272385536852,0.009668555500734591,0.015507441619359127,0.014244820036516838,0.0073990165,0.020685298,0.01541652,0.0344689145588762,0.9888888888888889,30,True
0--30s,train2000_2009_test2010_2012,2000-2009,2010-2012,24,27,25.5,-3,0.008989330645975619,0.008989330645975619,-0.0073405730037610405,0.019176462607496437,0.015132102334191459,-0.0008714655,0.025887627,0.016368581,0.028721247540694602,0.8933333333333333,25,True
0--30s,train2000_2009_test2010_2012,2000-2009,2010-2012,24,27,25.5,-2,0.0055916340176665,0.0055916340176665,-0.012254381465390493,0.015088362358905654,0.013940921159484334,-0.0032607452,0.020091083,0.015090433,0.02363590463205985,0.8666666666666666,20,True
0--30s,train2000_2009_test2010_2012,2000-2009,2010-2012,24,27,25.5,-1,0.01902948436517438,0.01902948436517438,0.0172298917475217,0.015261456325738129,0.024597105022263307,0.011075624,0.020336514,0.02652461,0.017048406970549695,0.9074074074074073,36,True
0--30s,train2000_2009_test2010_2012,2000-2009,2010-2012,24,27,25.5,0,-0.011559096494097748,-0.011559096494097748,-0.027295962203554017,-0.003941174281419383,-0.0034401529973198466,-0.010574531,-0.006891021,-0.003559607,0.012719575404840151,0.8431372549019608,34,True
0--30s,train2000_2009_test2010_2012,2000-2009,2010-2012,24,27,25.5,1,0.005975230841458868,0.005975230841458868,0.00569476779691608,0.006888253634950716,0.005342671092509806,0.0054668104,0.008464096,0.005864438,0.013781845681187342,0.8333333333333333,28,True
0--30s,train2000_2009_test2010_2012,2000-2009,2010-2012,24,27,25.5,2,0.002049476532133494,0.002049476532133494,0.008824339261673005,9.950588628213952e-05,-0.0027754155515546633,0.006988527,-0.0011617142,-0.002846338,0.012860157900424704,0.8333333333333333,22,True
0--30s,train2000_2009_test2010_2012,2000-2009,2010-2012,24,27,25.5,3,-0.00937357269565698,-0.00937357269565698,-0.022196328526282033,0.002902673979615562,-0.00882706354030447,-0.008094896,0.0028129162,-0.0093398085,0.008354029631030489,0.6666666666666666,23,True
0--30s,train2000_2009_test2010_2012,2000-2009,2010-2012,24,27,25.5,4,-0.0012065455470086624,-0.0012065455470086624,-0.006988564678629709,0.009125257208157,-0.005756329170553278,-0.0007003057,0.011635957,-0.0060448837,0.007152920002984359,0.6825396825396824,21,True
0--30s,train2000_2009_test2010_2012,2000-2009,2010-2012,24,27,25.5,5,0.0017743879807160857,0.0017743879807160857,0.003751037997292199,0.007461777729547095,-0.005889651784691037,0.0045216954,0.009277299,-0.0061879405,0.00515291283127867,0.7,10,True
0--30s,train2000_2009_test2010_2012,2000-2009,2010-2012,24,27,25.5,6,-0.010153883590264704,-0.010153883590264704,-0.02994134257564543,0.0067377382884444515,-0.007258046483593133,-0.011860815,0.008250679,-0.0076562394,0.009573486831195209,0.6666666666666666,7,False
0--30s,train2000_2009_test2010_2012,2000-2009,2010-2012,24,27,25.5,7,-0.007687261786065872,-0.007687261786065872,-0.021144395446213406,0.004135531318492914,-0.006052921230477124,-0.0075834063,0.0045609926,-0.0063631292,0.007760831255512483,0.7037037037037037,9,False
0--30s,train2000_2009_test2010_2012,2000-2009,2010-2012,24,27,25.5,8,-0.012236035035785022,-0.012236035035785022,-0.028304529525698213,0.0002717802555233177,-0.008675355837180173,-0.011064935,-0.0009174452,-0.0091770245,0.005344497430897056,0.8333333333333333,10,True
0--30s,train2000_2009_test2010_2012,2000-2009,2010-2012,24,27,25.5,9,-0.008891052087734925,-0.008891052087734925,-0.018761761117056294,0.0019220805289800785,-0.009833475675128557,-0.006424879,0.0014225263,-0.010419697,0.009398925807410278,0.7619047619047619,7,False
0--30s,train2000_2009_test2010_2012,2000-2009,2010-2012,24,27,25.5,10,-0.014333482094528102,-0.014333482094528102,-0.03874231470624675,0.004367179639990654,-0.008625311217328208,-0.01614018,0.004889448,-0.009123326,0.013103427857590815,0.7619047619047619,7,False
0--30s,train2000_2009_test2010_2012,2000-2009,2010-2012,27,30,28.5,-10,0.02600174068272715,0.02600174068272715,0.03391682381561168,0.01730417617404421,0.02678422205852556,0.019189442,0.0232329,0.028871406,0.030348610198398965,0.8602150537634408,31,True
0--30s,train2000_2009_test2010_2012,2000-2009,2010-2012,27,30,28.5,-9,0.03164366816143789,0.03164366816143789,0.04475893124152474,0.018209479736138262,0.03196259350665068,0.024461284,0.024516538,0.034427844,0.02998657522723791,0.8823529411764706,34,True
0--30s,train2000_2009_test2010_2012,2000-2009,2010-2012,27,30,28.5,-8,0.015828931369178772,0.015828931369178772,0.008738243417871907,0.01649028825347145,0.02225826243619296,0.006946664,0.022078883,0.024015011,0.029028088471746916,0.837037037037037,45,True
0--30s,train2000_2009_test2010_2012,2000-2009,2010-2012,27,30,28.5,-7,0.029977843886981263,0.029977843886981263,0.036482765201006684,0.021585178600415852,0.031865587859521254,0.020437099,0.029302962,0.034323756,0.03430825262017513,0.8518518518518519,27,True
0--30s,train2000_2009_test2010_2012,2000-2009,2010-2012,27,30,28.5,-6,0.022147291642123316,0.022147291642123316,0.04177079846142387,0.014909004780141503,0.009762071684804573,0.023008343,0.01983677,0.010606492,0.03392050699775125,0.8765432098765432,27,True
0--30s,train2000_2009_test2010_2012,2000-2009,2010-2012,27,30,28.5,-5,0.034992476140968266,0.034992476140968266,0.062495568800996645,0.020315931034269256,0.02216592858763891,0.03308551,0.027503286,0.023915937,0.03149327359366407,0.898989898989899,33,True
0--30s,train2000_2009_test2010_2012,2000-2009,2010-2012,27,30,28.5,-4,0.025751654944689964,0.025751654944689964,0.026657516919743145,0.019521724794663915,0.031075723119662835,0.015659692,0.026377177,0.033476222,0.031416190196730025,0.980952380952381,35,True
0--30s,train2000_2009_test2010_2012,2000-2009,2010-2012,27,30,28.5,-3,0.010166572883940418,0.010166572883940418,-0.007834016175440639,0.01824079904777162,0.020092935779490274,-0.0011113962,0.024560943,0.021691598,0.023224914429805305,0.7982456140350876,38,True
0--30s,train2000_2009_test2010_2012,2000-2009,2010-2012,27,30,28.5,-2,0.004864408907524014,0.004864408907524014,-0.009235624307706858,0.01017790390894913,0.01365094712132977,-0.0017929112,0.013128513,0.014779289,0.02715378031013045,0.782051282051282,26,True
0--30s,train2000_2009_test2010_2012,2000-2009,2010-2012,27,30,28.5,-1,0.012993859085975959,0.012993859085975959,0.0052902823475638365,0.011983733580363818,0.021707561330000222,0.005270134,0.01568901,0.023424104,0.017660894743064048,0.8172043010752688,31,True
0--30s,train2000_2009_test2010_2012,2000-2009,2010-2012,27,30,28.5,0,-0.0061011623907611745,-0.0061011623907611745,-0.012094392161808232,-0.004129017290261962,-0.0020800777202133296,-0.0031829523,-0.007157365,-0.0021002349,0.011547787317492371,0.8266666666666667,25,True
0--30s,train2000_2009_test2010_2012,2000-2009,2010-2012,27,30,28.5,1,0.011327434926214072,0.011327434926214072,0.01861699224127851,0.009293684433979071,0.006071628103384631,0.011750085,0.011874771,0.0066466155,0.010084582508609578,0.8555555555555556,30,True
0--30s,train2000_2009_test2010_2012,2000-2009,2010-2012,27,30,28.5,2,0.005226472511281776,0.005226472511281776,0.016712152448103552,-0.0004717973430031985,-0.000560937571255022,0.01082388,-0.0019717687,-0.00047018446,0.006862199171311993,0.7023809523809523,28,True
0--30s,train2000_2009_test2010_2012,2000-2009,2010-2012,27,30,28.5,3,-0.010741445415908539,-0.010741445415908539,-0.02737689329910712,0.0035549264379924252,-0.008402369386610924,-0.010613883,0.0037377493,-0.008884108,0.007385225189056689,0.7017543859649122,19,True
0--30s,train2000_2009_test2010_2012,2000-2009,2010-2012,27,30,28.5,4,0.0005534755645788433,0.0005534755645788433,-0.003082236758895994,0.007173553854439741,-0.002430890401807218,0.0011990988,0.008868624,-0.0024766596,0.005865062701761972,0.6969696969696969,22,True
0--30s,train2000_2009_test2010_2012,2000-2009,2010-2012,27,30,28.5,5,-0.003606863662430458,-0.003606863662430458,-0.012785976297388162,0.005044767470697067,-0.0030793821606002786,-0.0035192266,0.0058502043,-0.003172497,0.005614396943594259,0.6666666666666666,15,True
0--30s,train2000_2009_test2010_2012,2000-2009,2010-2012,27,30,28.5,6,-0.005668922383163284,-0.005668922383163284,-0.012792922125439329,0.004262916020554639,-0.008476761044605161,-0.003522604,0.0047416124,-0.00896393,0.004932659738865426,0.6666666666666666,16,True
0--30s,train2000_2009_test2010_2012,2000-2009,2010-2012,27,30,28.5,7,-0.009459233140387635,-0.009459233140387635,-0.0253471318033558,0.0030854249305777627,-0.006115992548384865,-0.009626935,0.0030720402,-0.0064308057,0.007697198479254845,0.8039215686274509,17,True
0--30s,train2000_2009_test2010_2012,2000-2009,2010-2012,27,30,28.5,8,-0.009939205911515696,-0.009939205911515696,-0.021755799258980742,0.0008651166645812104,-0.008926935140147555,-0.007880694,-7.614965e-05,-0.009446971,0.0062527847972400595,0.8125,16,True
0--30s,train2000_2009_test2010_2012,2000-2009,2010-2012,27,30,28.5,9,-0.012050446757006283,-0.012050446757006283,-0.029896448780418666,0.002460236387022431,-0.008715127877622611,-0.011838986,0.002185581,-0.0092197005,0.009578325993767487,0.7916666666666666,8,False
0--30s,train2000_2009_test2010_2012,2000-2009,2010-2012,27,30,28.5,10,-0.010065301530118361,-0.010065301530118361,-0.02472110090750382,0.002674652165670776,-0.008149455848522039,-0.009322535,0.0024896027,-0.008612729,0.00806504536394326,0.7948717948717948,13,True
0--30s,train2000_2012_test2013_2015,2000-2012,2013-2015,0,3,1.5,-10,-0.0024599551479419523,-0.0024599551479419523,0.00564702388658726,-0.009847981142613604,-0.0031789081877995097,0.005354381,-0.012208808,-0.004380478,0.010918392892447545,0.8,35,True
0--30s,train2000_2012_test2013_2015,2000-2012,2013-2015,0,3,1.5,-9,-0.0032470011866383474,-0.0032470011866383474,0.004562585163242728,-0.00921623443018214,-0.005087354292975629,0.0047561442,-0.011369387,-0.0068661403,0.011466998725955054,0.8034188034188033,39,True
0--30s,train2000_2012_test2013_2015,2000-2012,2013-2015,0,3,1.5,-8,-0.010032086453158447,-0.010032086453158447,-0.01426148415557851,-0.011793499358427014,-0.004041275845469815,-0.005628256,-0.014793879,-0.005503672,0.010644300933938427,0.8103448275862069,58,True
0--30s,train2000_2012_test2013_2015,2000-2012,2013-2015,0,3,1.5,-7,-0.01180925633753388,-0.01180925633753388,-0.02079589871649543,-0.011396028706225254,-0.0032358415898809593,-0.009233002,-0.014265748,-0.0044546314,0.011903914215141899,0.8353909465020577,81,True
0--30s,train2000_2012_test2013_2015,2000-2012,2013-2015,0,3,1.5,-6,-0.013990754829986069,-0.013990754829986069,-0.026181467466147836,-0.009404125904831275,-0.006386671118979099,-0.012203979,-0.0116190445,-0.008558439,0.010267395370942655,0.9079365079365079,105,True
0--30s,train2000_2012_test2013_2015,2000-2012,2013-2015,0,3,1.5,-5,-0.013220649945729064,-0.013220649945729064,-0.02583299262844269,-0.009473824588389796,-0.0043551326203547045,-0.012011742,-0.011711655,-0.0059124557,0.012512487826735134,0.8964646464646464,132,True
0--30s,train2000_2012_test2013_2015,2000-2012,2013-2015,0,3,1.5,-4,-0.02470586594555247,-0.02470586594555247,-0.050215140581850844,-0.011647531106660117,-0.012254926148146448,-0.025462287,-0.014599927,-0.016201567,0.014281817619875365,0.9523809523809523,147,True
0--30s,train2000_2012_test2013_2015,2000-2012,2013-2015,0,3,1.5,-3,-0.023701771020042155,-0.023701771020042155,-0.05611783182918689,-0.00997263880195933,-0.005014842428980251,-0.02871854,-0.012374445,-0.0067716963,0.015011034767666322,0.9484126984126985,168,True
0--30s,train2000_2012_test2013_2015,2000-2012,2013-2015,0,3,1.5,-2,-0.04334430010329624,-0.04334430010329624,-0.08474758077817358,-0.018709917573477765,-0.026575401958237363,-0.044512294,-0.02398394,-0.034853317,0.017114028906079253,0.9819277108433735,166,True
0--30s,train2000_2012_test2013_2015,2000-2012,2013-2015,0,3,1.5,-1,-0.07301825870353895,-0.07301825870353895,-0.11809645409744522,-0.03994521591472684,-0.06101310609844482,-0.06290938,-0.05219994,-0.07970681,0.018904743071877318,0.9971509971509972,117,True
0--30s,train2000_2012_test2013_2015,2000-2012,2013-2015,0,3,1.5,0,-0.06363186288376764,-0.06363186288376764,-0.11525973681364686,-0.03594642208518814,-0.03968942975246791,-0.061344497,-0.046886623,-0.051933724,0.015575719060013185,1.0,323,True
0--30s,train2000_2012_test2013_2015,2000-2012,2013-2015,0,3,1.5,1,-0.049201702218508295,-0.049201702218508295,-0.09579351091828743,-0.022003201700348064,-0.029808394036889375,-0.05060584,-0.02835983,-0.03906414,0.009801785475317836,1.0,2,False
0--30s,train2000_2012_test2013_2015,2000-2012,2013-2015,0,3,1.5,2,-0.03058239572273665,-0.03058239572273665,-0.06614322288574365,-0.014286068639425657,-0.011317895643040652,-0.0342491,-0.018105835,-0.014981128,0.010919289831133385,1.0,4,False
0--30s,train2000_2012_test2013_2015,2000-2012,2013-2015,0,3,1.5,3,-0.01704415211256436,-0.01704415211256436,-0.02692508621963362,-0.012767259289643838,-0.011440110828415617,-0.012614201,-0.016087744,-0.015140307,0.004195887038520725,1.0,3,False
0--30s,train2000_2012_test2013_2015,2000-2012,2013-2015,0,3,1.5,4,-0.017371814642541644,-0.017371814642541644,-0.029720421110097324,-0.013345522931474773,-0.009049499886052829,-0.014156263,-0.0168561,-0.012026649,0.007593773695707755,1.0,4,False
0--30s,train2000_2012_test2013_2015,2000-2012,2013-2015,0,3,1.5,5,-0.017459741469881288,-0.017459741469881288,-0.03374281195058226,-0.010140860800711554,-0.008495551658350036,-0.016375236,-0.012597967,-0.011305157,0.0030700402726302044,1.0,4,False
0--30s,train2000_2012_test2013_2015,2000-2012,2013-2015,0,3,1.5,6,-0.02696980746127603,-0.02696980746127603,-0.053012413336233084,-0.01714131655725797,-0.010755692490337025,-0.027005417,-0.02189969,-0.014248885,,1.0,1,False
0--30s,train2000_2012_test2013_2015,2000-2012,2013-2015,0,3,1.5,7,-0.013520071473984359,-0.013520071473984359,-0.021147261532630766,-0.010702060496939867,-0.008710892392382442,-0.009426832,-0.01334365,-0.011585629,0.00629954430128964,1.0,4,False
0--30s,train2000_2012_test2013_2015,2000-2012,2013-2015,0,3,1.5,9,-0.02883422645110361,-0.02883422645110361,-0.057953727193826396,-0.01799573289716496,-0.01055321926231947,-0.02973132,-0.02303498,-0.013985174,0.03030821927837937,0.8333333333333333,4,False
0--30s,train2000_2012_test2013_2015,2000-2012,2013-2015,0,3,1.5,10,-0.03363851183282638,-0.03363851183282638,-0.07063051915102739,-0.019566036088860816,-0.010718980258590928,-0.03672454,-0.025121491,-0.014201069,0.02337858295154484,1.0,2,False
0--30s,train2000_2012_test2013_2015,2000-2012,2013-2015,3,6,4.5,-10,0.0021548519207220435,0.0021548519207220435,0.007125361625495856,0.0021501763734120194,-0.0028109822367417465,0.006169914,0.003733518,-0.0039012718,0.020372937279431236,0.8666666666666666,20,True
0--30s,train2000_2012_test2013_2015,2000-2012,2013-2015,3,6,4.5,-9,0.006528269326770781,0.006528269326770781,0.014035137329007916,0.006113937787057011,-0.000564267135752584,0.00998173,0.009000292,-0.00097503065,0.024791516904347662,0.9642857142857143,28,True
0--30s,train2000_2012_test2013_2015,2000-2012,2013-2015,3,6,4.5,-8,-0.006025565526326064,-0.006025565526326064,-0.005614141585688688,-0.0042173055854084944,-0.008245249407881012,-0.0008579024,-0.004727154,-0.01097915,0.016518316608364884,0.9135802469135803,27,True
0--30s,train2000_2012_test2013_2015,2000-2012,2013-2015,3,6,4.5,-7,0.005366964170242608,0.005366964170242608,0.00817716420808029,0.003824400016532368,0.004099328286115167,0.0067501464,0.005958111,0.005099084,0.022824253202989392,0.9404761904761905,56,True
0--30s,train2000_2012_test2013_2015,2000-2012,2013-2015,3,6,4.5,-6,-0.004848445095807916,-0.004848445095807916,-0.017674572786942514,0.003559472767386583,-0.0004302352678678169,-0.007511105,0.0056060944,-0.0008004604,0.019561219758630868,0.8477366255144033,81,True
0--30s,train2000_2012_test2013_2015,2000-2012,2013-2015,3,6,4.5,-5,0.00252301731668221,0.00252301731668221,-0.006279133951927979,0.00947953543694879,0.004368650465025819,-0.0012247491,0.0134722665,0.0054498636,0.025643378269878062,0.8632478632478632,78,True
0--30s,train2000_2012_test2013_2015,2000-2012,2013-2015,3,6,4.5,-4,-0.012837722324786874,-0.012837722324786874,-0.029709221624950728,-0.00018226926462629737,-0.008621676084783597,-0.014150085,0.0006343248,-0.011469428,0.035005143254561374,0.9490196078431373,85,True
0--30s,train2000_2012_test2013_2015,2000-2012,2013-2015,3,6,4.5,-3,-0.021283874655326312,-0.021283874655326312,-0.049105557863009394,0.0008053578590119308,-0.01555142396198147,-0.024850179,0.0019466158,-0.0204951,0.03625564373370597,0.9099099099099098,74,True
0--30s,train2000_2012_test2013_2015,2000-2012,2013-2015,3,6,4.5,-2,-0.02055325999320213,-0.02055325999320213,-0.046838474070190816,-0.0022706522669135643,-0.01255065364250201,-0.023599532,-0.0021405749,-0.016586738,0.03799121073158773,0.875,56,True
0--30s,train2000_2012_test2013_2015,2000-2012,2013-2015,3,6,4.5,-1,-0.015622973265973608,-0.015622973265973608,-0.020064626301209164,-0.014475887985359889,-0.012328405511351772,-0.008829591,-0.018358054,-0.01629727,0.04397412644014797,0.8918918918918919,37,True
0--30s,train2000_2012_test2013_2015,2000-2012,2013-2015,3,6,4.5,0,-0.014263956966227148,-0.014263956966227148,-0.02583635313167505,-0.012986674438084921,-0.003968843328921474,-0.012013596,-0.01637929,-0.005409332,0.016564742818406728,0.9242424242424242,44,True
0--30s,train2000_2012_test2013_2015,2000-2012,2013-2015,3,6,4.5,1,0.010298391788610719,0.010298391788610719,0.010565896103331066,0.009263237376148007,0.011066041886353085,0.008067903,0.013184864,0.014172902,0.012219845132930698,0.8787878787878788,11,True
0--30s,train2000_2012_test2013_2015,2000-2012,2013-2015,3,6,4.5,2,-0.00885119037240133,-0.00885119037240133,-0.018509373582877187,-0.00042067006794520724,-0.007623527466381596,-0.007971628,0.00031755422,-0.010169387,0.008322896967537286,0.8333333333333333,8,False
0--30s,train2000_2012_test2013_2015,2000-2012,2013-2015,3,6,4.5,3,-0.013987137094772594,-0.013987137094772594,-0.027739747664585382,-0.005222986813878733,-0.008998676805853662,-0.013063613,-0.006063434,-0.011960454,0.011295858312467157,0.861111111111111,12,True
0--30s,train2000_2012_test2013_2015,2000-2012,2013-2015,3,6,4.5,6,0.0037189666298260483,0.0037189666298260483,0.012137509660776504,-0.0029772129446907856,0.0019966031733924263,0.008934893,-0.0030794041,0.002360383,,0.6666666666666666,1,False
0--30s,train2000_2012_test2013_2015,2000-2012,2013-2015,3,6,4.5,8,-0.004218729580423142,-0.004218729580423142,-0.001994528031473,-0.008057034329554697,-0.002604626380241729,0.0011388771,-0.009829122,-0.003632503,0.018727127019456075,0.8333333333333333,2,False
0--30s,train2000_2012_test2013_2015,2000-2012,2013-2015,3,6,4.5,9,-0.01592471146527951,-0.01592471146527951,-0.030133323702761415,-0.011857213731840495,-0.005783596961236623,-0.0143840425,-0.014878538,-0.0077729635,0.008240405927657833,0.9583333333333334,8,False
0--30s,train2000_2012_test2013_2015,2000-2012,2013-2015,3,6,4.5,10,-0.00959451961810253,-0.00959451961810253,-0.015252381391486365,-0.008218790437241974,-0.005312387025579252,-0.00617489,-0.010044051,-0.0071592345,0.006893083728996835,0.9166666666666666,8,False
0--30s,train2000_2012_test2013_2015,2000-2012,2013-2015,6,9,7.5,-10,0.014630665783050502,0.014630665783050502,0.03600676227980703,0.006255363590380377,0.0016298714789641042,0.022102496,0.009188208,0.0018827321,0.021207561334303095,0.9523809523809524,28,True
0--30s,train2000_2012_test2013_2015,2000-2012,2013-2015,6,9,7.5,-9,0.006483933146943766,0.006483933146943766,0.017109660887730242,0.003154999538623585,-0.0008128609855225297,0.011677807,0.005068658,-0.0012988126,0.01966598331389549,0.9814814814814815,36,True
0--30s,train2000_2012_test2013_2015,2000-2012,2013-2015,6,9,7.5,-8,6.433916805953003e-05,6.433916805953003e-05,0.0028472366900815864,-0.002465220343108636,-0.0001889988427943595,0.003809863,-0.0023991037,-0.0004862613,0.012867780255671143,0.86,50,True
0--30s,train2000_2012_test2013_2015,2000-2012,2013-2015,6,9,7.5,-7,0.011735865446432979,0.011735865446432979,0.024485363784951517,-0.0005176532987715384,0.011239885853118957,0.015746655,0.00018868958,0.014399326,0.018493003551553342,0.9382716049382716,54,True
0--30s,train2000_2012_test2013_2015,2000-2012,2013-2015,6,9,7.5,-6,0.0010952990089297264,0.0010952990089297264,0.0004112917263783767,0.0031568647376217927,-0.0002822594372109913,0.0024660607,0.0050711366,-0.00060772884,0.01676225443766896,0.8686868686868687,66,True
0--30s,train2000_2012_test2013_2015,2000-2012,2013-2015,6,9,7.5,-5,0.012932788120012015,0.012932788120012015,0.015965428052850887,0.012101550512304845,0.01073138579488031,0.011046585,0.01695622,0.013737029,0.017811727672665575,0.8308457711442786,67,True
0--30s,train2000_2012_test2013_2015,2000-2012,2013-2015,6,9,7.5,-4,0.0021459146030165786,0.0021459146030165786,0.0032231355837043694,0.0018666530087750688,0.001347955216570298,0.0040172297,0.0033567918,0.0015155495,0.018576218717761783,0.892156862745098,68,True
0--30s,train2000_2012_test2013_2015,2000-2012,2013-2015,6,9,7.5,-3,-0.006978458287511313,-0.006978458287511313,-0.019413151428606164,0.004019601122665371,-0.005541824556593144,-0.008470202,0.006217481,-0.007458066,0.021170723968552276,0.8923076923076924,65,True
0--30s,train2000_2012_test2013_2015,2000-2012,2013-2015,6,9,7.5,-2,0.0003876535991842165,0.0003876535991842165,0.0002913907534119336,0.0019347502379543115,-0.0010631801938135958,0.0023999165,0.0034472747,-0.0016248416,0.013395122113433735,0.8424242424242425,55,True
0--30s,train2000_2012_test2013_2015,2000-2012,2013-2015,6,9,7.5,-1,0.012167745712044728,0.012167745712044728,0.02242031577763128,0.00225797016209197,0.011824951196410933,0.014607459,0.003876747,0.015161347,0.01093842551508087,0.7564102564102563,26,True
0--30s,train2000_2012_test2013_2015,2000-2012,2013-2015,6,9,7.5,0,-0.0007929257861661126,-0.0007929257861661126,0.0014796369867457367,-0.005634450354435101,0.0017760360091910263,0.003055419,-0.0066101584,0.0020731047,0.009786176163599074,0.8245614035087719,19,True
0--30s,train2000_2012_test2013_2015,2000-2012,2013-2015,6,9,7.5,1,0.014999203218912543,0.014999203218912543,0.02350651436879763,0.011308512916609736,0.010182582371330264,0.015206667,0.015902486,0.013022238,0.012796425335526626,0.9333333333333333,20,True
0--30s,train2000_2012_test2013_2015,2000-2012,2013-2015,6,9,7.5,2,1.0025730594801692e-05,1.0025730594801692e-05,0.00015070375215529304,0.005371014891787194,-0.005491641452158082,0.002322306,0.008013147,-0.007392705,0.009303321255072187,0.7333333333333333,15,True
0--30s,train2000_2012_test2013_2015,2000-2012,2013-2015,6,9,7.5,3,-0.006784322172004783,-0.006784322172004783,-0.01027371410585158,-0.0015584899269842959,-0.008520762483178474,-0.003428381,-0.0011943026,-0.011337994,0.005873623638086419,0.8833333333333334,20,True
0--30s,train2000_2012_test2013_2015,2000-2012,2013-2015,6,9,7.5,4,-0.0015039111392589283,-0.0015039111392589283,-0.0022232013543827898,0.0031917855770827765,-0.005480317640476772,0.0010127282,0.005117537,-0.007377956,0.0031617039444478516,0.6666666666666666,3,False
0--30s,train2000_2012_test2013_2015,2000-2012,2013-2015,6,9,7.5,5,-0.0018163320660540226,-0.0018163320660540226,0.00295562562173882,-0.001999179703004615,-0.006405442116896272,0.0038696565,-0.0017798608,-0.008582887,0.0030851688704704935,0.7777777777777777,3,False
0--30s,train2000_2012_test2013_2015,2000-2012,2013-2015,6,9,7.5,6,-0.003173888170904847,-0.003173888170904847,-0.0009206932359014848,-0.0031255988210982864,-0.005475372455714771,0.0017312639,-0.003276569,-0.0073715155,0.0026961588981787056,0.8333333333333333,2,False
0--30s,train2000_2012_test2013_2015,2000-2012,2013-2015,6,9,7.5,7,-0.010220505115124874,-0.010220505115124874,-0.025946367032629064,-0.0033263630893333295,-0.0013887852234122265,-0.012074285,-0.0035433308,-0.002048927,0.00879260010744003,0.9166666666666666,4,False
0--30s,train2000_2012_test2013_2015,2000-2012,2013-2015,6,9,7.5,8,-0.006422963971573305,-0.006422963971573305,-0.011393863056449047,-0.00627695202255892,-0.001598076835711947,-0.004046317,-0.0074638706,-0.0023215194,0.006792967382210564,0.8518518518518517,9,False
0--30s,train2000_2012_test2013_2015,2000-2012,2013-2015,6,9,7.5,9,-0.007549307931905136,-0.007549307931905136,-0.019487043814847702,-0.0029980990465906243,-0.0001627809342770823,-0.008510965,-0.0031071561,-0.0004521137,0.00346169574284563,0.8333333333333333,4,False
0--30s,train2000_2012_test2013_2015,2000-2012,2013-2015,6,9,7.5,10,-0.00915179087426662,-0.00915179087426662,-0.016373980986213336,-0.005590121451667603,-0.005491270184918918,-0.0067936266,-0.0065512573,-0.0073922216,0.00997225894426923,0.8666666666666666,10,True
0--30s,train2000_2012_test2013_2015,2000-2012,2013-2015,9,12,10.5,-10,0.008213022319870953,0.008213022319870953,0.018488302359676877,0.004873597730254336,0.00127716686968164,0.012438343,0.007352213,0.0014233509,0.0187457431867916,1.0,21,True
0--30s,train2000_2012_test2013_2015,2000-2012,2013-2015,9,12,10.5,-9,0.01415154525793926,0.01415154525793926,0.03198176688871568,0.007833747472675673,0.0026391214124264276,0.019882085,0.011285457,0.003197233,0.019495276392505215,0.9727891156462585,49,True
0--30s,train2000_2012_test2013_2015,2000-2012,2013-2015,9,12,10.5,-8,-0.00501187785823266,-0.00501187785823266,-0.013534345392032068,-0.0024735960118860132,0.0009723078292201018,-0.0052271257,-0.0024102326,0.0010262863,0.01296692413885942,0.7982456140350876,38,True
0--30s,train2000_2012_test2013_2015,2000-2012,2013-2015,9,12,10.5,-7,0.007092838151624896,0.007092838151624896,0.010898433810891306,-0.0010140256572254245,0.011394106301208809,0.008251349,-0.00047085588,0.01460019,0.018297838340471165,0.8431372549019608,51,True
0--30s,train2000_2012_test2013_2015,2000-2012,2013-2015,9,12,10.5,-6,-0.004892716181046885,-0.004892716181046885,-0.009375435797984345,0.005228571845171945,-0.010531284590328255,-0.0029328407,0.007823878,-0.0139566045,0.01859933066906797,0.8421052631578947,57,True
0--30s,train2000_2012_test2013_2015,2000-2012,2013-2015,9,12,10.5,-5,0.005266578242324696,0.005266578242324696,-0.00324309681535196,0.01391154467874597,0.005131286863580075,0.00045009734,0.019361217,0.0064431615,0.016964689727142077,0.783625730994152,57,True
0--30s,train2000_2012_test2013_2015,2000-2012,2013-2015,9,12,10.5,-4,-0.0012021838711022339,-0.0012021838711022339,-0.00822836584063181,0.0013842553031189074,0.003237558924206202,-0.0023000534,0.0027158149,0.00397667,0.01640895327708364,0.8852459016393442,61,True
0--30s,train2000_2012_test2013_2015,2000-2012,2013-2015,9,12,10.5,-3,-0.005695822372728126,-0.005695822372728126,-0.018564921026940552,0.004874340518476735,-0.0033968866097205622,-0.008002271,0.0073532,-0.0046643848,0.019593683007536455,0.8926553672316384,59,True
0--30s,train2000_2012_test2013_2015,2000-2012,2013-2015,9,12,10.5,-2,0.0005936668881959828,0.0005936668881959828,-0.00889573406126845,0.005897560200586711,0.004779174525269687,-0.0026682108,0.008712783,0.005984552,0.010657107844144,0.7747747747747747,37,True
0--30s,train2000_2012_test2013_2015,2000-2012,2013-2015,9,12,10.5,-1,0.01438961224129074,0.01438961224129074,0.02406976639532795,0.004722893509255362,0.014376176819288912,0.015517387,0.0071519674,0.018484198,0.013650424673115032,0.8045977011494252,29,True
0--30s,train2000_2012_test2013_2015,2000-2012,2013-2015,9,12,10.5,0,0.0016624306712611158,0.0016624306712611158,0.00514556523203779,-0.003749724690571686,0.0035914514723172438,0.0050777486,-0.0041058646,0.0044375984,0.011479365045249604,0.8636363636363636,22,True
0--30s,train2000_2012_test2013_2015,2000-2012,2013-2015,9,12,10.5,1,0.010495663917086189,0.010495663917086189,0.010091768325626145,0.01143183376624887,0.009963389659383549,0.0078063486,0.016066346,0.01273675,0.012801807305429203,0.893939393939394,22,True
0--30s,train2000_2012_test2013_2015,2000-2012,2013-2015,9,12,10.5,2,-0.002851187236225977,-0.002851187236225977,-0.009631314820398123,0.006132112298676331,-0.005054359186956139,-0.0030739978,0.00902444,-0.0068231653,0.008249353816589769,0.7391304347826086,23,True
0--30s,train2000_2012_test2013_2015,2000-2012,2013-2015,9,12,10.5,3,-0.006810839105276469,-0.006810839105276469,-0.012474322580663088,-0.00023025359129674391,-0.007727941143869573,-0.0046423585,0.00057056657,-0.010305381,0.008544462234300384,0.8596491228070174,19,True
0--30s,train2000_2012_test2013_2015,2000-2012,2013-2015,9,12,10.5,4,-0.0060547320772019585,-0.0060547320772019585,-0.019396702492197666,0.003385631968755764,-0.002153125708163974,-0.008461127,0.005375107,-0.0030444446,0.00358442615702139,0.6666666666666666,4,False
0--30s,train2000_2012_test2013_2015,2000-2012,2013-2015,9,12,10.5,5,0.0022906942947056854,0.0022906942947056854,0.010466647532506316,-0.0016799829977865253,-0.001914581650602733,0.0080131525,-0.0013557342,-0.0027337521,0.0074349834588471626,0.6666666666666666,2,False
0--30s,train2000_2012_test2013_2015,2000-2012,2013-2015,9,12,10.5,6,-0.002596909894697278,-0.002596909894697278,-0.0015500871180561132,-0.0036934334302029708,-0.0025472091358327486,0.0013840555,-0.0040310686,-0.0035577198,0.004335427687040415,0.7619047619047619,7,False
0--30s,train2000_2012_test2013_2015,2000-2012,2013-2015,9,12,10.5,7,-0.010907582588963823,-0.010907582588963823,-0.024792775111274118,-0.004934263974638804,-0.0029957086809785454,-0.0114379,-0.005679799,-0.0041418695,0.006563245662597462,0.9444444444444445,6,False
0--30s,train2000_2012_test2013_2015,2000-2012,2013-2015,9,12,10.5,8,-0.012891039908816718,-0.012891039908816718,-0.026336414230211755,-0.005744348266285651,-0.006592357229952752,-0.012289457,-0.006756183,-0.008826336,,1.0,1,False
0--30s,train2000_2012_test2013_2015,2000-2012,2013-2015,9,12,10.5,9,-0.0036186793419251016,-0.0036186793419251016,-0.0033361571220956927,-0.0041584977080375675,-0.0033613831956420454,0.00039876014,-0.004649014,-0.004618143,0.005305284671503257,0.7666666666666666,10,True
0--30s,train2000_2012_test2013_2015,2000-2012,2013-2015,9,12,10.5,10,-0.01038917610166113,-0.01038917610166113,-0.021353366372030044,-0.005498763706741931,-0.004315398226211417,-0.009540532,-0.0064298674,-0.005860703,0.004684971804452002,0.9583333333333333,8,False
0--30s,train2000_2012_test2013_2015,2000-2012,2013-2015,12,15,13.5,-10,0.012861108245264756,0.012861108245264756,0.02427935072950851,0.012078462387496741,0.002225511618789013,0.015633006,0.016925542,0.0026585257,0.016104679228449752,0.9629629629629629,18,True
0--30s,train2000_2012_test2013_2015,2000-2012,2013-2015,12,15,13.5,-9,0.004980382693101676,0.004980382693101676,0.008745238368828156,0.00830982490639362,-0.002113915195916747,0.0070635276,0.011918035,-0.0029933746,0.01979422320271275,0.9430894308943089,41,True
0--30s,train2000_2012_test2013_2015,2000-2012,2013-2015,12,15,13.5,-8,-0.008014358632981977,-0.008014358632981977,-0.016165494021230988,0.0002827783980524728,-0.008160360275767414,-0.006678614,0.0012522482,-0.010868587,0.01368227622582818,0.8787878787878788,44,True
0--30s,train2000_2012_test2013_2015,2000-2012,2013-2015,12,15,13.5,-7,0.0022003223714415223,0.0022003223714415223,0.0007452387077111734,0.0037674229871694884,0.002088305419443904,0.0026502842,0.005882404,0.0024798207,0.018259232200782922,0.8300653594771242,51,True
0--30s,train2000_2012_test2013_2015,2000-2012,2013-2015,12,15,13.5,-6,8.939855617189901e-05,8.939855617189901e-05,-0.00893448226461653,0.011281563758432483,-0.002078885825300256,-0.0026895865,0.015866678,-0.0029477507,0.019587797560817386,0.7712418300653594,51,True
0--30s,train2000_2012_test2013_2015,2000-2012,2013-2015,12,15,13.5,-5,0.0076074363097939565,0.0076074363097939565,0.0014591400181448693,0.012995766703897143,0.008367402207339855,0.003044112,0.018144393,0.01065805,0.01878135085359521,0.8035714285714286,56,True
0--30s,train2000_2012_test2013_2015,2000-2012,2013-2015,12,15,13.5,-4,-0.001713396971797789,-0.001713396971797789,-0.009096771966950003,0.0006068707177300613,0.003349710333826574,-0.0027791145,0.0016828798,0.004122742,0.01633522895048482,0.8518518518518519,54,True
0--30s,train2000_2012_test2013_2015,2000-2012,2013-2015,12,15,13.5,-3,-0.010096193231780603,-0.010096193231780603,-0.026514111055717177,0.0015262111996609893,-0.005300679839285624,-0.012387484,0.002904436,-0.0071439864,0.016812416972434543,0.8988095238095238,56,True
0--30s,train2000_2012_test2013_2015,2000-2012,2013-2015,12,15,13.5,-2,-0.002640847648208219,-0.002640847648208219,-0.007377672132034533,0.0005744203730734469,-0.001119291185663571,-0.0018307636,0.001639762,-0.0016979235,0.010802264174034725,0.8125,32,True
0--30s,train2000_2012_test2013_2015,2000-2012,2013-2015,12,15,13.5,-1,0.01396874490965102,0.01396874490965102,0.0214092759438528,0.001874581346974891,0.018622377438125372,0.0140497135,0.0033673265,0.024014678,0.009584449996452183,0.8095238095238095,21,True
0--30s,train2000_2012_test2013_2015,2000-2012,2013-2015,12,15,13.5,0,-5.7294644031098915e-05,-5.7294644031098915e-05,0.0035625534664420863,-0.005418820090165281,0.0016843826916298976,0.0042044716,-0.0063236435,0.0019537306,0.010088498734425617,0.8,15,True
0--30s,train2000_2012_test2013_2015,2000-2012,2013-2015,12,15,13.5,1,0.008489157225759039,0.008489157225759039,0.00972219502839072,0.008989672821442168,0.00675560382744423,0.007602471,0.012821371,0.008558759,0.007792409652091417,0.888888888888889,21,True
0--30s,train2000_2012_test2013_2015,2000-2012,2013-2015,12,15,13.5,2,-0.003636444089072567,-0.003636444089072567,-0.010706133008946272,0.004572788681110953,-0.004775987939382382,-0.0036669273,0.006952519,-0.0064606,0.006943849912408395,0.7096774193548387,31,True
0--30s,train2000_2012_test2013_2015,2000-2012,2013-2015,12,15,13.5,3,-0.007353227605882559,-0.007353227605882559,-0.013827896551217543,-0.0004770549265065782,-0.007754731339923553,-0.005389065,0.0002426339,-0.010340273,0.006151920293350429,0.8888888888888888,12,True
0--30s,train2000_2012_test2013_2015,2000-2012,2013-2015,12,15,13.5,4,-0.0013873315364405934,-0.0013873315364405934,-0.003967518039361804,0.0032247013726938506,-0.003419177942653827,5.0466435e-05,0.005161273,-0.0046934183,0.008361713345811058,0.7435897435897435,13,True
0--30s,train2000_2012_test2013_2015,2000-2012,2013-2015,12,15,13.5,5,-0.001570595531356323,-0.001570595531356323,0.0012788761147618352,-0.0012450656559215899,-0.004745597052909215,0.0029446683,-0.0007778459,-0.0064210175,0.008375336011170301,0.8571428571428571,7,False
0--30s,train2000_2012_test2013_2015,2000-2012,2013-2015,12,15,13.5,6,0.0002238741041694876,0.0002238741041694876,0.010753877475880129,-0.004237554899763297,-0.005844700263608371,0.008171605,-0.00475406,-0.007852548,0.00467901474071266,0.8333333333333333,4,False
0--30s,train2000_2012_test2013_2015,2000-2012,2013-2015,12,15,13.5,7,-0.009268731887354921,-0.009268731887354921,-0.015044672151023833,-0.0049272553067147866,-0.007834268204326141,-0.006060306,-0.0056704865,-0.010443867,0.003990532887306187,0.9333333333333333,5,False
0--30s,train2000_2012_test2013_2015,2000-2012,2013-2015,12,15,13.5,8,-0.008679431550983514,-0.008679431550983514,-0.013845673286157753,-0.006488587238286497,-0.005704034128506292,-0.0053988714,-0.007745077,-0.0076693366,0.005204776601969007,0.9166666666666666,4,False
0--30s,train2000_2012_test2013_2015,2000-2012,2013-2015,12,15,13.5,9,-0.006779495632096776,-0.006779495632096776,-0.009581608555415374,-0.005363216289060717,-0.005393662051814239,-0.003046577,-0.006249761,-0.0072650914,0.003852551897902566,0.9583333333333334,8,False
0--30s,train2000_2012_test2013_2015,2000-2012,2013-2015,12,15,13.5,10,-0.009536819043367872,-0.009536819043367872,-0.01768466593615848,-0.007160033643953726,-0.003765757549991411,-0.007516673,-0.008637249,-0.005144822,0.007662665947822813,0.925925925925926,9,False
0--30s,train2000_2012_test2013_2015,2000-2012,2013-2015,15,18,16.5,-10,0.01174057789691722,0.01174057789691722,0.021654033612833377,0.01087320277410458,0.002694497303813702,0.014184735,0.015324076,0.0032693576,0.020923721026003917,0.9791666666666666,32,True
0--30s,train2000_2012_test2013_2015,2000-2012,2013-2015,15,18,16.5,-9,0.005483657211116282,0.005483657211116282,0.006673463819931921,0.009274952536292435,0.000502555277124489,0.005920622,0.01320043,0.0004144556,0.019967066105957415,0.9666666666666666,40,True
0--30s,train2000_2012_test2013_2015,2000-2012,2013-2015,15,18,16.5,-8,-0.006157963210439185,-0.006157963210439185,-0.012265506183565473,0.00023365423850046,-0.006442037686252541,-0.0045271637,0.0011869753,-0.008630551,0.014918778109926194,0.8913043478260869,46,True
0--30s,train2000_2012_test2013_2015,2000-2012,2013-2015,15,18,16.5,-7,0.006121958062051058,0.006121958062051058,0.008215566956939481,0.003756840236145639,0.006393466993068055,0.0067713317,0.0058683427,0.008087092,0.01974209097755992,0.8950617283950618,54,True
0--30s,train2000_2012_test2013_2015,2000-2012,2013-2015,15,18,16.5,-6,0.0044507460622644855,0.0044507460622644855,-0.004325925871543199,0.011167325540934248,0.006510838517402409,-0.00014725116,0.015714886,0.008239963,0.01967401810428589,0.782051282051282,52,True
0--30s,train2000_2012_test2013_2015,2000-2012,2013-2015,15,18,16.5,-5,0.011095614152631323,0.011095614152631323,0.0047062426076043785,0.014601285009228259,0.013979314841061324,0.0048353937,0.020277696,0.017967304,0.0150143182895308,0.8156028368794327,47,True
0--30s,train2000_2012_test2013_2015,2000-2012,2013-2015,15,18,16.5,-4,0.004441473007750937,0.004441473007750937,0.0007671324812443415,0.001502848919642556,0.011054437622365914,0.0026623623,0.002873394,0.014157788,0.019220798894230777,0.9166666666666667,44,True
0--30s,train2000_2012_test2013_2015,2000-2012,2013-2015,15,18,16.5,-3,0.0026228391974267044,0.0026228391974267044,-0.0037630816541380937,0.0038887221268419443,0.0077428771195762625,0.00016324488,0.006043578,0.009844636,0.01804368476694957,0.9047619047619048,42,True
0--30s,train2000_2012_test2013_2015,2000-2012,2013-2015,15,18,16.5,-2,0.0033084040014026983,0.0033084040014026983,-0.005237403795945134,0.002675002236740706,0.012487613563412525,-0.00065007294,0.0044308705,0.016024433,0.012485214554203719,0.7894736842105263,38,True
0--30s,train2000_2012_test2013_2015,2000-2012,2013-2015,15,18,16.5,-1,0.019529670287023265,0.019529670287023265,0.029011102982932347,0.0035999621206183286,0.025977945757519116,0.018243302,0.0056598936,0.03359496,0.010168656267476935,0.8933333333333333,25,True
0--30s,train2000_2012_test2013_2015,2000-2012,2013-2015,15,18,16.5,0,-0.00019572159284893866,-0.00019572159284893866,-0.0012132970640243539,-0.0033001684863904284,0.003926300771867965,0.0015698475,-0.0035085252,0.0048737237,0.009412545068226542,0.7619047619047619,7,False
0--30s,train2000_2012_test2013_2015,2000-2012,2013-2015,15,18,16.5,1,0.013328694744938965,0.013328694744938965,0.019899581577965068,0.010412365015367839,0.009674137641483992,0.013216882,0.014711746,0.012360012,0.009095303792359389,0.9382716049382716,27,True
0--30s,train2000_2012_test2013_2015,2000-2012,2013-2015,15,18,16.5,2,-0.0035729811107497057,-0.0035729811107497057,-0.010170438462611273,0.004934119292248344,-0.00548262416188619,-0.0033714084,0.00743263,-0.0073809605,0.0050416846837763535,0.6811594202898551,23,True
0--30s,train2000_2012_test2013_2015,2000-2012,2013-2015,15,18,16.5,3,-0.009016746188381138,-0.009016746188381138,-0.016935550100507693,-0.002176658545222215,-0.007938029919413503,-0.0071034194,-0.0020156824,-0.010579011,0.005951159179425797,0.95,20,True
0--30s,train2000_2012_test2013_2015,2000-2012,2013-2015,15,18,16.5,4,-0.0006416073005697335,-0.0006416073005697335,0.00045764706410287903,0.0008809909142980712,-0.00326345988011015,0.002491633,0.0020471117,-0.0044906028,0.00806950435591978,0.6666666666666666,7,False
0--30s,train2000_2012_test2013_2015,2000-2012,2013-2015,15,18,16.5,5,-0.0017367755181585888,-0.0017367755181585888,-8.090529627373598e-05,-0.0023106482115791416,-0.0028187730466228875,0.0021945375,-0.0021937187,-0.0039114193,0.008367864786211642,0.7619047619047619,7,False
0--30s,train2000_2012_test2013_2015,2000-2012,2013-2015,15,18,16.5,6,-0.0032652359443475676,-0.0032652359443475676,-0.0003510092378866086,-0.006508423913433196,-0.002936274681722897,0.0020455332,-0.0077714347,-0.0040644594,0.0036118304558871964,0.7142857142857143,7,False
0--30s,train2000_2012_test2013_2015,2000-2012,2013-2015,15,18,16.5,7,-0.00400432362052272,-0.00400432362052272,-0.0005257443612023888,-0.004525841158949838,-0.006961385341415933,0.0019491396,-0.005137115,-0.0093069775,0.006999811169595997,0.75,4,False
0--30s,train2000_2012_test2013_2015,2000-2012,2013-2015,15,18,16.5,8,-0.0071932954748864944,-0.0071932954748864944,-0.010772348760965996,-0.0064168719960836776,-0.004390665667609808,-0.0037034557,-0.007649787,-0.005958736,0.0034647887385246524,0.9523809523809524,7,False
0--30s,train2000_2012_test2013_2015,2000-2012,2013-2015,15,18,16.5,9,-0.008073286468524237,-0.008073286468524237,-0.01224142419396326,-0.007582226404994581,-0.0043962088066148725,-0.004513879,-0.009198229,-0.0059659556,0.006433621421093515,0.8571428571428571,7,False
0--30s,train2000_2012_test2013_2015,2000-2012,2013-2015,15,18,16.5,10,-0.006464003201237664,-0.006464003201237664,-0.008260228514013456,-0.006115446568498746,-0.005016334521200786,-0.0023176307,-0.0072492734,-0.0067736404,0.004842423205442838,0.9333333333333332,10,True
0--30s,train2000_2012_test2013_2015,2000-2012,2013-2015,18,21,19.5,-10,0.01590256794766913,0.01590256794766913,0.026522256581016087,0.01162630267202605,0.009559144589965256,0.016870316,0.016324742,0.01221024,0.01679873987748498,0.9743589743589743,26,True
0--30s,train2000_2012_test2013_2015,2000-2012,2013-2015,18,21,19.5,-9,0.010035478051152086,0.010035478051152086,0.010718074810845916,0.011526603260382575,0.007861756082227769,0.008151854,0.016192269,0.009999471,0.017672246252017278,0.9523809523809523,42,True
0--30s,train2000_2012_test2013_2015,2000-2012,2013-2015,18,21,19.5,-8,-0.0033907753234166424,-0.0033907753234166424,-0.013810463254322393,0.0014537011322421855,0.0021844361518302768,-0.005379448,0.0028080898,0.0026050266,0.015335396616116895,0.8888888888888888,45,True
0--30s,train2000_2012_test2013_2015,2000-2012,2013-2015,18,21,19.5,-7,0.008893095228611021,0.008893095228611021,0.011438944906400822,0.00411813767781089,0.011122203101621351,0.008549525,0.0063484097,0.01424605,0.01799425782169429,0.8796296296296295,36,True
0--30s,train2000_2012_test2013_2015,2000-2012,2013-2015,18,21,19.5,-6,0.005967639842569651,0.005967639842569651,0.00335243448189229,0.010271507834413733,0.004278977211402929,0.0040885583,0.014524585,0.0053330683,0.022743323893888917,0.8062015503875969,43,True
0--30s,train2000_2012_test2013_2015,2000-2012,2013-2015,18,21,19.5,-5,0.0019307469352897086,0.0019307469352897086,-0.0019804462188709017,0.011442138025885132,-0.0036694510011451033,0.0011466454,0.016080037,-0.005019387,0.017167970483028715,0.7280701754385964,38,True
0--30s,train2000_2012_test2013_2015,2000-2012,2013-2015,18,21,19.5,-4,0.0016402797213873577,0.0016402797213873577,-0.0070825001166242175,0.0008454467269099989,0.011157892553876293,-0.0016679304,0.0019998832,0.0142925335,0.017738303464274015,0.9047619047619048,35,True
0--30s,train2000_2012_test2013_2015,2000-2012,2013-2015,18,21,19.5,-3,-0.003920163747609319,-0.003920163747609319,-0.016456217054905478,0.0017068359872123647,0.0029888898248651586,-0.0068389927,0.003144438,0.0036527899,0.018736719456452652,0.9024390243902439,41,True
0--30s,train2000_2012_test2013_2015,2000-2012,2013-2015,18,21,19.5,-2,0.00030502664372895595,0.00030502664372895595,-0.007116818889735581,0.0012673899324179402,0.0067645088885045085,-0.0016868626,0.0025605322,0.008570357,0.013228707900534827,0.8333333333333333,28,True
0--30s,train2000_2012_test2013_2015,2000-2012,2013-2015,18,21,19.5,-1,0.012944230937408083,0.012944230937408083,0.014516627144502072,0.0029011350652047635,0.021414930602517417,0.010247345,0.0047313403,0.027651846,0.011452757521798546,0.7936507936507937,21,True
0--30s,train2000_2012_test2013_2015,2000-2012,2013-2015,18,21,19.5,0,0.0017309978648082044,0.0017309978648082044,0.00992921159415397,-0.005063831004909061,0.00032761300517970544,0.007716673,-0.005851959,0.00018660146,0.009532069801827876,0.7666666666666666,20,True
0--30s,train2000_2012_test2013_2015,2000-2012,2013-2015,18,21,19.5,1,0.01330921065243555,0.01330921065243555,0.020166978109619267,0.009417399131643843,0.01034325471604354,0.013364392,0.013389705,0.013231507,0.009741489895447694,0.9285714285714286,14,True
0--30s,train2000_2012_test2013_2015,2000-2012,2013-2015,18,21,19.5,2,-0.0055093268159228425,-0.0055093268159228425,-0.01686755946743658,0.005187006491821388,-0.004847427472153338,-0.007065912,0.0077686487,-0.006553646,0.007547656043502275,0.6933333333333332,25,True
0--30s,train2000_2012_test2013_2015,2000-2012,2013-2015,18,21,19.5,3,-0.005919406253723015,-0.005919406253723015,-0.008851334251153219,-0.0021410990979963775,-0.006765785412019447,-0.0026437175,-0.0019684334,-0.009052218,0.007073566215691297,0.8571428571428571,21,True
0--30s,train2000_2012_test2013_2015,2000-2012,2013-2015,18,21,19.5,4,-0.00247480616500043,-0.00247480616500043,-0.005939613638279234,0.0015322650787853017,-0.0030170699355073567,-0.0010374509,0.0029124802,-0.004169692,0.005923829218917565,0.7272727272727273,11,True
0--30s,train2000_2012_test2013_2015,2000-2012,2013-2015,18,21,19.5,5,-0.004547440555576475,-0.004547440555576475,-0.008314043517479854,-0.002252097033600785,-0.003076181115648786,-0.002347318,-0.00211592,-0.004246681,0.0053945354381861755,0.8461538461538461,13,True
0--30s,train2000_2012_test2013_2015,2000-2012,2013-2015,18,21,19.5,6,-0.008516381868658333,-0.008516381868658333,-0.015493464603913265,-0.00542527892664261,-0.004630402075419123,-0.006307885,-0.006332226,-0.0062709814,0.0028059624180766687,1.0,7,False
0--30s,train2000_2012_test2013_2015,2000-2012,2013-2015,18,21,19.5,7,-0.00684469023681339,-0.00684469023681339,-0.011599305059483459,-0.005128783649912754,-0.0038059820010439547,-0.0041596503,-0.0059382636,-0.0051972126,0.007052187790373304,0.8888888888888888,3,False
0--30s,train2000_2012_test2013_2015,2000-2012,2013-2015,18,21,19.5,8,-0.008741522275071623,-0.008741522275071623,-0.015696531300876265,-0.007385517959322532,-0.003142517565016073,-0.006419908,-0.008936857,-0.004333081,0.005081278177104576,0.8888888888888888,6,False
0--30s,train2000_2012_test2013_2015,2000-2012,2013-2015,18,21,19.5,9,-0.007845226216251272,-0.007845226216251272,-0.01391387735259697,-0.005673329305080373,-0.00394847199107647,-0.005436497,-0.006661818,-0.005382799,0.006158763350538169,0.888888888888889,15,True
0--30s,train2000_2012_test2013_2015,2000-2012,2013-2015,18,21,19.5,10,-0.010864668467511421,-0.010864668467511421,-0.02308032658467046,-0.006996948544690589,-0.0025167302731732093,-0.010493219,-0.008420552,-0.0035180226,0.006160827638570493,0.8571428571428571,7,False
0--30s,train2000_2012_test2013_2015,2000-2012,2013-2015,21,24,22.5,-10,0.015093435096095743,0.015093435096095743,0.015982784301853764,0.014050505362505473,0.015247015623927994,0.011056159,0.019545857,0.019618426,0.02020873338248152,0.8985507246376813,23,True
0--30s,train2000_2012_test2013_2015,2000-2012,2013-2015,21,24,22.5,-9,0.007720911095127719,0.007720911095127719,0.0051419527459911395,0.009820273667911564,0.008200506871480452,0.0050757555,0.013925016,0.010440677,0.020528098653101935,0.8245614035087719,38,True
0--30s,train2000_2012_test2013_2015,2000-2012,2013-2015,21,24,22.5,-8,-0.0021147369018679942,-0.0021147369018679942,-0.01705065074572056,0.004757303648129265,0.005949136391987315,-0.0071669146,0.0071976897,0.0075083724,0.01610830966186815,0.8703703703703703,36,True
0--30s,train2000_2012_test2013_2015,2000-2012,2013-2015,21,24,22.5,-7,0.00972719209699677,0.00972719209699677,0.008584545753384236,0.007066675184184778,0.0135303553534213,0.006974881,0.010266224,0.017382557,0.020298991642686916,0.85,40,True
0--30s,train2000_2012_test2013_2015,2000-2012,2013-2015,21,24,22.5,-6,0.010911619052780003,0.010911619052780003,0.009735360145635323,0.01366815025145848,0.009331346761246207,0.007609734,0.01903781,0.011913544,0.020451807183102116,0.85,40,True
0--30s,train2000_2012_test2013_2015,2000-2012,2013-2015,21,24,22.5,-5,0.007012065364149167,0.007012065364149167,0.003686098529745881,0.015235658739113218,0.002114438823588404,0.004272626,0.021120606,0.0025138585,0.01882962965107168,0.7984496124031006,43,True
0--30s,train2000_2012_test2013_2015,2000-2012,2013-2015,21,24,22.5,-4,0.0010100414816196495,0.0010100414816196495,-0.005799046723794616,0.0029239687029211092,0.005905202465732454,-0.0009599063,0.0047616805,0.007451151,0.016061408215856016,0.8505747126436781,29,True
0--30s,train2000_2012_test2013_2015,2000-2012,2013-2015,21,24,22.5,-3,-0.0027170389891872358,-0.0027170389891872358,-0.013522781468690548,0.004521084346072311,0.0008505801550565303,-0.005220747,0.0068838177,0.0008677417,0.015746459157996683,0.9066666666666667,25,True
0--30s,train2000_2012_test2013_2015,2000-2012,2013-2015,21,24,22.5,-2,4.532480520967874e-05,4.532480520967874e-05,-0.0030384320351068772,0.002032207193662653,0.0011421992570732615,0.0005630018,0.0035767688,0.0012475619,0.01265756264265969,0.8214285714285714,28,True
0--30s,train2000_2012_test2013_2015,2000-2012,2013-2015,21,24,22.5,-1,0.016982606605977293,0.016982606605977293,0.02307821063569081,0.006407123165826652,0.021462486016414414,0.01497039,0.009389856,0.027713785,0.009697941324627549,0.8333333333333333,34,True
0--30s,train2000_2012_test2013_2015,2000-2012,2013-2015,21,24,22.5,0,0.0012027016195741032,0.0012027016195741032,0.006994674211750925,-0.004254704285141199,0.0008681349321125818,0.0060978197,-0.0047768466,0.00089060597,0.009359415660323616,0.8395061728395062,27,True
0--30s,train2000_2012_test2013_2015,2000-2012,2013-2015,21,24,22.5,1,0.011796230717957644,0.011796230717957644,0.017068455830267913,0.010256380185703348,0.008063856137901674,0.0116550755,0.014504485,0.010262696,0.009952074220319043,0.9166666666666666,20,True
0--30s,train2000_2012_test2013_2015,2000-2012,2013-2015,21,24,22.5,2,-0.007182701278626271,-0.007182701278626271,-0.021441459028753294,0.005400580163583585,-0.005507224970709103,-0.009589128,0.008052431,-0.0074130017,0.00790357504682613,0.6774193548387096,31,True
0--30s,train2000_2012_test2013_2015,2000-2012,2013-2015,21,24,22.5,3,-0.008722590574543708,-0.008722590574543708,-0.01705364693182216,-0.0018363050844367604,-0.007277819707372205,-0.007168568,-0.0015634443,-0.0097191185,0.006614485934371458,0.9242424242424242,22,True
0--30s,train2000_2012_test2013_2015,2000-2012,2013-2015,21,24,22.5,4,-0.00018448650880431512,-0.00018448650880431512,-0.0005460317649518837,0.0031659213352755026,-0.0031733490967365643,0.0019379479,0.0050831703,-0.004373238,0.005225907938680842,0.7,20,True
0--30s,train2000_2012_test2013_2015,2000-2012,2013-2015,21,24,22.5,5,-0.004264191198579817,-0.004264191198579817,-0.007090184142345879,-0.0023118932835040325,-0.0033904961698895406,-0.0016721693,-0.0021953732,-0.0046560615,0.003275898372357579,0.8444444444444444,15,True
0--30s,train2000_2012_test2013_2015,2000-2012,2013-2015,21,24,22.5,6,-0.0047833646168417504,-0.0047833646168417504,-0.004893865012780977,-0.005641721621808168,-0.0038145072159361066,-0.00046055787,-0.00661982,-0.0052083163,0.004097295460550321,0.7666666666666666,10,True
0--30s,train2000_2012_test2013_2015,2000-2012,2013-2015,21,24,22.5,7,-0.008491991278372017,-0.008491991278372017,-0.0177596502239187,-0.004933502274012513,-0.002782821337184838,-0.0075580385,-0.005678787,-0.0038645938,0.008299853688748702,0.8333333333333333,8,False
0--30s,train2000_2012_test2013_2015,2000-2012,2013-2015,21,24,22.5,8,-0.006092928041841345,-0.006092928041841345,-0.007202872835791413,-0.005553023110548775,-0.0055228881791838475,-0.0017343346,-0.0065019634,-0.007433403,0.0032404297138637897,0.8888888888888888,3,False
0--30s,train2000_2012_test2013_2015,2000-2012,2013-2015,21,24,22.5,9,-0.008157241846012065,-0.008157241846012065,-0.013524428402905861,-0.006555181557120468,-0.004392115578009865,-0.005221655,-0.007833563,-0.005960624,0.004810432816295448,0.9411764705882353,17,True
0--30s,train2000_2012_test2013_2015,2000-2012,2013-2015,21,24,22.5,10,-0.01023429163796028,-0.01023429163796028,-0.018378469804961526,-0.007631844258126133,-0.0046925608507931834,-0.007899414,-0.009264158,-0.0063519403,0.004627346841786156,0.9444444444444443,6,False
0--30s,train2000_2012_test2013_2015,2000-2012,2013-2015,24,27,25.5,-10,0.014596002096804013,0.014596002096804013,0.018137941679398417,0.01286774921361785,0.012782315397395768,0.012245064,0.017974293,0.016408268,0.0215460339350937,0.8602150537634409,31,True
0--30s,train2000_2012_test2013_2015,2000-2012,2013-2015,24,27,25.5,-9,0.010245571686308595,0.010245571686308595,0.011979477606870754,0.010798961390725208,0.007958276061329823,0.0088477135,0.015225428,0.010125183,0.020466550267557018,0.8686868686868687,33,True
0--30s,train2000_2012_test2013_2015,2000-2012,2013-2015,24,27,25.5,-8,0.0006185419591220028,0.0006185419591220028,-0.00851625415161258,0.0049806972206858325,0.005391182808292755,-0.0024588685,0.0074945195,0.006781664,0.020076119077016265,0.954954954954955,37,True
0--30s,train2000_2012_test2013_2015,2000-2012,2013-2015,24,27,25.5,-7,0.01609036002359607,0.01609036002359607,0.018635104135219818,0.01285599465044603,0.016779981285122363,0.012519327,0.017958675,0.021615041,0.019521003100642968,0.875,40,True
0--30s,train2000_2012_test2013_2015,2000-2012,2013-2015,24,27,25.5,-6,0.0029849509384952183,0.0029849509384952183,-0.0007427520942337565,0.013989988915218547,-0.0042923840054991365,0.0018294262,0.019465446,-0.0058307284,0.01730736115070873,0.76,25,True
0--30s,train2000_2012_test2013_2015,2000-2012,2013-2015,24,27,25.5,-5,0.007120392559134053,0.007120392559134053,0.0021627350309149913,0.019076979231551734,0.00012146341493543121,0.0034322538,0.026224691,-8.1898725e-05,0.01635090069514141,0.8115942028985508,23,True
0--30s,train2000_2012_test2013_2015,2000-2012,2013-2015,24,27,25.5,-4,0.0016564042632957153,0.0016564042632957153,-0.003921827589152238,0.003982917113510782,0.004908123265528602,7.567182e-05,0.006168738,0.006152502,0.01718782875280229,0.9166666666666666,20,True
0--30s,train2000_2012_test2013_2015,2000-2012,2013-2015,24,27,25.5,-3,0.0015849776146312517,0.0015849776146312517,-0.019881067517115585,0.012066369460933327,0.012569630900076017,-0.00872833,0.016909473,0.016131258,0.013869066743643363,0.7866666666666667,25,True
0--30s,train2000_2012_test2013_2015,2000-2012,2013-2015,24,27,25.5,-2,0.004328758201477669,0.004328758201477669,-0.0066812629269548274,0.008116002808111648,0.011551534723276188,-0.0014465858,0.011660498,0.014805235,0.012215510036491312,0.7701149425287356,29,True
0--30s,train2000_2012_test2013_2015,2000-2012,2013-2015,24,27,25.5,-1,0.016445372698884513,0.016445372698884513,0.01532854249628854,0.00920790702752991,0.02479966857283509,0.010695243,0.0131113455,0.032060307,0.009345410380662876,0.7647058823529411,34,True
0--30s,train2000_2012_test2013_2015,2000-2012,2013-2015,24,27,25.5,0,0.002689458684989062,0.002689458684989062,0.009921701492540862,-0.004007984986735026,0.0021546595491613524,0.0077125304,-0.0044490234,0.002566244,0.0087049856919658,0.8166666666666667,40,True
0--30s,train2000_2012_test2013_2015,2000-2012,2013-2015,24,27,25.5,1,0.010856137438107104,0.010856137438107104,0.01243068107818136,0.010323139377163329,0.00981459185897663,0.0090966225,0.01459319,0.012542947,0.007822148425421291,0.9358974358974359,26,True
0--30s,train2000_2012_test2013_2015,2000-2012,2013-2015,24,27,25.5,2,-0.0050878985812640625,-0.0050878985812640625,-0.015298219889392206,0.0064910068113847134,-0.006456482665784697,-0.0062001767,0.009501315,-0.008649366,0.007052222552720876,0.6666666666666666,27,True
0--30s,train2000_2012_test2013_2015,2000-2012,2013-2015,24,27,25.5,3,-0.008948766002363866,-0.008948766002363866,-0.019198638531145472,-0.0005858168802098024,-0.0070618425957363245,-0.008351864,9.811849e-05,-0.009437818,0.00606866564718415,0.9,30,True
0--30s,train2000_2012_test2013_2015,2000-2012,2013-2015,24,27,25.5,4,-0.002822952551611153,-0.002822952551611153,-0.011238760437387231,0.0038401862080010584,-0.0010702834254472879,-0.0039607543,0.0059790867,-0.0016340932,0.006438553028477217,0.7777777777777778,9,False
0--30s,train2000_2012_test2013_2015,2000-2012,2013-2015,24,27,25.5,5,-0.004102272994378207,-0.004102272994378207,-0.00803831415377364,-0.0009473794951469007,-0.003321125334214081,-0.0021952104,-0.00038230105,-0.0045657093,0.005081112740838765,0.8461538461538461,13,True
0--30s,train2000_2012_test2013_2015,2000-2012,2013-2015,24,27,25.5,6,-0.007574396814669442,-0.007574396814669442,-0.014635935158054633,-0.004075276552588581,-0.0040119787333651145,-0.0058348244,-0.0045384355,-0.005465514,0.005142686340600394,0.8974358974358974,13,True
0--30s,train2000_2012_test2013_2015,2000-2012,2013-2015,24,27,25.5,7,-0.005110713997070533,-0.005110713997070533,-0.0060157940871541395,-0.004887948347729517,-0.004428399556327943,-0.0010794762,-0.005618258,-0.0060078823,0.004609753477451362,0.9166666666666666,8,False
0--30s,train2000_2012_test2013_2015,2000-2012,2013-2015,24,27,25.5,8,-0.007081865393876165,-0.007081865393876165,-0.012003207690509252,-0.00462606575076261,-0.004616322740356632,-0.0043824655,-0.0052702865,-0.006252643,0.002219614300384933,1.0,7,False
0--30s,train2000_2012_test2013_2015,2000-2012,2013-2015,24,27,25.5,9,-0.00567837495580121,-0.00567837495580121,-0.00722790865649446,-0.005398331513229091,-0.00440888469768008,-0.0017481458,-0.00629642,-0.0059824656,0.006146354893476711,0.8181818181818182,11,True
0--30s,train2000_2012_test2013_2015,2000-2012,2013-2015,24,27,25.5,10,-0.008538035784575416,-0.008538035784575416,-0.0168163620396061,-0.004901496172380396,-0.0038962491417397476,-0.007037668,-0.0056362594,-0.005314781,0.006582762948821162,0.9722222222222222,12,True
0--30s,train2000_2012_test2013_2015,2000-2012,2013-2015,27,30,28.5,-10,0.011920967587440006,0.011920967587440006,0.014901112189668077,0.01077592584501798,0.010085864727633955,0.010459449,0.01519482,0.012896268,0.024734977000156016,0.9230769230769231,26,True
0--30s,train2000_2012_test2013_2015,2000-2012,2013-2015,27,30,28.5,-9,0.010966032249285784,0.010966032249285784,0.014700785970751733,0.009521331052979202,0.008675979724126415,0.010348938,0.013527801,0.0110599585,0.022107794671751436,0.9166666666666666,40,True
0--30s,train2000_2012_test2013_2015,2000-2012,2013-2015,27,30,28.5,-8,0.0075915241827843715,0.0075915241827843715,0.0015226546522398273,0.007603244100938254,0.013648673795175035,0.00307915,0.010979179,0.017536659,0.019839169494628797,0.9533333333333333,50,True
0--30s,train2000_2012_test2013_2015,2000-2012,2013-2015,27,30,28.5,-7,0.018646311125588948,0.018646311125588948,0.02004391751553015,0.01200365885635646,0.02389135700488023,0.013296506,0.016826147,0.030877275,0.02365964155481644,0.8740740740740741,45,True
0--30s,train2000_2012_test2013_2015,2000-2012,2013-2015,27,30,28.5,-6,0.01348461780835989,0.01348461780835989,0.01042967723920466,0.017819904520976947,0.012204271664898065,0.007992758,0.024554376,0.015655393,0.020354099179641764,0.8383838383838383,33,True
0--30s,train2000_2012_test2013_2015,2000-2012,2013-2015,27,30,28.5,-5,0.010626197814554714,0.010626197814554714,0.012165761871059408,0.017397061540915006,0.002315770031689729,0.008950478,0.023992531,0.0027760828,0.018643795764189054,0.7979797979797979,33,True
0--30s,train2000_2012_test2013_2015,2000-2012,2013-2015,27,30,28.5,-4,0.005754625669043501,0.005754625669043501,-0.0016009299660971672,0.008643824921673586,0.010220982051554087,0.0013560076,0.012361832,0.013072251,0.014452211775352147,0.9019607843137255,34,True
0--30s,train2000_2012_test2013_2015,2000-2012,2013-2015,27,30,28.5,-3,0.0017579176914409478,0.0017579176914409478,-0.010188395068804488,0.010431884590943194,0.005030263552184136,-0.0033813145,0.014737682,0.006311584,0.012968462202436061,0.9007092198581561,47,True
0--30s,train2000_2012_test2013_2015,2000-2012,2013-2015,27,30,28.5,-2,0.0034484920972065658,0.0034484920972065658,-0.007596629659006587,0.009861793528109397,0.008080312422516887,-0.0019515528,0.013980185,0.0102841295,0.010340288684065176,0.7777777777777778,45,True
0--30s,train2000_2012_test2013_2015,2000-2012,2013-2015,27,30,28.5,-1,0.01220628270061908,0.01220628270061908,0.007001876638777154,0.010239479645553872,0.019377491817526217,0.0061017927,0.014482028,0.024998177,0.009641052352092715,0.7543859649122806,38,True
0--30s,train2000_2012_test2013_2015,2000-2012,2013-2015,27,30,28.5,0,0.003243797241299378,0.003243797241299378,0.009804611219611981,-0.0027071961833228654,0.0026339766876090193,0.0076479367,-0.0027206244,0.0031905323,0.007668098205689536,0.819047619047619,35,True
0--30s,train2000_2012_test2013_2015,2000-2012,2013-2015,27,30,28.5,1,0.011822653376575936,0.011822653376575936,0.017032681595870406,0.00933807410923865,0.009097204424618754,0.011635341,0.013284302,0.011608584,0.0070333466337888255,0.9583333333333334,32,True
0--30s,train2000_2012_test2013_2015,2000-2012,2013-2015,27,30,28.5,2,-0.003985069392438703,-0.003985069392438703,-0.013558971388389737,0.005685530245853802,-0.004081767034780176,-0.0052407114,0.008431054,-0.0055564097,0.005383850430062197,0.6666666666666666,29,True
0--30s,train2000_2012_test2013_2015,2000-2012,2013-2015,27,30,28.5,3,-0.00815724309133247,-0.00815724309133247,-0.01647890045572537,-0.0019315997560757422,-0.0060612290621963015,-0.0068515055,-0.0016900653,-0.008134566,0.00482136078371258,0.9310344827586207,29,True
0--30s,train2000_2012_test2013_2015,2000-2012,2013-2015,27,30,28.5,4,-0.0011491681806152399,-0.0011491681806152399,-0.003008156465927166,0.0022211887694158785,-0.0026605368453344325,0.0005797035,0.0038278745,-0.0037053237,0.004808735307716976,0.6666666666666666,15,True
0--30s,train2000_2012_test2013_2015,2000-2012,2013-2015,27,30,28.5,5,-0.004119600025897522,-0.004119600025897522,-0.00928111438981945,-0.0011012413160834502,-0.0019764443717896663,-0.002880808,-0.00058674207,-0.0028143255,0.006601779342091778,0.8596491228070174,19,True
0--30s,train2000_2012_test2013_2015,2000-2012,2013-2015,27,30,28.5,6,-0.005010842898339033,-0.005010842898339033,-0.009228937137367044,-0.0038939402187147766,-0.0019096513389352796,-0.002852024,-0.0042974884,-0.0027273307,0.004704491475506702,0.7777777777777778,15,True
0--30s,train2000_2012_test2013_2015,2000-2012,2013-2015,27,30,28.5,7,-0.007192373731307674,-0.007192373731307674,-0.013178197821753144,-0.0038511577040125046,-0.004547765668157374,-0.0050306553,-0.004240642,-0.0061633512,0.004617496603412993,0.9166666666666666,20,True
0--30s,train2000_2012_test2013_2015,2000-2012,2013-2015,27,30,28.5,8,-0.006332410441475275,-0.006332410441475275,-0.009464072567357784,-0.00579399205313099,-0.0037391667039370496,-0.002981738,-0.0068221465,-0.005110189,0.003644757480412553,0.8787878787878788,11,True
0--30s,train2000_2012_test2013_2015,2000-2012,2013-2015,27,30,28.5,9,-0.005165494894221884,-0.005165494894221884,-0.005593523191704679,-0.004753876204152332,-0.005149085286808638,-0.00084652816,-0.005440112,-0.006946542,0.006691586434398495,0.9285714285714286,14,True
0--30s,train2000_2012_test2013_2015,2000-2012,2013-2015,27,30,28.5,10,-0.007631682126537819,-0.007631682126537819,-0.013835754752272809,-0.004725035351088409,-0.004334256276252238,-0.0053934003,-0.00540179,-0.0058852653,0.0068595210021431124,0.9111111111111111,15,True
0--30s,train2000_2015_test2016_2018,2000-2015,2016-2018,0,3,1.5,-10,-0.012029410238564582,-0.012029410238564582,-0.02487207618646165,-0.008046059097230572,-0.0031700954320015265,-0.015456448,-0.010562062,-0.003904803,0.01653032459995265,0.925925925925926,18,True
0--30s,train2000_2015_test2016_2018,2000-2015,2016-2018,0,3,1.5,-9,-0.021535323458246363,-0.021535323458246363,-0.05207336988026724,-0.008746880365627254,-0.003785720128844594,-0.03366994,-0.011562223,-0.0046973107,0.01067821183377512,0.9753086419753086,27,True
0--30s,train2000_2015_test2016_2018,2000-2015,2016-2018,0,3,1.5,-8,-0.0170892783754579,-0.0170892783754579,-0.03614465496013561,-0.009991341140439985,-0.0051318390257981085,-0.023004362,-0.013338225,-0.0064301994,0.014138790304626269,0.9319727891156462,49,True
0--30s,train2000_2015_test2016_2018,2000-2015,2016-2018,0,3,1.5,-7,-0.014533996360670959,-0.014533996360670959,-0.031712321154218084,-0.009722608069780377,-0.0021670598580144137,-0.020036552,-0.012954709,-0.0026135726,0.013727582994355345,0.8863636363636364,44,True
0--30s,train2000_2015_test2016_2018,2000-2015,2016-2018,0,3,1.5,-6,-0.016185401029013172,-0.016185401029013172,-0.035283484665305315,-0.008702756099409382,-0.004569962322324821,-0.022427738,-0.011499252,-0.0057068835,0.012346192800073852,0.9236947791164659,83,True
0--30s,train2000_2015_test2016_2018,2000-2015,2016-2018,0,3,1.5,-5,-0.01816609287134376,-0.01816609287134376,-0.036812766914606894,-0.009503707699878034,-0.008181803999546359,-0.023451718,-0.01264231,-0.010356488,0.01639019221837065,0.9083333333333333,120,True
0--30s,train2000_2015_test2016_2018,2000-2015,2016-2018,0,3,1.5,-4,-0.02874558903916925,-0.02874558903916925,-0.05726409859340219,-0.014838472841379083,-0.01413419568272647,-0.03714556,-0.020255692,-0.018019136,0.015280308319319803,0.9516129032258065,124,True
0--30s,train2000_2015_test2016_2018,2000-2015,2016-2018,0,3,1.5,-3,-0.018804892253517717,-0.018804892253517717,-0.03520006037392313,-0.01146805011962206,-0.009746566267007968,-0.022371877,-0.015445675,-0.012370842,0.015187013493822924,0.9107611548556431,127,True
0--30s,train2000_2015_test2016_2018,2000-2015,2016-2018,0,3,1.5,-2,-0.02584846601653103,-0.02584846601653103,-0.03978082330502317,-0.019433875042120904,-0.018330699702449025,-0.025439074,-0.02681391,-0.02342139,0.01406515008047691,0.9465020576131687,162,True
0--30s,train2000_2015_test2016_2018,2000-2015,2016-2018,0,3,1.5,-1,-0.0573380965676574,-0.0573380965676574,-0.08469788284039403,-0.03682630223054218,-0.05049010463203597,-0.055514723,-0.05163509,-0.064820915,0.01853609358435205,0.991304347826087,115,True
0--30s,train2000_2015_test2016_2018,2000-2015,2016-2018,0,3,1.5,0,-0.037786511978797385,-0.037786511978797385,-0.043082342367003916,-0.033760654154753954,-0.036516539414634286,-0.027649712,-0.047260027,-0.04683243,0.016492917655607373,0.9408369408369409,231,True
0--30s,train2000_2015_test2016_2018,2000-2015,2016-2018,0,3,1.5,1,-0.03010498895951515,-0.03010498895951515,-0.04158785334604839,-0.026607812966170902,-0.022119300566326158,-0.026649028,-0.037052024,-0.028298542,0.0168203812930606,0.9333333333333332,5,False
0--30s,train2000_2015_test2016_2018,2000-2015,2016-2018,0,3,1.5,2,-0.009655934113687342,-0.009655934113687342,-0.008496059399932145,-0.010575377122098167,-0.009896365819031715,-0.0044913655,-0.014171718,-0.012563682,0.010024594544686082,0.875,8,False
0--30s,train2000_2015_test2016_2018,2000-2015,2016-2018,0,3,1.5,3,-0.013675363917685673,-0.013675363917685673,-0.019686683280172312,-0.012730680111035763,-0.008608728361848943,-0.011984403,-0.017247606,-0.010906078,0.013850805155246863,0.8888888888888888,3,False
0--30s,train2000_2015_test2016_2018,2000-2015,2016-2018,0,3,1.5,4,-0.013349547828343487,-0.013349547828343487,-0.019669571942231436,-0.014023852420146414,-0.00635521912265261,-0.011972946,-0.019093126,-0.0080050845,,1.0,1,False
0--30s,train2000_2015_test2016_2018,2000-2015,2016-2018,0,3,1.5,5,-0.031941205954631936,-0.031941205954631936,-0.0772878290571936,-0.013267429383553925,-0.0052683594231483,-0.050553083,-0.018013615,-0.0066059455,,1.0,1,False
0--30s,train2000_2015_test2016_2018,2000-2015,2016-2018,0,3,1.5,6,-0.010512661469633837,-0.010512661469633837,-0.012468117911037926,-0.010702244435874213,-0.00836762206198937,-0.0071509834,-0.014352773,-0.010595696,,1.0,1,False
0--30s,train2000_2015_test2016_2018,2000-2015,2016-2018,0,3,1.5,8,-0.013631917651290272,-0.013631917651290272,-0.019774480712724075,-0.01487879377599446,-0.006242478465152278,-0.012043191,-0.020313235,-0.007859951,,1.0,1,False
0--30s,train2000_2015_test2016_2018,2000-2015,2016-2018,0,3,1.5,10,-0.011388705463660788,-0.011388705463660788,-0.011595891719147822,-0.015341383377058378,-0.0072288412947761616,-0.0065669566,-0.020973409,-0.009129718,,1.0,1,False
0--30s,train2000_2015_test2016_2018,2000-2015,2016-2018,3,6,4.5,-10,-0.007884143677569592,-0.007884143677569592,-0.025037169387299503,0.004981352835582636,-0.003596614480991912,-0.015566992,0.008029695,-0.0044538705,0.021600747960258234,0.9333333333333333,15,True
0--30s,train2000_2015_test2016_2018,2000-2015,2016-2018,3,6,4.5,-9,-0.005603451139588417,-0.005603451139588417,-0.02262754989292444,0.009340013244688446,-0.003522816770529257,-0.013953554,0.014250051,-0.004358869,0.01702186507513928,0.8333333333333334,24,True
0--30s,train2000_2015_test2016_2018,2000-2015,2016-2018,3,6,4.5,-8,-0.01793406285488336,-0.01793406285488336,-0.04814574298465252,0.0054406076423683045,-0.011097053222365864,-0.031040072,0.008685108,-0.0141093545,0.01733955464395562,0.8383838383838385,33,True
0--30s,train2000_2015_test2016_2018,2000-2015,2016-2018,3,6,4.5,-7,-0.011115542446284606,-0.011115542446284606,-0.028493503903593325,0.0028857873151470134,-0.007738910750407506,-0.01788129,0.0050390586,-0.009786341,0.021583256248085547,0.9433962264150944,53,True
0--30s,train2000_2015_test2016_2018,2000-2015,2016-2018,3,6,4.5,-6,-0.01324509330740208,-0.01324509330740208,-0.03457219419790925,-0.004088228340950652,-0.001074857383346337,-0.02195147,-0.00491374,-0.001207556,0.022913653233434108,0.8928571428571429,56,True
0--30s,train2000_2015_test2016_2018,2000-2015,2016-2018,3,6,4.5,-5,-0.009043477491479877,-0.009043477491479877,-0.02663535741324791,0.0015876250317219656,-0.002082700092913685,-0.01663711,0.0031864177,-0.0025049746,0.023101460696653503,0.927536231884058,69,True
0--30s,train2000_2015_test2016_2018,2000-2015,2016-2018,3,6,4.5,-4,-0.0208763609734535,-0.0208763609734535,-0.0272950976348312,-0.006897976051047111,-0.028436009234482192,-0.01707886,-0.008923603,-0.036430184,0.02860255569484776,0.8511904761904762,56,True
0--30s,train2000_2015_test2016_2018,2000-2015,2016-2018,3,6,4.5,-3,-0.030256392881978043,-0.030256392881978043,-0.04088321738061683,-0.008019821725764532,-0.04186613953955276,-0.026177218,-0.010524618,-0.05371909,0.03358960916658836,0.9054726368159204,67,True
0--30s,train2000_2015_test2016_2018,2000-2015,2016-2018,3,6,4.5,-2,-0.015059973340979523,-0.015059973340979523,-0.018245746698281898,-0.0027287655061202618,-0.024205407818536417,-0.011019578,-0.0029736152,-0.030984035,0.027648546711048792,0.8756218905472637,67,True
0--30s,train2000_2015_test2016_2018,2000-2015,2016-2018,3,6,4.5,-1,-0.02862993553880214,-0.02862993553880214,-0.03427602125564261,-0.01904589722177224,-0.03256788813899158,-0.021753158,-0.026260218,-0.041749243,0.040948823548785006,0.9074074074074073,72,True
0--30s,train2000_2015_test2016_2018,2000-2015,2016-2018,3,6,4.5,0,-0.007304421229804017,-0.007304421229804017,-0.012107420285013474,-0.01359461287123434,0.0037887694668357645,-0.0069094673,-0.018480547,0.0050535,0.01588206624035728,0.7925925925925925,45,True
0--30s,train2000_2015_test2016_2018,2000-2015,2016-2018,3,6,4.5,1,0.0008998190203140307,0.0008998190203140307,-0.004791835819651974,0.002618267420207658,0.004873025460386407,-0.0020110845,0.004657274,0.0064492873,0.013586301247068097,0.7777777777777778,15,True
0--30s,train2000_2015_test2016_2018,2000-2015,2016-2018,3,6,4.5,2,-0.0078081395026254165,-0.0078081395026254165,-0.019465375035539308,0.0008252929600379003,-0.004784336432374841,-0.01183622,0.0020984737,-0.0059828516,0.014165264448757731,0.7916666666666666,8,False
0--30s,train2000_2015_test2016_2018,2000-2015,2016-2018,3,6,4.5,3,-0.005267637533621097,-0.005267637533621097,-0.004650742819199934,-0.004659786542654309,-0.006492383239009049,-0.0019166111,-0.0057294252,-0.008181659,0.013080655518634316,0.9166666666666666,8,False
0--30s,train2000_2015_test2016_2018,2000-2015,2016-2018,3,6,4.5,4,-0.009185756052679838,-0.009185756052679838,-0.019085945918214005,-0.005101266156734783,-0.0033700560830907207,-0.01158216,-0.006359472,-0.004162217,0.014753391407897158,0.8666666666666666,5,False
0--30s,train2000_2015_test2016_2018,2000-2015,2016-2018,3,6,4.5,5,-0.004669158884662207,-0.004669158884662207,-0.010691242910160355,-0.0001421850810918784,-0.003174048662734386,-0.0059612202,0.00071776076,-0.0039098924,0.007180665929360443,0.8333333333333333,2,False
0--30s,train2000_2015_test2016_2018,2000-2015,2016-2018,3,6,4.5,6,-0.023319115632057155,-0.023319115632057155,-0.059675184133452026,-0.007405056877557936,-0.0028771058851615092,-0.038759977,-0.009647272,-0.003527631,,1.0,1,False
0--30s,train2000_2015_test2016_2018,2000-2015,2016-2018,3,6,4.5,8,-0.0010441436490436571,-0.0010441436490436571,0.01073584039983503,-0.008741323908850795,-0.005126947438115205,0.008385966,-0.011554293,-0.0064239027,0.003305918737855694,0.6666666666666666,2,False
0--30s,train2000_2015_test2016_2018,2000-2015,2016-2018,3,6,4.5,9,-0.018377415405663653,-0.018377415405663653,-0.04251822090349523,-0.007679212883198235,-0.004934812430297495,-0.027271986,-0.010038527,-0.006176563,,1.0,1,False
0--30s,train2000_2015_test2016_2018,2000-2015,2016-2018,3,6,4.5,10,-0.008163517959091506,-0.008163517959091506,-0.011682705204563675,-0.006533320456038941,-0.006274528216671904,-0.0066250856,-0.008403194,-0.007901209,0.004874501896975446,0.8888888888888888,3,False
0--30s,train2000_2015_test2016_2018,2000-2015,2016-2018,6,9,7.5,-10,0.009276511478013328,0.009276511478013328,0.012899005558582628,0.013257332279211165,0.0016731965962461866,0.009834381,0.019840559,0.0023300757,0.019080984528167665,1.0,15,True
0--30s,train2000_2015_test2016_2018,2000-2015,2016-2018,6,9,7.5,-9,-0.0017543677500743604,-0.0017543677500743604,-0.014266466548511028,0.010612828463214595,-0.0016094651649266475,-0.008355125,0.01606652,-0.0018957686,0.01749405732176518,0.8452380952380951,28,True
0--30s,train2000_2015_test2016_2018,2000-2015,2016-2018,6,9,7.5,-8,-0.004858144267079273,-0.004858144267079273,-0.013825283775639468,0.006904011328491984,-0.007653160354090332,-0.008059717,0.01077357,-0.009675954,0.01829431362844983,0.8172043010752688,31,True
0--30s,train2000_2015_test2016_2018,2000-2015,2016-2018,6,9,7.5,-7,0.007375869107581667,0.007375869107581667,0.00890804572591175,0.007621451973886346,0.005598109622946902,0.0071621076,0.011797449,0.007382705,0.018307200097189554,0.8936170212765957,47,True
0--30s,train2000_2015_test2016_2018,2000-2015,2016-2018,6,9,7.5,-6,0.009486675244042782,0.009486675244042782,0.00653784429650007,0.0072656488878747654,0.014656532547753507,0.005575063,0.011289672,0.019043816,0.017646301161961305,0.8813559322033898,59,True
0--30s,train2000_2015_test2016_2018,2000-2015,2016-2018,6,9,7.5,-5,0.006570773155409383,0.006570773155409383,0.003733818105275742,0.011364834684937665,0.00461366667601474,0.0036975383,0.017139725,0.006115409,0.018322766038024626,0.8523809523809524,70,True
0--30s,train2000_2015_test2016_2018,2000-2015,2016-2018,6,9,7.5,-4,-0.007077647678753641,-0.007077647678753641,-0.005366418726830525,0.0008593026528521338,-0.016725826962282534,-0.0023958148,0.0021470098,-0.021355402,0.015243148592500052,0.7818181818181819,55,True
0--30s,train2000_2015_test2016_2018,2000-2015,2016-2018,6,9,7.5,-3,-0.003511514292710198,-0.003511514292710198,-0.001656972669823772,0.007440428799551613,-0.016317999007858436,8.796284e-05,0.011539105,-0.020830395,0.015785073077544037,0.7988505747126436,58,True
0--30s,train2000_2015_test2016_2018,2000-2015,2016-2018,6,9,7.5,-2,0.0004200288675525714,0.0004200288675525714,0.008089852350681766,0.005793045758684541,-0.012622811506708593,0.00661426,0.009188082,-0.016073497,0.01452348893855881,0.7886178861788616,41,True
0--30s,train2000_2015_test2016_2018,2000-2015,2016-2018,6,9,7.5,-1,0.01074550015164891,0.01074550015164891,0.021517004610891736,0.013730848434562216,-0.003011352590507223,0.015604837,0.020516327,-0.00370045,0.016472849944274802,0.787037037037037,36,True
0--30s,train2000_2015_test2016_2018,2000-2015,2016-2018,6,9,7.5,0,-0.002255820198457322,-0.002255820198457322,-0.008742882565634085,-0.007153246465499113,0.009128668435761232,-0.004656634,-0.009287906,0.011927673,0.01422891163288357,0.6933333333333332,25,True
0--30s,train2000_2015_test2016_2018,2000-2015,2016-2018,6,9,7.5,1,0.008412238138553393,0.008412238138553393,0.009156926561580684,0.010940744111110377,0.00513904374296912,0.007328753,0.016534496,0.0067917383,0.0123138065414295,0.8730158730158729,21,True
0--30s,train2000_2015_test2016_2018,2000-2015,2016-2018,6,9,7.5,2,-0.007072060147887898,-0.007072060147887898,-0.01887465494855731,0.0035237520946903482,-0.005865277589796735,-0.011440684,0.0059495145,-0.0073743714,0.007092743566017134,0.6666666666666666,15,True
0--30s,train2000_2015_test2016_2018,2000-2015,2016-2018,6,9,7.5,3,-0.011049386998165787,-0.011049386998165787,-0.024615384144238785,-1.8690506698603213e-07,-0.008532589945191592,-0.015284572,0.00092041004,-0.010808063,0.012318146770407308,0.75,16,True
0--30s,train2000_2015_test2016_2018,2000-2015,2016-2018,6,9,7.5,4,-0.009641299995697985,-0.009641299995697985,-0.023885886375896316,0.0016058222023597624,-0.006643835813557406,-0.014796114,0.0032123872,-0.008376627,0.0063889597505504304,0.6666666666666666,4,False
0--30s,train2000_2015_test2016_2018,2000-2015,2016-2018,6,9,7.5,5,-0.0034401174264886668,-0.0034401174264886668,-0.007861232680032446,0.003232106998018896,-0.005691226597452449,-0.004066297,0.0055333003,-0.007150312,,0.6666666666666666,1,False
0--30s,train2000_2015_test2016_2018,2000-2015,2016-2018,6,9,7.5,6,-0.02532127954937505,-0.02532127954937505,-0.06890792742368572,-0.0006082867376163221,-0.006447624486823108,-0.04494205,5.2575022e-05,-0.0081240395,0.017344800685917955,0.8888888888888888,3,False
0--30s,train2000_2015_test2016_2018,2000-2015,2016-2018,6,9,7.5,7,-0.006351636549941743,-0.006351636549941743,-0.01164472767328461,-0.0023980417510744267,-0.005012140225466193,-0.0065996563,-0.0025016307,-0.006276109,,1.0,1,False
0--30s,train2000_2015_test2016_2018,2000-2015,2016-2018,6,9,7.5,8,-0.004666248413294699,-0.004666248413294699,-0.005421651097078162,-0.00235813519497488,-0.006218958947831055,-0.002432797,-0.002444679,-0.007829674,0.01445095544197398,0.9333333333333333,5,False
0--30s,train2000_2015_test2016_2018,2000-2015,2016-2018,6,9,7.5,9,-0.011377290662531825,-0.011377290662531825,-0.026288727704293992,-0.001923539407548163,-0.005919604875753316,-0.016405012,-0.0018244562,-0.0074443086,0.0025065607700368643,1.0,3,False
0--30s,train2000_2015_test2016_2018,2000-2015,2016-2018,6,9,7.5,10,-0.0055660228380639,-0.0055660228380639,-0.00800628728184791,-0.003405633446515375,-0.005286147785828413,-0.004163423,-0.003939591,-0.006628845,0.005190988909695902,0.8888888888888888,3,False
0--30s,train2000_2015_test2016_2018,2000-2015,2016-2018,9,12,10.5,-10,-0.0035633725015333808,-0.0035633725015333808,-0.019784130233256654,0.008111660370011166,0.0009823523586453445,-0.012049653,0.012497038,0.0014407363,0.014525752529216,0.85,20,True
0--30s,train2000_2015_test2016_2018,2000-2015,2016-2018,9,12,10.5,-9,-0.006321100231895822,-0.006321100231895822,-0.023867794187231933,0.00650319104857237,-0.0015986975570279017,-0.014784,0.010201549,-0.0018819072,0.017298939773284165,0.9047619047619048,42,True
0--30s,train2000_2015_test2016_2018,2000-2015,2016-2018,9,12,10.5,-8,-0.008279087789936274,-0.008279087789936274,-0.02555818155456393,0.005393720700703535,-0.004672802515948422,-0.015915852,0.008618196,-0.005839272,0.01772890254619801,0.8018018018018017,37,True
0--30s,train2000_2015_test2016_2018,2000-2015,2016-2018,9,12,10.5,-7,0.0017070137431528325,0.0017070137431528325,-0.002050130617978738,0.0027712168378089775,0.004399955009628258,-0.00017528849,0.004875552,0.005840293,0.020484938225320548,0.9387755102040817,49,True
0--30s,train2000_2015_test2016_2018,2000-2015,2016-2018,9,12,10.5,-6,0.0011484374074275051,0.0011484374074275051,-0.0018664471856406077,0.00418122571436039,0.0011305336935627335,-5.229755e-05,0.006887812,0.0016314936,0.0187005325824501,0.903954802259887,59,True
0--30s,train2000_2015_test2016_2018,2000-2015,2016-2018,9,12,10.5,-5,0.00338821543946017,0.00338821543946017,0.002640940346623065,0.010028341908561113,-0.0025046359368036683,0.0029657672,0.015232383,-0.0030481422,0.0149273594689085,0.8472222222222222,48,True
0--30s,train2000_2015_test2016_2018,2000-2015,2016-2018,9,12,10.5,-4,-0.012926350050040242,-0.012926350050040242,-0.019438461948456193,-0.0009520977401012515,-0.01838849046156328,-0.011818199,-0.00043808657,-0.023495786,0.014893157793036509,0.8333333333333333,58,True
0--30s,train2000_2015_test2016_2018,2000-2015,2016-2018,9,12,10.5,-3,-0.004093070900495899,-0.004093070900495899,0.00261512757243996,0.0027698076159191395,-0.017664147889846795,0.0029484835,0.004873541,-0.022563323,0.018849290516616966,0.9016393442622951,61,True
0--30s,train2000_2015_test2016_2018,2000-2015,2016-2018,9,12,10.5,-2,-0.001491128858966239,-0.001491128858966239,0.0028832299887131038,0.004078365310411842,-0.011434981876023662,0.003128,0.006741018,-0.014544377,0.017296152831165833,0.8632478632478632,39,True
0--30s,train2000_2015_test2016_2018,2000-2015,2016-2018,9,12,10.5,-1,0.005629902297335496,0.005629902297335496,0.013675115426805313,0.0077566605576217945,-0.004542069092420622,0.01035405,0.011990408,-0.0056709754,0.011039355959212722,0.7666666666666667,30,True
0--30s,train2000_2015_test2016_2018,2000-2015,2016-2018,9,12,10.5,0,0.005754832780095715,0.005754832780095715,0.012665300669576926,-0.007165966674545714,0.011765164345255935,0.009677896,-0.00930606,0.015321693,0.012431423329176003,0.6666666666666665,25,True
0--30s,train2000_2015_test2016_2018,2000-2015,2016-2018,9,12,10.5,1,0.004436384388765271,0.004436384388765271,0.0026782855971121226,0.0059960007895809245,0.004634866779602764,0.002990773,0.009477725,0.0061427006,0.01011846484436132,0.8333333333333333,14,True
0--30s,train2000_2015_test2016_2018,2000-2015,2016-2018,9,12,10.5,2,-0.010490455975826209,-0.010490455975826209,-0.02823082289148283,0.0033330873616352432,-0.006573632397631039,-0.017705403,0.0056774123,-0.008286253,0.01109808500638703,0.6875,32,True
0--30s,train2000_2015_test2016_2018,2000-2015,2016-2018,9,12,10.5,3,-0.013034446371419836,-0.013034446371419836,-0.03167885035155667,0.0005373157823333907,-0.007961804545036229,-0.02001414,0.001687494,-0.010073278,0.009837574312180556,0.8205128205128205,13,True
0--30s,train2000_2015_test2016_2018,2000-2015,2016-2018,9,12,10.5,4,-0.012959114423671748,-0.012959114423671748,-0.03841995717625935,0.003612278558787512,-0.004069664653543399,-0.024527863,0.006075853,-0.005062839,0.01050404202577451,0.6666666666666666,4,False
0--30s,train2000_2015_test2016_2018,2000-2015,2016-2018,9,12,10.5,5,-0.0104309309545971,-0.0104309309545971,-0.029576929684420796,0.002833345542164808,-0.004549208721535315,-0.018606734,0.0049642175,-0.0056801667,0.008270894017166725,0.6666666666666666,4,False
0--30s,train2000_2015_test2016_2018,2000-2015,2016-2018,9,12,10.5,6,-0.010772312282199848,-0.010772312282199848,-0.02269322161257712,-0.0029890697670471485,-0.006634645466975273,-0.013997527,-0.003345102,-0.008364797,0.00842183798553204,1.0,4,False
0--30s,train2000_2015_test2016_2018,2000-2015,2016-2018,9,12,10.5,7,-0.005690266597229743,-0.005690266597229743,-0.007532246842998141,-0.0026882866154175223,-0.006850266333273566,-0.003846014,-0.0029158466,-0.00864237,0.009506990397519404,0.8333333333333333,2,False
0--30s,train2000_2015_test2016_2018,2000-2015,2016-2018,9,12,10.5,8,-0.0023935883417057803,-0.0023935883417057803,0.002108682204887812,-0.002609213024709046,-0.0066802342052961075,0.0026093766,-0.0028029988,-0.008423484,0.011151535389767021,0.8888888888888888,6,False
0--30s,train2000_2015_test2016_2018,2000-2015,2016-2018,9,12,10.5,9,-0.014531046486053363,-0.014531046486053363,-0.03441787941050916,-0.0034954499646475414,-0.005679810083003388,-0.021848144,-0.0040677707,-0.007135615,0.005979061328472195,1.0,3,False
0--30s,train2000_2015_test2016_2018,2000-2015,2016-2018,9,12,10.5,10,-0.006912267863010098,-0.006912267863010098,-0.013381898222353259,-0.0010642012525798915,-0.0062907041140971435,-0.0077628344,-0.00059807237,-0.007922033,0.006977918453393662,0.8888888888888888,3,False
0--30s,train2000_2015_test2016_2018,2000-2015,2016-2018,12,15,13.5,-10,-0.00960714430849568,-0.00960714430849568,-0.0367222632883228,0.007598208466207224,0.00030262189662853866,-0.023391118,0.011764277,0.0005657041,0.015106166007745678,0.8596491228070174,19,True
0--30s,train2000_2015_test2016_2018,2000-2015,2016-2018,12,15,13.5,-9,-0.004777688746640712,-0.004777688746640712,-0.02274405676455607,0.00954075398543851,-0.0011297634608045763,-0.014031566,0.014536534,-0.0012782378,0.01778425518811004,0.8809523809523808,28,True
0--30s,train2000_2015_test2016_2018,2000-2015,2016-2018,12,15,13.5,-8,-0.007637670459504568,-0.007637670459504568,-0.01722416837091892,0.0032016604854085474,-0.008890503493003332,-0.010335548,0.0054898495,-0.011268813,0.01587197806729943,0.8837209302325582,43,True
0--30s,train2000_2015_test2016_2018,2000-2015,2016-2018,12,15,13.5,-7,0.0036179936839764687,0.0036179936839764687,-0.0018278675898600653,0.006716451396638315,0.0059653972451511545,-2.6465275e-05,0.010505899,0.007855522,0.01597183657335928,0.8909090909090909,55,True
0--30s,train2000_2015_test2016_2018,2000-2015,2016-2018,12,15,13.5,-6,-0.0032766632365887442,-0.0032766632365887442,-0.010512521925757285,0.0032205394696696987,-0.0025380072536786446,-0.0058415523,0.0055167917,-0.0030911018,0.01743893411832708,0.8545454545454545,55,True
0--30s,train2000_2015_test2016_2018,2000-2015,2016-2018,12,15,13.5,-5,0.000525035723361882,0.000525035723361882,-0.0026041165897780377,0.007541934116387806,-0.0033627103565241215,-0.0005462275,0.011683966,-0.004152761,0.017358366558537064,0.9056603773584906,53,True
0--30s,train2000_2015_test2016_2018,2000-2015,2016-2018,12,15,13.5,-4,-0.013286634831611431,-0.013286634831611431,-0.01748229523473305,-0.0024327330819773996,-0.019944876178123842,-0.0105083855,-0.0025511396,-0.025499355,0.014665575586373252,0.8181818181818182,44,True
0--30s,train2000_2015_test2016_2018,2000-2015,2016-2018,12,15,13.5,-3,-0.008055922424588682,-0.008055922424588682,-0.006572909201577886,0.0021714598432922495,-0.019766317915480405,-0.0032036589,0.0040196236,-0.025269493,0.02005817738531067,0.868421052631579,38,True
0--30s,train2000_2015_test2016_2018,2000-2015,2016-2018,12,15,13.5,-2,-0.0006360705167610088,-0.0006360705167610088,0.005124626710535018,0.0037268071242858155,-0.010759645385103858,0.0046287985,0.006239299,-0.0136750005,0.015670480254230353,0.8148148148148148,27,True
0--30s,train2000_2015_test2016_2018,2000-2015,2016-2018,12,15,13.5,-1,0.012137633747767107,0.012137633747767107,0.026637642122599968,0.009170874144572273,0.0006043849761290791,0.019033523,0.014008668,0.0009541705,0.012159938382418838,0.7727272727272727,22,True
0--30s,train2000_2015_test2016_2018,2000-2015,2016-2018,12,15,13.5,0,0.002164941794809217,0.002164941794809217,0.00476317701602854,-0.007980524749814736,0.009712173118213848,0.0043867785,-0.010468536,0.012678831,0.00940997223058126,0.6842105263157895,19,True
0--30s,train2000_2015_test2016_2018,2000-2015,2016-2018,12,15,13.5,1,-0.0008691674765295628,-0.0008691674765295628,-0.013712351813179521,0.006944143931168015,0.004160705452422817,-0.0079841,0.010830845,0.0055323015,0.009123514239021243,0.76,25,True
0--30s,train2000_2015_test2016_2018,2000-2015,2016-2018,12,15,13.5,2,-0.008842710684417474,-0.008842710684417474,-0.024614486097606126,0.003019443923344001,-0.004933089878990299,-0.01528397,0.0052298033,-0.0061743455,0.006296991607815215,0.6833333333333333,20,True
0--30s,train2000_2015_test2016_2018,2000-2015,2016-2018,12,15,13.5,3,-0.010513309528274346,-0.010513309528274346,-0.023743139697486596,-0.0006159087697119799,-0.007180880117624465,-0.014700533,4.169742e-05,-0.009067977,0.010577486035602145,0.8555555555555556,30,True
0--30s,train2000_2015_test2016_2018,2000-2015,2016-2018,12,15,13.5,4,-0.011211496239383367,-0.011211496239383367,-0.0323245300590977,0.0019270558374194515,-0.0032370144964718487,-0.020446476,0.003670828,-0.0039909496,0.00825080740469763,0.6666666666666666,5,False
0--30s,train2000_2015_test2016_2018,2000-2015,2016-2018,12,15,13.5,5,-0.008243085911633873,-0.008243085911633873,-0.021404289125926367,0.000976074945511144,-0.004301043554486399,-0.013134481,0.0023136586,-0.005360698,0.004879930994572337,0.7333333333333333,5,False
0--30s,train2000_2015_test2016_2018,2000-2015,2016-2018,12,15,13.5,6,0.0016995327263961354,0.0016995327263961354,0.010767069623162652,-0.0011217480386606835,-0.004546723405313563,0.008406876,-0.0006801989,-0.0056769676,0.006176553762486745,0.7777777777777777,3,False
0--30s,train2000_2015_test2016_2018,2000-2015,2016-2018,12,15,13.5,7,-0.006150964806450503,-0.006150964806450503,-0.010249473016474586,-0.0023426314776347776,-0.005860789925242143,-0.005665419,-0.0024225533,-0.0073685944,0.006408098925335406,0.8333333333333333,2,False
0--30s,train2000_2015_test2016_2018,2000-2015,2016-2018,12,15,13.5,8,-0.011123709584081211,-0.011123709584081211,-0.02553912224412223,-0.0022391266661079723,-0.00559287984201343,-0.015903091,-0.0022748387,-0.007023708,0.008145672267915688,0.9166666666666666,8,False
0--30s,train2000_2015_test2016_2018,2000-2015,2016-2018,12,15,13.5,9,-0.011012762891820252,-0.011012762891820252,-0.02280485889550767,-0.003877925511859995,-0.006355504268093094,-0.014072278,-0.0046136114,-0.008005451,0.004789000724691206,0.9523809523809523,7,False
0--30s,train2000_2015_test2016_2018,2000-2015,2016-2018,12,15,13.5,10,-0.017401610983629863,-0.017401610983629863,-0.043371036799560087,-0.0025730806896754515,-0.006260715461654053,-0.027843015,-0.0027514333,-0.007883428,0.008087495224488811,0.9166666666666666,8,False
0--30s,train2000_2015_test2016_2018,2000-2015,2016-2018,15,18,16.5,-10,-0.0005762972998653159,-0.0005762972998653159,-0.00949656249300463,0.007501680890635642,0.00026598970277303937,-0.005161284,0.01162652,0.0005185466,0.01617688885523449,0.893939393939394,22,True
0--30s,train2000_2015_test2016_2018,2000-2015,2016-2018,15,18,16.5,-9,-0.00473054632933572,-0.00473054632933572,-0.02397856311855945,0.009661283475846615,0.000125640654705673,-0.014858168,0.014708544,0.00033787213,0.015315883819358781,0.8095238095238095,35,True
0--30s,train2000_2015_test2016_2018,2000-2015,2016-2018,15,18,16.5,-8,-0.010231478483974684,-0.010231478483974684,-0.0269443433645261,0.004760717594594945,-0.008510809681992897,-0.016844,0.00771482,-0.010780024,0.015173071062275,0.8125,32,True
0--30s,train2000_2015_test2016_2018,2000-2015,2016-2018,15,18,16.5,-7,0.006002275715951145,0.006002275715951145,0.0019827740008434894,0.008531211510775233,0.007492841636234711,0.002525071,0.013095789,0.009821836,0.017560700395646552,0.8954248366013071,51,True
0--30s,train2000_2015_test2016_2018,2000-2015,2016-2018,15,18,16.5,-6,-0.005584052050293622,-0.005584052050293622,-0.013491579309489873,0.0028741907843836587,-0.00613476762577465,-0.007836275,0.0050225086,-0.0077212923,0.0167883358842578,0.8571428571428571,42,True
0--30s,train2000_2015_test2016_2018,2000-2015,2016-2018,15,18,16.5,-5,-0.005724156402730891,-0.005724156402730891,-0.015147511216960589,0.007083858044514691,-0.009108816035746778,-0.008945056,0.011030233,-0.011549852,0.015262868632900982,0.8761904761904762,35,True
0--30s,train2000_2015_test2016_2018,2000-2015,2016-2018,15,18,16.5,-4,-0.00656882483984086,-0.00656882483984086,-0.008517880704254577,-0.001586902303255956,-0.009601691512012046,-0.0045059766,-0.0013440326,-0.012184341,0.018008227684015544,0.9009009009009009,37,True
0--30s,train2000_2015_test2016_2018,2000-2015,2016-2018,15,18,16.5,-3,-0.005337990042586081,-0.005337990042586081,-0.006313414080266421,0.0036289411729886014,-0.013329497220480425,-0.0030299057,0.0060996325,-0.01698323,0.014583372066342769,0.8288288288288288,37,True
0--30s,train2000_2015_test2016_2018,2000-2015,2016-2018,15,18,16.5,-2,-0.0025575525683525376,-0.0025575525683525376,-0.007010786156257081,0.0031999840978490864,-0.0038618556466496184,-0.0034968534,0.005487457,-0.0047953217,0.013542113910432965,0.8611111111111112,24,True
0--30s,train2000_2015_test2016_2018,2000-2015,2016-2018,15,18,16.5,-1,0.006476263559065732,0.006476263559065732,0.007653929164639975,0.010164042913471163,0.00161081859908606,0.0063223736,0.015426046,0.002249775,0.013761339668698242,0.7747747747747747,37,True
0--30s,train2000_2015_test2016_2018,2000-2015,2016-2018,15,18,16.5,0,-0.0022987643042376464,-0.0022987643042376464,-0.008632129355471247,-0.007895798827185406,0.009631635269943713,-0.0045824754,-0.010347622,0.012575153,0.007104687837580297,0.6666666666666666,18,True
0--30s,train2000_2015_test2016_2018,2000-2015,2016-2018,15,18,16.5,1,0.002570518331118761,0.002570518331118761,-0.003447020455881037,0.005972185422848962,0.005186390026388356,-0.0011106206,0.009443738,0.0068526887,0.009517611690806175,0.8,20,True
0--30s,train2000_2015_test2016_2018,2000-2015,2016-2018,15,18,16.5,2,-0.006732552492898634,-0.006732552492898634,-0.01818148043523916,0.002776250780750526,-0.004792427824207267,-0.010976547,0.004882736,-0.005993268,0.008403313456794076,0.6666666666666666,27,True
0--30s,train2000_2015_test2016_2018,2000-2015,2016-2018,15,18,16.5,3,-0.010550815629673823,-0.010550815629673823,-0.02405483082420401,-0.0011322495031700014,-0.006465366561647462,-0.014909237,-0.0006951858,-0.00814688,0.008479633895144743,0.9259259259259259,27,True
0--30s,train2000_2015_test2016_2018,2000-2015,2016-2018,15,18,16.5,4,-0.004357026390867883,-0.004357026390867883,-0.011451243113146692,0.0019925078779807885,-0.003612343937437744,-0.0064701024,0.0037642366,-0.0044741197,0.008621467496692284,0.7272727272727273,11,True
0--30s,train2000_2015_test2016_2018,2000-2015,2016-2018,15,18,16.5,5,-0.013155776810774969,-0.013155776810774969,-0.03514174204513133,0.0006056054916546287,-0.0049311938788482,-0.02233283,0.001784952,-0.0061719045,0.009200808068810122,0.7777777777777777,6,False
0--30s,train2000_2015_test2016_2018,2000-2015,2016-2018,15,18,16.5,6,-0.017422536476054157,-0.017422536476054157,-0.04316204988776114,-0.0033491132871976206,-0.005756446253203719,-0.027703082,-0.0038589295,-0.00723427,0.00660942247815281,1.0,3,False
0--30s,train2000_2015_test2016_2018,2000-2015,2016-2018,15,18,16.5,7,-0.0122515364222863,-0.0122515364222863,-0.027287852644529566,-0.0038036085826837042,-0.005663148039645638,-0.017074008,-0.0045075514,-0.0071141655,0.009955406907606653,0.9523809523809523,7,False
0--30s,train2000_2015_test2016_2018,2000-2015,2016-2018,15,18,16.5,8,-0.005964799835512992,-0.005964799835512992,-0.009755869543392415,-0.0026548472858562064,-0.005483682677290355,-0.0053349114,-0.0028681245,-0.0068831355,0.007914164046155926,0.8888888888888888,6,False
0--30s,train2000_2015_test2016_2018,2000-2015,2016-2018,15,18,16.5,9,-0.006396169060796873,-0.006396169060796873,-0.009871378724453393,-0.003259442875851308,-0.0060576855820859195,-0.005412254,-0.0037309586,-0.007622063,0.005591002411396448,0.8888888888888888,9,False
0--30s,train2000_2015_test2016_2018,2000-2015,2016-2018,15,18,16.5,10,-0.011466723827845682,-0.011466723827845682,-0.026055501820479887,-0.0026613078509959117,-0.005683361812061246,-0.016248848,-0.0028773446,-0.0071401875,0.005756109171671108,0.9743589743589743,13,True
0--30s,train2000_2015_test2016_2018,2000-2015,2016-2018,18,21,19.5,-10,-0.005905302292992076,-0.005905302292992076,-0.025041709372898645,0.006410718048277953,0.0009150844456444607,-0.0155700315,0.010069579,0.0013541409,0.012323855774605784,0.8076923076923077,26,True
0--30s,train2000_2015_test2016_2018,2000-2015,2016-2018,18,21,19.5,-9,0.0021826631616667647,0.0021826631616667647,-0.010282338467937194,0.012088711845242482,0.004741616107695007,-0.0056874254,0.01817279,0.006280121,0.014310962578860276,0.8620689655172413,29,True
0--30s,train2000_2015_test2016_2018,2000-2015,2016-2018,18,21,19.5,-8,-0.008350300254225914,-0.008350300254225914,-0.027562303236890347,0.005773591974841568,-0.0032621895006289636,-0.017257774,0.009160319,-0.0040233578,0.01088798398610324,0.8133333333333332,50,True
0--30s,train2000_2015_test2016_2018,2000-2015,2016-2018,18,21,19.5,-7,0.0033591622748618097,0.0033591622748618097,-0.002576929228754177,0.0070451481294054935,0.005609267923934112,-0.0005280234,0.01097499,0.0073970687,0.014799088985879906,0.8611111111111112,36,True
0--30s,train2000_2015_test2016_2018,2000-2015,2016-2018,18,21,19.5,-6,0.0013296453770924993,0.0013296453770924993,-0.0002741454778092963,0.007103383296858248,-0.002840301687771453,0.0010138788,0.011058099,-0.0034802523,0.015560452719641795,0.8738738738738739,37,True
0--30s,train2000_2015_test2016_2018,2000-2015,2016-2018,18,21,19.5,-5,0.0002730041579364803,0.0002730041579364803,-0.00450497512407647,0.009683747379385824,-0.004359759781499915,-0.0018190078,0.014740604,-0.005436285,0.017167942067985446,0.8817204301075269,31,True
0--30s,train2000_2015_test2016_2018,2000-2015,2016-2018,18,21,19.5,-4,-0.01151405529156048,-0.01151405529156048,-0.01621161404492725,-0.0037578071041069767,-0.014572744725647213,-0.00965756,-0.004442187,-0.01858369,0.017946932219760084,0.90625,32,True
0--30s,train2000_2015_test2016_2018,2000-2015,2016-2018,18,21,19.5,-3,-0.012066435976565603,-0.012066435976565603,-0.012930774204774575,0.001787380669861176,-0.02505591439478341,-0.0074607697,0.003471494,-0.03207891,0.014975600111454537,0.8518518518518519,27,True
0--30s,train2000_2015_test2016_2018,2000-2015,2016-2018,18,21,19.5,-2,-0.005646138338727569,-0.005646138338727569,-0.007737837085598007,0.003251466129017239,-0.01245204405960194,-0.0039836736,0.005560928,-0.015853664,0.014755699527309084,0.875,32,True
0--30s,train2000_2015_test2016_2018,2000-2015,2016-2018,18,21,19.5,-1,0.005744421338808635,0.005744421338808635,0.013846223349974622,0.007181358421636645,-0.003794317755185361,0.010468621,0.01116938,-0.0047083786,0.007990123274862922,0.7719298245614035,38,True
0--30s,train2000_2015_test2016_2018,2000-2015,2016-2018,18,21,19.5,0,-0.005275604654212454,-0.005275604654212454,-0.011594141964646268,-0.007461321223108695,0.0032286492251176013,-0.006565785,-0.009727567,0.0043324446,0.008362978947590813,0.7708333333333333,16,True
0--30s,train2000_2015_test2016_2018,2000-2015,2016-2018,18,21,19.5,1,0.0019340916525847018,0.0019340916525847018,-0.006004201091622229,0.007464901928364227,0.0043415741210121065,-0.0028228622,0.011574031,0.005765138,0.007846648496495323,0.76,25,True
0--30s,train2000_2015_test2016_2018,2000-2015,2016-2018,18,21,19.5,2,-0.012860745049769553,-0.012860745049769553,-0.03662995524131516,0.0036451876854164877,-0.00559746759340999,-0.023329308,0.0061228187,-0.007029614,0.006691709582143042,0.7142857142857143,14,True
0--30s,train2000_2015_test2016_2018,2000-2015,2016-2018,18,21,19.5,3,-0.012895197348791838,-0.012895197348791838,-0.030503129118075893,-0.0005918549915100966,-0.007590607936789524,-0.0192269,7.602519e-05,-0.009595429,0.005976063803290023,0.888888888888889,21,True
0--30s,train2000_2015_test2016_2018,2000-2015,2016-2018,18,21,19.5,4,-0.011496894955631816,-0.011496894955631816,-0.03234648289449022,0.0019404415103061816,-0.004084643482711413,-0.020461176,0.003689931,-0.0050821216,0.010639049024137218,0.6888888888888888,15,True
0--30s,train2000_2015_test2016_2018,2000-2015,2016-2018,18,21,19.5,5,-0.010227141946862323,-0.010227141946862323,-0.02597458558317533,0.0009671011899902248,-0.005673941447401866,-0.01619467,0.002300852,-0.0071280603,0.010437120380620018,0.7333333333333333,15,True
0--30s,train2000_2015_test2016_2018,2000-2015,2016-2018,18,21,19.5,6,-0.009030183817890905,-0.009030183817890905,-0.02106913807596468,-0.0012711422181333255,-0.004750271159574711,-0.012910071,-0.00089340314,-0.005938999,0.00548501962836706,0.9444444444444443,12,True
0--30s,train2000_2015_test2016_2018,2000-2015,2016-2018,18,21,19.5,7,-0.015315290902518536,-0.015315290902518536,-0.03803553047911544,-0.0030472377063691437,-0.00486310452207102,-0.024270458,-0.003428115,-0.0060842517,0.009000236179392234,0.9333333333333333,10,True
0--30s,train2000_2015_test2016_2018,2000-2015,2016-2018,18,21,19.5,8,-0.014541283267556968,-0.014541283267556968,-0.033774181912829535,-0.003464759969618846,-0.006384907920222517,-0.021417137,-0.004023972,-0.008043303,0.006266858503816183,1.0,5,False
0--30s,train2000_2015_test2016_2018,2000-2015,2016-2018,18,21,19.5,9,-0.01164351714230075,-0.01164351714230075,-0.026092977570549895,-0.002913178036807753,-0.005924395819544604,-0.016273942,-0.003236795,-0.007450476,0.008443593252371007,0.9583333333333333,8,False
0--30s,train2000_2015_test2016_2018,2000-2015,2016-2018,18,21,19.5,10,-0.011027271635457293,-0.011027271635457293,-0.025273550881422562,-0.002290159440662493,-0.005518104584286821,-0.015725268,-0.002347669,-0.006927448,0.008626592538921228,0.9,10,True
0--30s,train2000_2015_test2016_2018,2000-2015,2016-2018,21,24,22.5,-10,-0.0018279894815413228,-0.0018279894815413228,-0.018988458377289612,0.009676334846888469,0.0038281550857771746,-0.011516885,0.014730025,0.0051042023,0.018460607687158587,0.9365079365079365,21,True
0--30s,train2000_2015_test2016_2018,2000-2015,2016-2018,21,24,22.5,-9,-0.0018606281695491547,-0.0018606281695491547,-0.022725060909682588,0.010893172999724261,0.006250003401310865,-0.014018847,0.016466606,0.008221902,0.01666446593940179,0.8585858585858586,33,True
0--30s,train2000_2015_test2016_2018,2000-2015,2016-2018,21,24,22.5,-8,-0.008902414868380336,-0.008902414868380336,-0.030139970096928037,0.006416910511710473,-0.0029841850199234417,-0.018983735,0.010078415,-0.0036654763,0.0125343571791867,0.813953488372093,43,True
0--30s,train2000_2015_test2016_2018,2000-2015,2016-2018,21,24,22.5,-7,0.001969657788341594,0.001969657788341594,-0.002689558911860917,0.005300742818461851,0.0032977894584238477,-0.00060343824,0.0084855035,0.0044214507,0.01694864581526854,0.9523809523809523,42,True
0--30s,train2000_2015_test2016_2018,2000-2015,2016-2018,21,24,22.5,-6,-0.0035365111313743268,-0.0035365111313743268,-0.005692215776380058,0.005337311192086485,-0.010254628809829408,-0.0026139626,0.008537692,-0.0130248815,0.01588382609595254,0.8758169934640523,51,True
0--30s,train2000_2015_test2016_2018,2000-2015,2016-2018,21,24,22.5,-5,-0.0010279820299927338,-0.0010279820299927338,-0.004779883012053081,0.011364880589711307,-0.009668943667636428,-0.0020030811,0.017139792,-0.012270917,0.0130773328127615,0.8,20,True
0--30s,train2000_2015_test2016_2018,2000-2015,2016-2018,21,24,22.5,-4,-0.013508036571932995,-0.013508036571932995,-0.02367764994256576,-0.0005490138068122756,-0.016297445966420954,-0.0146566825,0.00013716496,-0.020803936,0.01534865527977779,0.8541666666666666,32,True
0--30s,train2000_2015_test2016_2018,2000-2015,2016-2018,21,24,22.5,-3,-0.018752769792333947,-0.018752769792333947,-0.020366822220332162,0.001815824724429437,-0.03770731188109912,-0.012439812,0.0035120873,-0.048365336,0.01500571022043851,0.8395061728395062,27,True
0--30s,train2000_2015_test2016_2018,2000-2015,2016-2018,21,24,22.5,-2,-0.01221997929058464,-0.01221997929058464,-0.01598847699620538,0.006430209357252417,-0.027101670232800964,-0.009508152,0.010097395,-0.03471246,0.012027754973806416,0.7777777777777777,24,True
0--30s,train2000_2015_test2016_2018,2000-2015,2016-2018,21,24,22.5,-1,-0.008615939125007155,-0.008615939125007155,-0.015463329601438503,0.010574631126733416,-0.02095911890031638,-0.009156522,0.016012006,-0.026805013,0.009779134556087551,0.6666666666666666,34,True
0--30s,train2000_2015_test2016_2018,2000-2015,2016-2018,21,24,22.5,0,-0.01081607349629435,-0.01081607349629435,-0.02205059730924931,-0.008238288493656161,-0.0021593346859775826,-0.013567238,-0.010836398,-0.002603628,0.008448244504140391,0.8933333333333333,25,True
0--30s,train2000_2015_test2016_2018,2000-2015,2016-2018,21,24,22.5,1,-0.002526672841379556,-0.002526672841379556,-0.01651413629739069,0.006501406633116508,0.002432711140135515,-0.0098601235,0.010199003,0.0033078159,0.007891690022711052,0.7647058823529411,17,True
0--30s,train2000_2015_test2016_2018,2000-2015,2016-2018,21,24,22.5,2,-0.015187130798372115,-0.015187130798372115,-0.04200847646048318,0.002418980400303764,-0.0059718963349369315,-0.026930671,0.0043728664,-0.007511624,0.009263315518789632,0.7179487179487178,26,True
0--30s,train2000_2015_test2016_2018,2000-2015,2016-2018,21,24,22.5,3,-0.01661604680458845,-0.01661604680458845,-0.04188390777409609,-0.0004111997774628388,-0.007553032862206425,-0.026847262,0.00033384294,-0.009547058,0.0073843938087777075,0.8518518518518517,18,True
0--30s,train2000_2015_test2016_2018,2000-2015,2016-2018,21,24,22.5,4,-0.008460591767649163,-0.008460591767649163,-0.023725174044460322,0.002236902982731285,-0.003893504241218452,-0.014688503,0.004113019,-0.0048360634,0.006731774571092089,0.6851851851851851,18,True
0--30s,train2000_2015_test2016_2018,2000-2015,2016-2018,21,24,22.5,5,-0.011819587162727576,-0.011819587162727576,-0.030849653745483027,0.00027388276639325266,-0.004882990509092953,-0.019458925,0.001311542,-0.0061098514,0.006935315681276887,0.8484848484848485,11,True
0--30s,train2000_2015_test2016_2018,2000-2015,2016-2018,21,24,22.5,6,-0.012433324630546637,-0.012433324630546637,-0.03117122308848812,-0.0015469160663886795,-0.004581834736763111,-0.019674242,-0.0012869672,-0.005722167,0.006169787811115629,0.9583333333333333,8,False
0--30s,train2000_2015_test2016_2018,2000-2015,2016-2018,21,24,22.5,7,-0.019403801810277,-0.019403801810277,-0.051185520442451046,-0.002350130601346017,-0.004675754387033935,-0.03307545,-0.0024332553,-0.0058430717,0.009256188429506622,0.9523809523809523,7,False
0--30s,train2000_2015_test2016_2018,2000-2015,2016-2018,21,24,22.5,8,-0.013143687246261063,-0.013143687246261063,-0.03048840389209361,-0.0031827982506372685,-0.005759859596052306,-0.01921704,-0.003621577,-0.0072386647,0.008494486538152065,0.9333333333333333,10,True
0--30s,train2000_2015_test2016_2018,2000-2015,2016-2018,21,24,22.5,9,-0.011863342602539241,-0.011863342602539241,-0.027169005710966785,-0.0028187625130206787,-0.005602259583630267,-0.01699443,-0.0031020523,-0.0070357826,0.006541491296941308,1.0,6,False
0--30s,train2000_2015_test2016_2018,2000-2015,2016-2018,21,24,22.5,10,-0.015156718853416894,-0.015156718853416894,-0.03516533081289235,-0.004165925195021451,-0.006138900552336879,-0.022348624,-0.0050246227,-0.007726613,0.005923082932186655,1.0,9,False
0--30s,train2000_2015_test2016_2018,2000-2015,2016-2018,24,27,25.5,-10,0.0037499380437197114,0.0037499380437197114,-0.005773735620925521,0.011397705933602528,0.005625843818482128,-0.0026685467,0.017186638,0.0074184076,0.012730447002430808,0.888888888888889,21,True
0--30s,train2000_2015_test2016_2018,2000-2015,2016-2018,24,27,25.5,-9,-0.0009066307101997832,-0.0009066307101997832,-0.020728176124270144,0.011723136353565108,0.006285147640105686,-0.012681768,0.017651068,0.008267144,0.012745942007417504,0.8070175438596491,19,True
0--30s,train2000_2015_test2016_2018,2000-2015,2016-2018,24,27,25.5,-8,-0.005222925857843135,-0.005222925857843135,-0.023074763817095605,0.007006426492774173,0.00039955975079203045,-0.014253001,0.010919729,0.0006904943,0.0162627791769155,0.8468468468468469,37,True
0--30s,train2000_2015_test2016_2018,2000-2015,2016-2018,24,27,25.5,-7,0.008155050626836715,0.008155050626836715,0.004884657660747291,0.010312936595090062,0.00926755762467279,0.0044681197,0.015638536,0.012106468,0.01581400817151364,0.8916666666666666,40,True
0--30s,train2000_2015_test2016_2018,2000-2015,2016-2018,24,27,25.5,-6,-0.007377275383518607,-0.007377275383518607,-0.013611261440275193,0.0037781526592075227,-0.01229871736948815,-0.007916411,0.006312576,-0.015656283,0.01276832871661603,0.90625,32,True
0--30s,train2000_2015_test2016_2018,2000-2015,2016-2018,24,27,25.5,-5,-0.0027804222239326357,-0.0027804222239326357,-0.011931987382700765,0.01279950185835118,-0.009208781147448322,-0.006792,0.019187177,-0.011678539,0.013276943381977721,0.8333333333333334,24,True
0--30s,train2000_2015_test2016_2018,2000-2015,2016-2018,24,27,25.5,-4,-0.00613604495585384,-0.00613604495585384,-0.019095271424853726,0.00809804457660605,-0.007410908019313843,-0.011588405,0.012477605,-0.009364096,0.01223854989509356,0.7936507936507935,21,True
0--30s,train2000_2015_test2016_2018,2000-2015,2016-2018,24,27,25.5,-3,-0.01712177577414865,-0.01712177577414865,-0.029747802024655386,0.0038792801257391952,-0.025496805423529764,-0.018721147,0.006456898,-0.03264648,0.013648328362348815,0.8602150537634409,31,True
0--30s,train2000_2015_test2016_2018,2000-2015,2016-2018,24,27,25.5,-2,-0.009173002255475553,-0.009173002255475553,-0.01814997024459048,0.0067348550139763414,-0.016103891535812518,-0.010955448,0.010532163,-0.02055477,0.011124603018691248,0.7666666666666666,20,True
0--30s,train2000_2015_test2016_2018,2000-2015,2016-2018,24,27,25.5,-1,-0.00030033184028877675,-0.00030033184028877675,0.0021447322553204413,0.007541247267422989,-0.01058697504360976,0.0026335153,0.011682985,-0.013452719,0.010309172931580306,0.7222222222222222,18,True
0--30s,train2000_2015_test2016_2018,2000-2015,2016-2018,24,27,25.5,0,-0.012523263396790016,-0.012523263396790016,-0.022023003937667544,-0.00788317653165146,-0.007663609721051044,-0.013548762,-0.010329609,-0.009689405,0.010554028845805558,0.9607843137254901,17,True
0--30s,train2000_2015_test2016_2018,2000-2015,2016-2018,24,27,25.5,1,-0.006235706156405903,-0.006235706156405903,-0.023922500127931522,0.006601951213143965,-0.0013865695544301524,-0.014820629,0.010342493,-0.0016088301,0.009867942463180955,0.6805555555555555,24,True
0--30s,train2000_2015_test2016_2018,2000-2015,2016-2018,24,27,25.5,2,-0.012456449416308527,-0.012456449416308527,-0.034056495546808556,0.0024122626283766485,-0.00572511533049368,-0.021606168,0.0043632793,-0.007193938,0.008258631173802065,0.7051282051282051,26,True
0--30s,train2000_2015_test2016_2018,2000-2015,2016-2018,24,27,25.5,3,-0.014276364553365964,-0.014276364553365964,-0.03405809687022122,-0.0011453618397738949,-0.007625634950102779,-0.02160724,-0.00071389874,-0.0096405195,0.007706430379161927,0.9710144927536232,23,True
0--30s,train2000_2015_test2016_2018,2000-2015,2016-2018,24,27,25.5,4,-0.008219918794479593,-0.008219918794479593,-0.022532723151615502,0.0017463441922805256,-0.0038733774241038028,-0.01389006,0.0034129296,-0.0048101535,0.004807899816104847,0.6851851851851851,18,True
0--30s,train2000_2015_test2016_2018,2000-2015,2016-2018,24,27,25.5,5,-0.006965074429874924,-0.006965074429874924,-0.01737733469934855,0.0013580493758901886,-0.004875937966166409,-0.010438105,0.0028587843,-0.006100773,0.005383439586813107,0.6923076923076923,13,True
0--30s,train2000_2015_test2016_2018,2000-2015,2016-2018,24,27,25.5,6,-0.008641592426814837,-0.008641592426814837,-0.018316721808848562,-0.0029264876418456168,-0.00468156782975033,-0.011067103,-0.0032557896,-0.005850556,0.005433236343904333,0.9047619047619048,7,False
0--30s,train2000_2015_test2016_2018,2000-2015,2016-2018,24,27,25.5,7,-0.010793486403414937,-0.010793486403414937,-0.025455916689748975,-0.002023352706310304,-0.004901189814185533,-0.015847377,-0.0019669023,-0.0061332798,0.0034052496739190334,0.9523809523809523,7,False
0--30s,train2000_2015_test2016_2018,2000-2015,2016-2018,24,27,25.5,8,-0.014497260728042992,-0.014497260728042992,-0.03332028848607253,-0.004035157881451868,-0.0061363358166045805,-0.021113217,-0.0048380014,-0.007723311,0.005786527883117758,1.0,9,False
0--30s,train2000_2015_test2016_2018,2000-2015,2016-2018,24,27,25.5,9,-0.012780187500044416,-0.012780187500044416,-0.02901872792017288,-0.003594842314273663,-0.0057269922656867055,-0.018232971,-0.0042096158,-0.0071963537,0.006805844926092801,1.0,6,False
0--30s,train2000_2015_test2016_2018,2000-2015,2016-2018,24,27,25.5,10,-0.011787382036235633,-0.011787382036235633,-0.026687128815300932,-0.003121060045171034,-0.0055539572482349335,-0.016671775,-0.0035334688,-0.006973602,0.006638295010105038,0.9444444444444443,12,True
0--30s,train2000_2015_test2016_2018,2000-2015,2016-2018,27,30,28.5,-10,0.00465745606117999,0.00465745606117999,-0.005881532536513402,0.008698147916399397,0.011155752803653976,-0.0027407256,0.013334029,0.014537184,0.021642201085515022,0.8641975308641975,27,True
0--30s,train2000_2015_test2016_2018,2000-2015,2016-2018,27,30,28.5,-9,0.007292169911308387,0.007292169911308387,0.001780747061315018,0.00799845527178356,0.012097307400826582,0.0023897972,0.012335479,0.015749268,0.01663113959287523,0.8780487804878049,41,True
0--30s,train2000_2015_test2016_2018,2000-2015,2016-2018,27,30,28.5,-8,0.0033356370524748207,0.0033356370524748207,-0.004659237578261088,0.007161124346074697,0.007505024389610854,-0.0019222992,0.011140503,0.009837518,0.016345029469530536,0.8916666666666666,40,True
0--30s,train2000_2015_test2016_2018,2000-2015,2016-2018,27,30,28.5,-7,0.01815752607161509,0.01815752607161509,0.01761520964614826,0.011937030325532203,0.0249203382431648,0.012992266,0.017956322,0.032256644,0.02028930874290116,0.8518518518518519,45,True
0--30s,train2000_2015_test2016_2018,2000-2015,2016-2018,27,30,28.5,-6,0.0022673108497685583,0.0022673108497685583,0.0007976030027203548,0.006609310387892887,-0.0006049808413075681,0.0017315021,0.010352994,-0.0006026734,0.020045421531290696,0.9733333333333333,50,True
0--30s,train2000_2015_test2016_2018,2000-2015,2016-2018,27,30,28.5,-5,0.0048629627959262175,0.0048629627959262175,0.0009139116924542904,0.01555584056366933,-0.001880863868344967,0.0018093801,0.023120819,-0.002245146,0.01795247340676107,0.8859649122807017,38,True
0--30s,train2000_2015_test2016_2018,2000-2015,2016-2018,27,30,28.5,-4,-0.0022371954425398255,-0.0022371954425398255,-0.010302918214730063,0.003702415848599248,-0.0001110839614886627,-0.005701205,0.00620449,3.3131197e-05,0.0158816067242456,0.8725490196078431,34,True
0--30s,train2000_2015_test2016_2018,2000-2015,2016-2018,27,30,28.5,-3,-0.006271929285349633,-0.006271929285349633,-0.015314245967954393,0.008146348723870683,-0.011647890611965188,-0.0090566985,0.012546542,-0.014818459,0.01408870014678396,0.8828828828828829,37,True
0--30s,train2000_2015_test2016_2018,2000-2015,2016-2018,27,30,28.5,-2,-0.0012505208668052434,-0.0012505208668052434,-0.006880614393686066,0.010729951674324131,-0.007600899881053794,-0.0034096926,0.01623367,-0.009608678,0.014441006151858681,0.8106060606060606,44,True
0--30s,train2000_2015_test2016_2018,2000-2015,2016-2018,27,30,28.5,-1,0.004233578180211505,0.004233578180211505,0.0033933329939891017,0.010767761673428366,-0.0014603601267829526,0.0034695559,0.016287629,-0.0017038224,0.00817988973463665,0.7777777777777777,42,True
0--30s,train2000_2015_test2016_2018,2000-2015,2016-2018,27,30,28.5,0,-0.0137578400186946,-0.0137578400186946,-0.02390624074054293,-0.008688502607776228,-0.008678776707764643,-0.014809743,-0.01147891,-0.010996252,0.008050419688644582,0.9333333333333333,60,True
0--30s,train2000_2015_test2016_2018,2000-2015,2016-2018,27,30,28.5,1,-0.004870461385291364,-0.004870461385291364,-0.020831612635158772,0.007013632559515915,-0.00079340408023124,-0.012751028,0.010930014,-0.00084523484,0.007874930049334912,0.6767676767676767,33,True
0--30s,train2000_2015_test2016_2018,2000-2015,2016-2018,27,30,28.5,2,-0.012080246583109078,-0.012080246583109078,-0.032828536833573486,0.001124313262724375,-0.0045365161784781186,-0.02078395,0.0025252134,-0.005663827,0.006295276773645949,0.7816091954022988,29,True
0--30s,train2000_2015_test2016_2018,2000-2015,2016-2018,27,30,28.5,3,-0.011130504388856991,-0.011130504388856991,-0.025080868972796783,-0.0024529098015665415,-0.005857734392207647,-0.015596253,-0.0025799344,-0.007364661,0.005523814285276256,0.9555555555555556,30,True
0--30s,train2000_2015_test2016_2018,2000-2015,2016-2018,27,30,28.5,4,-0.010112455362665099,-0.010112455362665099,-0.027488176765149464,-0.0005394946959303485,-0.0023096946269154815,-0.01720814,0.00015074993,-0.0027971896,0.007246479234895733,0.8833333333333334,20,True
0--30s,train2000_2015_test2016_2018,2000-2015,2016-2018,27,30,28.5,5,-0.010996628616108733,-0.010996628616108733,-0.027831809660203165,-0.0013049364587950389,-0.0038531397293279984,-0.017438231,-0.00094163185,-0.004784101,0.007321385212324272,0.8985507246376813,23,True
0--30s,train2000_2015_test2016_2018,2000-2015,2016-2018,27,30,28.5,6,-0.006225217393692921,-0.006225217393692921,-0.010929216502638341,-0.0032639860355408896,-0.004482449642899532,-0.006120563,-0.0037374422,-0.005594226,0.006307813019868696,0.9135802469135803,27,True
0--30s,train2000_2015_test2016_2018,2000-2015,2016-2018,27,30,28.5,7,-0.008060380988923114,-0.008060380988923114,-0.015684072016639128,-0.003803388995216378,-0.004693681954913836,-0.009304328,-0.004507238,-0.00586615,0.006348102806848284,0.9444444444444445,12,True
0--30s,train2000_2015_test2016_2018,2000-2015,2016-2018,27,30,28.5,8,-0.00821536749332263,-0.00821536749332263,-0.015367973533697179,-0.003798800256289259,-0.0054793286899814525,-0.009092675,-0.0045006895,-0.0068775313,0.005651106511052635,0.9743589743589743,13,True
0--30s,train2000_2015_test2016_2018,2000-2015,2016-2018,27,30,28.5,9,-0.011097850787713097,-0.011097850787713097,-0.0237933087977033,-0.004059845913043795,-0.005440397652392199,-0.014734126,-0.0048732343,-0.006827414,0.006923037589886025,1.0,8,False
0--30s,train2000_2015_test2016_2018,2000-2015,2016-2018,27,30,28.5,10,-0.011453187506705674,-0.011453187506705674,-0.024341253011098615,-0.004347064454479761,-0.005671245054538647,-0.015101019,-0.0052831313,-0.0071245898,0.007620816188120114,0.9814814814814815,18,True
0--30s,train2000_2018_test2019_2021,2000-2018,2019-2021,0,3,1.5,-10,-0.015144459719109028,-0.015144459719109028,-0.015828746064251432,-0.025146050972980654,-0.004458582120095,-0.013068822,-0.0315043,-0.0053630252,0.005412714225947416,0.9444444444444443,12,True
0--30s,train2000_2018_test2019_2021,2000-2018,2019-2021,0,3,1.5,-9,-0.012582030071650428,-0.012582030071650428,-0.009907067776382287,-0.02354703187419179,-0.004291990564377202,-0.008020757,-0.02942039,-0.0051507475,0.005460379281709034,0.90625,32,True
0--30s,train2000_2018_test2019_2021,2000-2018,2019-2021,0,3,1.5,-8,-0.016900272018128413,-0.016900272018128413,-0.015706342224681667,-0.030631233788375616,-0.0043632400413279515,-0.012964477,-0.038652826,-0.0052415365,0.004839785151407436,0.8916666666666666,40,True
0--30s,train2000_2018_test2019_2021,2000-2018,2019-2021,0,3,1.5,-7,-0.016680584727573396,-0.016680584727573396,-0.021380696854595267,-0.023783999077825375,-0.004877058250299539,-0.017801708,-0.029729215,-0.0058962647,0.006695422783941178,0.9298245614035089,38,True
0--30s,train2000_2018_test2019_2021,2000-2018,2019-2021,0,3,1.5,-6,-0.019878183548787717,-0.019878183548787717,-0.03006004807314813,-0.02556774483137921,-0.004006757741835805,-0.025200611,-0.032053873,-0.004787292,0.006149647613169966,0.9398907103825137,61,True
0--30s,train2000_2018_test2019_2021,2000-2018,2019-2021,0,3,1.5,-5,-0.02775354067167046,-0.02775354067167046,-0.04162902586148636,-0.0315379804345404,-0.010093615718984617,-0.035062842,-0.039834537,-0.012543418,0.006400100698063385,0.9966666666666667,100,True
0--30s,train2000_2018_test2019_2021,2000-2018,2019-2021,0,3,1.5,-4,-0.03030241419947466,-0.03030241419947466,-0.043185768942537665,-0.029890126488727863,-0.017831347167158444,-0.03638992,-0.037686985,-0.022403156,0.007098008389182217,1.0,117,True
0--30s,train2000_2018_test2019_2021,2000-2018,2019-2021,0,3,1.5,-3,-0.027354982056980677,-0.027354982056980677,-0.043290300756764294,-0.02524697096284438,-0.01352767445133336,-0.036479034,-0.031635825,-0.016919238,0.008610297182777647,0.997245179063361,121,True
0--30s,train2000_2018_test2019_2021,2000-2018,2019-2021,0,3,1.5,-2,-0.03922229916390826,-0.03922229916390826,-0.05929637751598766,-0.034580068611654455,-0.023790451364082664,-0.050123766,-0.043799117,-0.029996496,0.011317448383368926,0.9947916666666666,128,True
0--30s,train2000_2018_test2019_2021,2000-2018,2019-2021,0,3,1.5,-1,-0.06900158218681937,-0.06900158218681937,-0.08741564565242942,-0.051314160377477505,-0.0682749405305512,-0.07409466,-0.065607704,-0.08668048,0.019042830083252596,1.0,90,True
0--30s,train2000_2018_test2019_2021,2000-2018,2019-2021,0,3,1.5,0,-0.04126231156191476,-0.04126231156191476,-0.05697670841394822,-0.036597591103600585,-0.030212635168195487,-0.048146315,-0.046428442,-0.038179908,0.008027704964593726,1.0,188,True
0--30s,train2000_2018_test2019_2021,2000-2018,2019-2021,0,3,1.5,1,-0.037246381929391385,-0.037246381929391385,-0.052226404709758895,-0.029691237276808828,-0.029821503801606426,-0.044096813,-0.037427783,-0.037681513,,1.0,1,False
0--30s,train2000_2018_test2019_2021,2000-2018,2019-2021,0,3,1.5,2,-0.029369923627093203,-0.029369923627093203,-0.05409074511825501,-0.01649202671537729,-0.017526999047647304,-0.04568611,-0.020226005,-0.022015344,,1.0,1,False
0--30s,train2000_2018_test2019_2021,2000-2018,2019-2021,0,3,1.5,3,-0.02036140324401156,-0.02036140324401156,-0.02951701466266008,-0.017056169797234455,-0.014511025272140151,-0.02473769,-0.020961221,-0.018172266,0.008763157146705882,0.9333333333333332,5,False
0--30s,train2000_2018_test2019_2021,2000-2018,2019-2021,0,3,1.5,4,-0.011067551028392339,-0.011067551028392339,-0.014103062361116418,-0.011140100693629404,-0.007959490030431195,-0.011597726,-0.013251146,-0.009824027,0.008922823063929029,0.8333333333333333,2,False
0--30s,train2000_2018_test2019_2021,2000-2018,2019-2021,0,3,1.5,5,-0.011758708327710357,-0.011758708327710357,-0.010201906709694333,-0.015475739409236786,-0.009598478864199955,-0.008272099,-0.018901536,-0.011912495,0.008195375256042279,0.8333333333333333,2,False
0--30s,train2000_2018_test2019_2021,2000-2018,2019-2021,3,6,4.5,-10,-0.013904394885607142,-0.013904394885607142,-0.02421053343964434,-0.013360219884033134,-0.004142431333143945,-0.020214062,-0.016144501,-0.004960173,0.012020325601577142,0.8888888888888888,9,False
0--30s,train2000_2018_test2019_2021,2000-2018,2019-2021,3,6,4.5,-9,-0.014603646590225212,-0.014603646590225212,-0.023401326953923742,-0.013124101726199506,-0.0072855110905523865,-0.019524237,-0.01583678,-0.008965216,0.013316748195662542,0.9411764705882353,17,True
0--30s,train2000_2018_test2019_2021,2000-2018,2019-2021,3,6,4.5,-8,-0.016460212019599293,-0.016460212019599293,-0.02142920457696943,-0.016682126053501306,-0.011269305428327145,-0.017843056,-0.020473752,-0.014041532,0.010467008798295778,0.9540229885057472,29,True
0--30s,train2000_2018_test2019_2021,2000-2018,2019-2021,3,6,4.5,-7,-0.01069658580593929,-0.01069658580593929,-0.0139990736254852,-0.007229207451008408,-0.010861476341324266,-0.011509079,-0.008154302,-0.0135218585,0.01307482198424508,0.9166666666666666,36,True
0--30s,train2000_2018_test2019_2021,2000-2018,2019-2021,3,6,4.5,-6,-0.00789899275333202,-0.00789899275333202,-0.015871198289323117,-0.011917357991355914,0.004091578020682967,-0.013105012,-0.0142641,0.0055319434,0.013292435224358402,0.7823129251700679,49,True
0--30s,train2000_2018_test2019_2021,2000-2018,2019-2021,3,6,4.5,-5,-0.01833877837038099,-0.01833877837038099,-0.027328812248930974,-0.012106549472594956,-0.015580973389617033,-0.022872308,-0.014510663,-0.019535638,0.01630892341998451,0.8813559322033898,59,True
0--30s,train2000_2018_test2019_2021,2000-2018,2019-2021,3,6,4.5,-4,-0.019551081091344787,-0.019551081091344787,-0.031348426853851086,-0.01270586910496078,-0.01459894731522249,-0.026298918,-0.0152917225,-0.018284298,0.0207680505759201,0.9342723004694835,71,True
0--30s,train2000_2018_test2019_2021,2000-2018,2019-2021,3,6,4.5,-3,-0.023044520194836552,-0.023044520194836552,-0.02675621936860745,-0.00872571628760462,-0.03365162492829758,-0.02238419,-0.010104616,-0.04256201,0.02441276207546338,0.8771929824561403,57,True
0--30s,train2000_2018_test2019_2021,2000-2018,2019-2021,3,6,4.5,-2,-0.025316887070891525,-0.025316887070891525,-0.037345842658209435,-0.012217933610933946,-0.026386884943531204,-0.03141155,-0.014655823,-0.03330498,0.023386861374865148,0.9275362318840579,46,True
0--30s,train2000_2018_test2019_2021,2000-2018,2019-2021,3,6,4.5,-1,-0.03387428151107618,-0.03387428151107618,-0.05287749063943724,-0.020840470047756538,-0.02790488384603477,-0.044651847,-0.025893083,-0.035239276,0.02450366655115923,0.9459459459459459,37,True
0--30s,train2000_2018_test2019_2021,2000-2018,2019-2021,3,6,4.5,0,-0.013949723614654925,-0.013949723614654925,-0.02437134930076329,-0.016676815493980823,-0.0008010060492206606,-0.020351153,-0.02046683,-0.0007023899,0.010848742146937406,0.898989898989899,33,True
0--30s,train2000_2018_test2019_2021,2000-2018,2019-2021,3,6,4.5,1,-0.005657572304888868,-0.005657572304888868,-0.018879477631209757,0.003068821365962057,-0.001162060649418908,-0.015669486,0.005266531,-0.0011624607,0.0076806284776719325,0.8333333333333334,6,False
0--30s,train2000_2018_test2019_2021,2000-2018,2019-2021,3,6,4.5,2,-0.010552331356155461,-0.010552331356155461,-0.022138251308789474,-0.003023473746029844,-0.006495269013647063,-0.0184475,-0.0026732094,-0.007958257,0.006112283761640876,0.8888888888888888,9,False
0--30s,train2000_2018_test2019_2021,2000-2018,2019-2021,3,6,4.5,3,-0.010781166961123068,-0.010781166961123068,-0.015204433598345857,-0.007592020628254339,-0.00954704665676901,-0.012536613,-0.008627135,-0.011846958,0.005078508915324692,0.9166666666666666,8,False
0--30s,train2000_2018_test2019_2021,2000-2018,2019-2021,3,6,4.5,4,-0.0068322777599573725,-0.0068322777599573725,-0.011028178070080436,-0.0035885020506729558,-0.005880153159118723,-0.008976473,-0.0034095785,-0.0071744495,0.007517248618079476,0.8888888888888888,3,False
0--30s,train2000_2018_test2019_2021,2000-2018,2019-2021,3,6,4.5,5,-0.008391767511756874,-0.008391767511756874,-0.013817236948274428,-0.006879086994935188,-0.004478978592061006,-0.011354067,-0.0076980097,-0.005389015,0.00130661061086233,1.0,2,False
0--30s,train2000_2018_test2019_2021,2000-2018,2019-2021,3,6,4.5,6,-0.010452877213065037,-0.010452877213065037,-0.021289076068879607,-0.00951658151125725,-0.0005529740590582555,-0.017723601,-0.011135306,-0.00038633728,0.00345083568708563,0.8333333333333333,4,False
0--30s,train2000_2018_test2019_2021,2000-2018,2019-2021,3,6,4.5,8,-0.0020410138308989663,-0.0020410138308989663,0.008897119368085455,-0.009642799900010155,-0.005377360960772198,0.008009288,-0.011299799,-0.0065337713,,0.6666666666666666,1,False
0--30s,train2000_2018_test2019_2021,2000-2018,2019-2021,3,6,4.5,9,-0.010676147418784362,-0.010676147418784362,-0.016584511270003703,-0.011152521134911738,-0.004291409851437646,-0.013713092,-0.013267333,-0.005150007,0.001558965084438307,1.0,2,False
0--30s,train2000_2018_test2019_2021,2000-2018,2019-2021,3,6,4.5,10,-0.00714380343556125,-0.00714380343556125,-0.007575091074779451,-0.008570259189372502,-0.005286060042531797,-0.006032812,-0.009902018,-0.006417432,,1.0,1,False
0--30s,train2000_2018_test2019_2021,2000-2018,2019-2021,6,9,7.5,-10,-0.0026494690521498914,-0.0026494690521498914,-0.0017538031454011481,-0.007250809843240891,0.0010562058321923638,-0.0010703262,-0.008182455,0.0016641465,0.012139960250594843,0.8571428571428571,14,True
0--30s,train2000_2018_test2019_2021,2000-2018,2019-2021,6,9,7.5,-9,-0.003512046766458971,-0.003512046766458971,-0.0032766336093475847,-0.006491355337664314,-0.0007681513523650146,-0.002368497,-0.0071927016,-0.0006605251,0.012377868575306244,0.8850574712643678,29,True
0--30s,train2000_2018_test2019_2021,2000-2018,2019-2021,6,9,7.5,-8,-0.008386667992591464,-0.008386667992591464,-0.008415683246624983,-0.011486059519746617,-0.005258261211402795,-0.006749393,-0.0137020135,-0.0063820095,0.00930341992126717,0.8632478632478632,39,True
0--30s,train2000_2018_test2019_2021,2000-2018,2019-2021,6,9,7.5,-7,0.0008754187497117381,0.0008754187497117381,0.003233849975192744,0.0011569859899055786,-0.0017645797159631072,0.003181509,0.0027749452,-0.0019302154,0.013205451596752472,0.9385964912280701,38,True
0--30s,train2000_2018_test2019_2021,2000-2018,2019-2021,6,9,7.5,-6,0.001577053836547418,0.001577053836547418,0.000984677820379483,-0.0032841353358475803,0.0070306190251103505,0.0012641525,-0.0030129147,0.009276992,0.01296644521751561,0.8490566037735849,53,True
0--30s,train2000_2018_test2019_2021,2000-2018,2019-2021,6,9,7.5,-5,-0.004032095168409131,-0.004032095168409131,-0.004144224099729222,0.00014708612597052117,-0.008099147531468691,-0.0031080935,0.0014588003,-0.010001985,0.01459549149970689,0.8630952380952381,56,True
0--30s,train2000_2018_test2019_2021,2000-2018,2019-2021,6,9,7.5,-4,-0.005083650108851181,-0.005083650108851181,-0.009753595636274162,-0.0019343956277025041,-0.0035629590625768774,-0.007889926,-0.001253876,-0.004221785,0.01436367469517654,0.9203980099502487,67,True
0--30s,train2000_2018_test2019_2021,2000-2018,2019-2021,6,9,7.5,-3,-0.007696521537771152,-0.007696521537771152,-0.0036153344402482697,0.0008809212502166716,-0.02035515142328186,-0.00265723,0.0024151658,-0.025619095,0.012781787175789115,0.8266666666666667,50,True
0--30s,train2000_2018_test2019_2021,2000-2018,2019-2021,6,9,7.5,-2,0.0008038844925363012,0.0008038844925363012,0.0013665306928323556,0.003267567223133309,-0.0022224444383567607,0.0015896715,0.005525545,-0.0025136457,0.0142459094461401,0.8383838383838383,33,True
0--30s,train2000_2018_test2019_2021,2000-2018,2019-2021,6,9,7.5,-1,-0.0007717829206742412,-0.0007717829206742412,-0.0024474889535880517,0.0057997702649958734,-0.005667630073430546,-0.001661674,0.008825622,-0.006903644,0.01576645680723635,0.9135802469135803,27,True
0--30s,train2000_2018_test2019_2021,2000-2018,2019-2021,6,9,7.5,0,0.0017658932059863729,0.0017658932059863729,-0.0028566582121674127,0.0010337278966049315,0.007120609933521599,-0.0020104793,0.00261431,0.009391662,0.01184057849616828,0.8985507246376813,23,True
0--30s,train2000_2018_test2019_2021,2000-2018,2019-2021,6,9,7.5,1,-0.0003429605092160383,-0.0003429605092160383,-0.009415714810850951,0.009028479271177168,-0.0006416459879743309,-0.007601892,0.013033412,-0.00049932674,0.008882417754057095,0.8666666666666666,20,True
0--30s,train2000_2018_test2019_2021,2000-2018,2019-2021,6,9,7.5,2,-0.007070691318025246,-0.007070691318025246,-0.014057186943171804,0.0013919351861222454,-0.008546822197026181,-0.011558618,0.003081141,-0.010572431,0.0030038414488233966,0.75,16,True
0--30s,train2000_2018_test2019_2021,2000-2018,2019-2021,6,9,7.5,3,-0.007697480379559761,-0.007697480379559761,-0.011888006149470467,-0.00275026350068601,-0.008454171488522807,-0.009709451,-0.0023171501,-0.010454371,0.002989393005990016,0.9814814814814815,18,True
0--30s,train2000_2018_test2019_2021,2000-2018,2019-2021,6,9,7.5,4,-0.005971976705866945,-0.005971976705866945,-0.014091570393507368,-0.0011218104871999904,-0.002702549236893474,-0.011587929,-0.00019488018,-0.0031254152,,1.0,1,False
0--30s,train2000_2018_test2019_2021,2000-2018,2019-2021,6,9,7.5,5,-0.004627441312046204,-0.004627441312046204,-0.005820516218389827,-0.0029838937206602134,-0.005077913997088573,-0.004537086,-0.002621627,-0.0061522033,0.0009051328619607662,1.0,2,False
0--30s,train2000_2018_test2019_2021,2000-2018,2019-2021,6,9,7.5,7,-0.0037863027888390423,-0.0037863027888390423,-0.01830690364623025,0.000638015365020707,0.006309979914692417,-0.015181383,0.0020986004,0.0083587235,,0.6666666666666666,1,False
0--30s,train2000_2018_test2019_2021,2000-2018,2019-2021,6,9,7.5,8,-0.006818072814660775,-0.006818072814660775,-0.011504819052646194,-0.006319862530740351,-0.002629536860595783,-0.009382796,-0.0069692046,-0.0030323798,0.005458153333748329,1.0,2,False
0--30s,train2000_2018_test2019_2021,2000-2018,2019-2021,6,9,7.5,9,-0.008277170438796414,-0.008277170438796414,-0.010164148128887027,-0.007682317515078441,-0.006985045672423773,-0.008239911,-0.008744814,-0.00858235,,1.0,1,False
0--30s,train2000_2018_test2019_2021,2000-2018,2019-2021,6,9,7.5,10,-0.007417643754779242,-0.007417643754779242,-0.013108240121346287,-0.006306592692921198,-0.002838098450070241,-0.010749668,-0.006951911,-0.0032981378,0.003376226735515652,0.9333333333333332,5,False
0--30s,train2000_2018_test2019_2021,2000-2018,2019-2021,9,12,10.5,-10,0.001843249626481547,0.001843249626481547,0.0014905430677221898,0.00029070518255084715,0.0037485006291716034,0.0016953885,0.001645971,0.0050947806,0.011762868906613775,0.9259259259259259,27,True
0--30s,train2000_2018_test2019_2021,2000-2018,2019-2021,9,12,10.5,-9,-0.004262308660630004,-0.004262308660630004,-0.010532721337470819,-0.003245695720616664,0.0009914910761974702,-0.008554109,-0.0029628184,0.0015816843,0.010754687783907257,0.9206349206349206,21,True
0--30s,train2000_2018_test2019_2021,2000-2018,2019-2021,9,12,10.5,-8,-0.008583128578209096,-0.008583128578209096,-0.013106001719189408,-0.008951278059289487,-0.0036921059561483907,-0.010747759,-0.010398578,-0.0043863496,0.008267557076315404,0.9186991869918698,41,True
0--30s,train2000_2018_test2019_2021,2000-2018,2019-2021,9,12,10.5,-7,0.006513798284866095,0.006513798284866095,0.0074048198319099715,0.007620639418673531,0.00451593560401478,0.006737144,0.011198656,0.0060726777,0.012280793985788328,0.9473684210526315,38,True
0--30s,train2000_2018_test2019_2021,2000-2018,2019-2021,9,12,10.5,-6,-0.0011397772939693554,-0.0011397772939693554,0.0010023455773223396,0.0005633309275101698,-0.004985008386740575,0.0012792138,0.0020012683,-0.006033819,0.014045879936562337,0.8916666666666666,40,True
0--30s,train2000_2018_test2019_2021,2000-2018,2019-2021,9,12,10.5,-5,-0.0052512264231321945,-0.0052512264231321945,-0.008307486224570598,0.005270258720802738,-0.012716451765628725,-0.0066571585,0.008135539,-0.015885545,0.013643602889696757,0.847953216374269,57,True
0--30s,train2000_2018_test2019_2021,2000-2018,2019-2021,9,12,10.5,-4,-0.005893897564772072,-0.005893897564772072,-0.009429658194283973,-0.00103398353321444,-0.007218050966817806,-0.0076137786,-8.042032e-05,-0.008879255,0.016809584352069386,0.875,48,True
0--30s,train2000_2018_test2019_2021,2000-2018,2019-2021,9,12,10.5,-3,-0.011291711727574517,-0.011291711727574517,-0.011445571354488796,-0.0008984629327196686,-0.021531100895515087,-0.009332288,9.619594e-05,-0.027117535,0.013242859279877854,0.8606060606060606,55,True
0--30s,train2000_2018_test2019_2021,2000-2018,2019-2021,9,12,10.5,-2,0.00024826358335694747,0.00024826358335694747,0.0050762463795109534,0.004320277183236702,-0.008651732812676812,0.004752101,0.0068974816,-0.010706113,0.012514961324046172,0.8266666666666667,25,True
0--30s,train2000_2018_test2019_2021,2000-2018,2019-2021,9,12,10.5,-1,0.001230017017791424,0.001230017017791424,-0.0018549045065545814,0.009287926231492438,-0.003742970671563586,-0.0011565123,0.013371535,-0.0044511636,0.013510743482880656,0.8602150537634409,31,True
0--30s,train2000_2018_test2019_2021,2000-2018,2019-2021,9,12,10.5,0,-0.0021291750467685544,-0.0021291750467685544,-0.01054710366507065,0.0002288408676209911,0.003930737657143996,-0.008566369,0.0015653466,0.005326994,0.011905149280664721,0.8666666666666667,15,True
0--30s,train2000_2018_test2019_2021,2000-2018,2019-2021,9,12,10.5,1,0.0037723852480682695,0.0037723852480682695,-0.00015153436886788048,0.011205782653492327,0.0002629074595803606,0.00029556328,0.015870968,0.0006532928,0.008883959255896778,0.888888888888889,21,True
0--30s,train2000_2018_test2019_2021,2000-2018,2019-2021,9,12,10.5,2,-0.006131151360058217,-0.006131151360058217,-0.01414604729204589,0.0027978085750610285,-0.007045215363189793,-0.011634368,0.0049133357,-0.008659021,0.005246445694523379,0.7222222222222222,18,True
0--30s,train2000_2018_test2019_2021,2000-2018,2019-2021,9,12,10.5,3,-0.00821603062246672,-0.00821603062246672,-0.014192882924282939,-0.0026467468746752686,-0.007808462068441952,-0.011674295,-0.0021822427,-0.009631581,0.0028057224693779333,0.9487179487179488,26,True
0--30s,train2000_2018_test2019_2021,2000-2018,2019-2021,9,12,10.5,4,-0.003714756339354498,-0.003714756339354498,-0.007503035760523068,0.0005646268182049936,-0.00420586007574542,-0.005971387,0.0020029573,-0.0050409962,0.001222017171880239,0.6666666666666666,2,False
0--30s,train2000_2018_test2019_2021,2000-2018,2019-2021,9,12,10.5,5,-0.005047406677663914,-0.005047406677663914,-0.011046817603087166,-0.0020211639175906878,-0.0020742385123138866,-0.008992362,-0.0013669562,-0.0023247956,0.0012698181193707817,1.0,2,False
0--30s,train2000_2018_test2019_2021,2000-2018,2019-2021,9,12,10.5,6,-0.007717646166491911,-0.007717646166491911,-0.010654264870092361,-0.0054769536655178445,-0.007021719963865527,-0.008657722,-0.0058706896,-0.008629082,,1.0,1,False
0--30s,train2000_2018_test2019_2021,2000-2018,2019-2021,9,12,10.5,8,-0.008407594586733494,-0.008407594586733494,-0.016338102246339428,-0.005269044889988172,-0.003615636623872878,-0.013503035,-0.0055997344,-0.004288909,0.0018465247257193583,1.0,5,False
0--30s,train2000_2018_test2019_2021,2000-2018,2019-2021,9,12,10.5,9,-0.007965591679969639,-0.007965591679969639,-0.013577332769936765,-0.005895904352736605,-0.004423537917235548,-0.011149555,-0.0064166845,-0.00531837,0.004774348574428472,0.9523809523809524,7,False
0--30s,train2000_2018_test2019_2021,2000-2018,2019-2021,9,12,10.5,10,-0.006170714042884454,-0.006170714042884454,-0.011283226476370244,-0.005557300103449776,-0.0016716155488333394,-0.009193894,-0.0059754006,-0.0018117568,0.0022045615424967032,0.9166666666666666,4,False
0--30s,train2000_2018_test2019_2021,2000-2018,2019-2021,12,15,13.5,-10,0.0030120680150938035,0.0030120680150938035,0.004695204153785842,0.0015431481363269483,0.00279785175516862,0.004427273,0.0032782082,0.003883424,0.009758878214233813,0.9666666666666666,20,True
0--30s,train2000_2018_test2019_2021,2000-2018,2019-2021,12,15,13.5,-9,-0.005596787167459902,-0.005596787167459902,-0.013390461134283216,-0.0030459514717943313,-0.0003539488963021551,-0.010990254,-0.0027025032,-0.00013273116,0.010466919567420813,0.9305555555555555,24,True
0--30s,train2000_2018_test2019_2021,2000-2018,2019-2021,12,15,13.5,-8,-0.0069220813184650894,-0.0069220813184650894,-0.009665344596010988,-0.0074184453507529806,-0.0036824540086313013,-0.007814695,-0.008400925,-0.0043740505,0.009206374429509697,0.8738738738738739,37,True
0--30s,train2000_2018_test2019_2021,2000-2018,2019-2021,12,15,13.5,-7,0.007414790172534568,0.007414790172534568,0.005219567434308933,0.007635311821883666,0.009389491261411108,0.004874278,0.011217777,0.012282765,0.013637064471194695,0.8888888888888888,36,True
0--30s,train2000_2018_test2019_2021,2000-2018,2019-2021,12,15,13.5,-6,0.009066773122075687,0.009066773122075687,0.012700917834485334,0.006733280196745774,0.00776612133499595,0.011251921,0.010042211,0.010214199,0.011775405909892357,0.9583333333333334,32,True
0--30s,train2000_2018_test2019_2021,2000-2018,2019-2021,12,15,13.5,-5,-0.0010379988832534732,-0.0010379988832534732,-0.00619382494282735,0.005455295820587255,-0.0023754675275203256,-0.004855321,0.008376687,-0.0027086341,0.01372105251393026,0.9404761904761905,28,True
0--30s,train2000_2018_test2019_2021,2000-2018,2019-2021,12,15,13.5,-4,-0.00844731254717752,-0.00844731254717752,-0.012325184443562877,-0.003422273869589184,-0.0095944793283805,-0.010082134,-0.0031929428,-0.011907399,0.013541988990453682,0.8571428571428571,42,True
0--30s,train2000_2018_test2019_2021,2000-2018,2019-2021,12,15,13.5,-3,-0.009943254532518578,-0.009943254532518578,-0.00998432711324893,-0.0010093493662015852,-0.018836087118105225,-0.008086619,-4.8316022e-05,-0.023683438,0.014731433872369323,0.888888888888889,30,True
0--30s,train2000_2018_test2019_2021,2000-2018,2019-2021,12,15,13.5,-2,7.559881269109261e-05,7.559881269109261e-05,0.001997689496637383,0.004871888687312593,-0.006642781745876699,0.0021277168,0.007616366,-0.008146223,0.01579426190899843,0.8974358974358974,13,True
0--30s,train2000_2018_test2019_2021,2000-2018,2019-2021,12,15,13.5,-1,0.0019065751776857764,0.0019065751776857764,0.0012585360363582692,0.008699947869250196,-0.0042387583725511345,0.0014976091,0.012605257,-0.0050829165,0.012149018035688517,0.8533333333333333,25,True
0--30s,train2000_2018_test2019_2021,2000-2018,2019-2021,12,15,13.5,0,0.0024649581554775546,0.0024649581554775546,-0.003800806044838692,0.004833283643327878,0.006362396867943479,-0.002815339,0.0075660534,0.008425515,0.010558559023288018,0.8771929824561404,19,True
0--30s,train2000_2018_test2019_2021,2000-2018,2019-2021,12,15,13.5,1,-8.158300493297935e-05,-8.158300493297935e-05,-0.006905524457106054,0.008290418568116771,-0.001629643125809655,-0.0054620253,0.012071541,-0.0017582737,0.007526254327969637,0.875,16,True
0--30s,train2000_2018_test2019_2021,2000-2018,2019-2021,12,15,13.5,2,-0.007116680888110636,-0.007116680888110636,-0.016396618482217698,0.0024293090281431807,-0.007382733210257386,-0.013552918,0.0044330913,-0.0090891,0.004581198832939824,0.7192982456140351,19,True
0--30s,train2000_2018_test2019_2021,2000-2018,2019-2021,12,15,13.5,3,-0.008444438482973209,-0.008444438482973209,-0.014680324884612725,-0.002199456497889872,-0.00845353406641703,-0.012089826,-0.0015993146,-0.0104535585,0.002572213335564542,1.0,24,True
0--30s,train2000_2018_test2019_2021,2000-2018,2019-2021,12,15,13.5,4,-0.0028679161559625227,-0.0028679161559625227,-0.00888270009794604,0.002602288499237914,-0.002323336869179442,-0.0071475124,0.0046585253,-0.002642207,0.004146215045913886,0.6666666666666666,7,False
0--30s,train2000_2018_test2019_2021,2000-2018,2019-2021,12,15,13.5,5,-0.007425340486589171,-0.007425340486589171,-0.0138644180357493,-0.0020187781609541655,-0.006392825263064051,-0.011394288,-0.0013638469,-0.007827718,0.0006900305901775341,1.0,2,False
0--30s,train2000_2018_test2019_2021,2000-2018,2019-2021,12,15,13.5,6,-0.006497761617358427,-0.006497761617358427,-0.013870073615492634,-0.003222884220834051,-0.002400327015748595,-0.011399109,-0.0029330896,-0.002740311,0.001476481076183045,0.9166666666666666,4,False
0--30s,train2000_2018_test2019_2021,2000-2018,2019-2021,12,15,13.5,7,-0.006389865813619832,-0.006389865813619832,-0.015244585428658206,-0.004597270132212745,0.0006722581200114563,-0.012570842,-0.0047242483,0.0011749044,,0.6666666666666666,1,False
0--30s,train2000_2018_test2019_2021,2000-2018,2019-2021,12,15,13.5,8,-0.0060360672737192625,-0.0060360672737192625,-0.008724381426192753,-0.005777015771924834,-0.0036068046230401996,-0.00701255,-0.0062617436,-0.004277655,0.0031595379698711387,0.8888888888888888,3,False
0--30s,train2000_2018_test2019_2021,2000-2018,2019-2021,12,15,13.5,9,-0.005808327778490458,-0.005808327778490458,-0.01131650202174949,-0.005065591920821435,-0.0010428893929004513,-0.009222261,-0.0053345854,-0.0010106078,0.0020951747109730625,0.8888888888888888,6,False
0--30s,train2000_2018_test2019_2021,2000-2018,2019-2021,12,15,13.5,10,-0.006303676082829961,-0.006303676082829961,-0.010793827846578449,-0.0035542730353021945,-0.004562927366609242,-0.0087766955,-0.0033649697,-0.005495986,0.0065076976341611826,1.0,2,False
0--30s,train2000_2018_test2019_2021,2000-2018,2019-2021,15,18,16.5,-10,-0.0009631305845917838,-0.0009631305845917838,-0.0036128945068905002,-0.00210090754163423,0.002824410294749379,-0.00265515,-0.0014708814,0.003917266,0.010198902474742299,0.9545454545454546,22,True
0--30s,train2000_2018_test2019_2021,2000-2018,2019-2021,15,18,16.5,-9,0.0015575234338198183,0.0015575234338198183,0.0014029702458603181,-0.00046982116854565897,0.003739421224144795,0.001620735,0.0006548203,0.0050832108,0.011275078906461072,0.9583333333333334,24,True
0--30s,train2000_2018_test2019_2021,2000-2018,2019-2021,15,18,16.5,-8,-0.007255698924152563,-0.007255698924152563,-0.010701255250767094,-0.006620045212918098,-0.004445796308772496,-0.00869778,-0.0073604155,-0.005346733,0.008109561186172313,0.8888888888888888,33,True
0--30s,train2000_2018_test2019_2021,2000-2018,2019-2021,15,18,16.5,-7,0.011141661176484102,0.011141661176484102,0.014371348728549477,0.009695247334457723,0.009358387466445106,0.012675917,0.013902374,0.012243131,0.013345824056022665,0.9,40,True
0--30s,train2000_2018_test2019_2021,2000-2018,2019-2021,15,18,16.5,-6,0.005995422074830136,0.005995422074830136,0.007605764617003481,0.003740577829482612,0.0066399237780043145,0.0069084447,0.006141993,0.008779152,0.012109881887145901,0.8787878787878788,33,True
0--30s,train2000_2018_test2019_2021,2000-2018,2019-2021,15,18,16.5,-5,-0.004128791031663461,-0.004128791031663461,-0.010946409687510046,0.003388844477117699,-0.0048288078845980355,-0.008906767,0.005683599,-0.005834782,0.012588068261632664,0.937984496124031,43,True
0--30s,train2000_2018_test2019_2021,2000-2018,2019-2021,15,18,16.5,-4,-0.005942355869460696,-0.005942355869460696,-0.008750717252962692,-0.002287477472633291,-0.006788872882786107,-0.0070350007,-0.0017140274,-0.008332378,0.01713089642565501,0.927927927927928,37,True
0--30s,train2000_2018_test2019_2021,2000-2018,2019-2021,15,18,16.5,-3,-0.0127426232601343,-0.0127426232601343,-0.015708566747251563,-0.0016265024336189658,-0.020892800599532364,-0.012966374,-0.0008526164,-0.02630419,0.01482966261448107,0.8777777777777778,30,True
0--30s,train2000_2018_test2019_2021,2000-2018,2019-2021,15,18,16.5,-2,0.0009206654491933698,0.0009206654491933698,0.005415402300631926,0.005067429645028051,-0.007720835598079869,0.005041221,0.007871203,-0.0095199235,0.017150824575927474,0.8666666666666667,25,True
0--30s,train2000_2018_test2019_2021,2000-2018,2019-2021,15,18,16.5,-1,0.004662835007452377,0.004662835007452377,0.006082053314195423,0.012196809391343919,-0.004290357683182208,0.0056095235,0.017162517,-0.005148667,0.011176549832804753,0.8271604938271605,27,True
0--30s,train2000_2018_test2019_2021,2000-2018,2019-2021,15,18,16.5,0,0.0018405361782612801,0.0018405361782612801,-0.00432020867727137,0.006173588247824351,0.00366822896423086,-0.0032581154,0.009312796,0.004992495,0.015661343903559798,0.9230769230769231,13,True
0--30s,train2000_2018_test2019_2021,2000-2018,2019-2021,15,18,16.5,1,0.002465266045150268,0.002465266045150268,-8.104426186761327e-06,0.00827686160419064,-0.0008729590425530764,0.00041783333,0.012053872,-0.00079407543,0.007768392230876839,0.8518518518518517,18,True
0--30s,train2000_2018_test2019_2021,2000-2018,2019-2021,15,18,16.5,2,-0.006976847460805079,-0.006976847460805079,-0.01542019175173191,0.0025507240978389885,-0.008061074728522313,-0.012720542,0.0045913244,-0.009953471,0.004539832733182453,0.7407407407407407,18,True
0--30s,train2000_2018_test2019_2021,2000-2018,2019-2021,15,18,16.5,3,-0.008293051071275412,-0.008293051071275412,-0.014691244347792384,-0.002328037358599432,-0.007859871507434418,-0.012099134,-0.0017668868,-0.009697089,0.003097883198146983,0.9666666666666666,20,True
0--30s,train2000_2018_test2019_2021,2000-2018,2019-2021,15,18,16.5,4,-0.003229282868789165,-0.003229282868789165,-0.008341686741686996,0.001790256855024739,-0.0031364187197052383,-0.0066863135,0.003600251,-0.0036782697,0.0025220412281676207,0.6666666666666666,6,False
0--30s,train2000_2018_test2019_2021,2000-2018,2019-2021,15,18,16.5,5,-0.004410121921904117,-0.004410121921904117,-0.007397908323031023,-0.0017980878367853624,-0.004034369605895966,-0.0058817687,-0.0010762338,-0.0048224763,0.002324690940163979,0.8571428571428571,7,False
0--30s,train2000_2018_test2019_2021,2000-2018,2019-2021,15,18,16.5,6,-0.005207906769383009,-0.005207906769383009,-0.011333580377675383,-0.0033304084805341233,-0.0009597314499395194,-0.009236819,-0.00307322,-0.0009046445,0.0019445212756547614,0.8333333333333333,8,False
0--30s,train2000_2018_test2019_2021,2000-2018,2019-2021,15,18,16.5,7,-0.0056661713717517485,-0.0056661713717517485,-0.01063222940366527,-0.003887024033318433,-0.0024792606782715406,-0.008638937,-0.0037986252,-0.0028408915,0.0028106921711446397,1.0,3,False
0--30s,train2000_2018_test2019_2021,2000-2018,2019-2021,15,18,16.5,8,-0.005628615099478511,-0.005628615099478511,-0.010048732459518237,-0.005209125774170758,-0.0016279870647465374,-0.008141522,-0.0055216453,-0.0017561634,0.0037809087986531748,0.8888888888888888,3,False
0--30s,train2000_2018_test2019_2021,2000-2018,2019-2021,15,18,16.5,9,-0.007095154859558456,-0.007095154859558456,-0.013490001923340272,-0.00591686141535529,-0.001878601239979811,-0.011075109,-0.006443996,-0.0020755064,0.003072830253856886,0.8888888888888888,3,False
0--30s,train2000_2018_test2019_2021,2000-2018,2019-2021,15,18,16.5,10,-0.0063930078550168525,-0.0063930078550168525,-0.010765956766137124,-0.005126388219957321,-0.0032866785789561113,-0.0087529365,-0.0054138177,-0.003869737,0.0028094257773951243,0.9333333333333332,5,False
0--30s,train2000_2018_test2019_2021,2000-2018,2019-2021,18,21,19.5,-10,0.0030384130065697255,0.0030384130065697255,0.0029398826932914043,0.0012153104848047352,0.0049600458416130385,0.0029309106,0.002850956,0.0066385814,0.010438864559427732,0.8333333333333333,28,True
0--30s,train2000_2018_test2019_2021,2000-2018,2019-2021,18,21,19.5,-9,0.0025856663363071236,0.0025856663363071236,0.002615688322299875,0.0003705449686107964,0.004770765718010698,0.0026545436,0.0017500215,0.006397393,0.012369052725657016,0.9012345679012346,27,True
0--30s,train2000_2018_test2019_2021,2000-2018,2019-2021,18,21,19.5,-8,0.0011000485051773498,0.0011000485051773498,0.005870840065815024,-0.0037800070824769495,0.0012093125321939742,0.00542947,-0.003659156,0.0018592414,0.01010087202336975,0.8266666666666665,25,True
0--30s,train2000_2018_test2019_2021,2000-2018,2019-2021,18,21,19.5,-7,0.012730787486066274,0.012730787486066274,0.01961689569872033,0.008645853402313323,0.00992961335716517,0.017147599,0.012534758,0.01297101,0.012514514098016601,0.8717948717948718,26,True
0--30s,train2000_2018_test2019_2021,2000-2018,2019-2021,18,21,19.5,-6,0.009574472929140002,0.009574472929140002,0.01477172788112719,0.00455594266095295,0.009395748245339865,0.013017228,0.007204612,0.012290737,0.01185856091887992,0.8768115942028986,46,True
0--30s,train2000_2018_test2019_2021,2000-2018,2019-2021,18,21,19.5,-5,0.0036070144261872656,0.0036070144261872656,0.007516481574633476,0.006747037995171296,-0.003442476291242976,0.0068323333,0.01006014,-0.004068261,0.011316788231033522,0.8271604938271605,27,True
0--30s,train2000_2018_test2019_2021,2000-2018,2019-2021,18,21,19.5,-4,-0.008319904449808792,-0.008319904449808792,-0.011448018784356907,-0.007051308970638107,-0.006460385594431367,-0.009334374,-0.007922457,-0.0079138065,0.014923900856175952,0.9242424242424242,22,True
0--30s,train2000_2018_test2019_2021,2000-2018,2019-2021,18,21,19.5,-3,-0.009948040302555835,-0.009948040302555835,-0.009147744579984548,-0.0013953820339718467,-0.01930099429371111,-0.007373455,-0.00055141037,-0.024275841,0.013404702565349256,0.8030303030303031,22,True
0--30s,train2000_2018_test2019_2021,2000-2018,2019-2021,18,21,19.5,-2,-0.005937144071493889,-0.005937144071493889,-0.010244743212875138,-0.002011811694405975,-0.005554877307200551,-0.008308616,-0.0013547679,-0.00675997,0.01275713378062929,0.9166666666666666,16,True
0--30s,train2000_2018_test2019_2021,2000-2018,2019-2021,18,21,19.5,-1,0.0021250493332151087,0.0021250493332151087,0.00171440745698606,0.005381510557954364,-0.0007207700152950984,0.0018862267,0.008280527,-0.00060014986,0.013045071373726602,0.9166666666666666,16,True
0--30s,train2000_2018_test2019_2021,2000-2018,2019-2021,18,21,19.5,0,-0.0010401079929550023,-0.0010401079929550023,-0.0066596426174868155,-5.714559620921826e-05,0.003596464234831028,-0.0052524176,0.0011926368,0.004901049,0.010591418780004124,0.875,16,True
0--30s,train2000_2018_test2019_2021,2000-2018,2019-2021,18,21,19.5,1,0.0008757731361740887,0.0008757731361740887,-0.00286704398325915,0.008101096918880071,-0.002606733527098654,-0.002019333,0.011824809,-0.0030033228,0.007769361794727963,0.8571428571428571,21,True
0--30s,train2000_2018_test2019_2021,2000-2018,2019-2021,18,21,19.5,2,-0.0074699777457097665,-0.0074699777457097665,-0.019259293075066002,0.002454932480421448,-0.005605572642484746,-0.01599327,0.0044664848,-0.006824568,0.003998950406968379,0.6666666666666666,11,True
0--30s,train2000_2018_test2019_2021,2000-2018,2019-2021,18,21,19.5,3,-0.008152096347372802,-0.008152096347372802,-0.013833479018144907,-0.003801643262730081,-0.006821166761243418,-0.011367913,-0.0036873533,-0.008373529,0.0028437168506352077,0.9855072463768116,23,True
0--30s,train2000_2018_test2019_2021,2000-2018,2019-2021,18,21,19.5,4,-0.002345482091995771,-0.002345482091995771,-0.002892223560129539,2.1848138791076686e-05,-0.004166070854648852,-0.002040798,0.0012955848,-0.004990295,0.0018231436100264774,0.7333333333333333,15,True
0--30s,train2000_2018_test2019_2021,2000-2018,2019-2021,18,21,19.5,5,-0.0048932500860636614,-0.0048932500860636614,-0.007060257494527531,-0.003408438524568348,-0.0042110542390951045,-0.005593931,-0.003174912,-0.0050476147,0.0017493418774481677,0.9583333333333333,8,False
0--30s,train2000_2018_test2019_2021,2000-2018,2019-2021,18,21,19.5,6,-0.004543042011744349,-0.004543042011744349,-0.007054395774406001,-0.005519775353051889,-0.0010549549077751583,-0.005588934,-0.005926497,-0.0010259821,0.0019087708999572016,0.7916666666666666,8,False
0--30s,train2000_2018_test2019_2021,2000-2018,2019-2021,18,21,19.5,7,-0.007017681146611955,-0.007017681146611955,-0.011761109240198445,-0.006414943079366124,-0.0028769911202712922,-0.009601275,-0.0070931176,-0.0033476963,0.002219677469110282,0.9166666666666666,4,False
0--30s,train2000_2018_test2019_2021,2000-2018,2019-2021,18,21,19.5,8,-0.006756405465333101,-0.006756405465333101,-0.009461295427798047,-0.0074895984974832144,-0.00331832247071804,-0.0076407488,-0.008493654,-0.003910059,0.0008606148870442394,1.0,6,False
0--30s,train2000_2018_test2019_2021,2000-2018,2019-2021,18,21,19.5,9,-0.006314219918035452,-0.006314219918035452,-0.007854960635295413,-0.007724381152291651,-0.0033633179665192915,-0.006271393,-0.008799633,-0.003967394,0.003261022847568484,0.9333333333333332,5,False
0--30s,train2000_2018_test2019_2021,2000-2018,2019-2021,18,21,19.5,10,-0.006337665024800183,-0.006337665024800183,-0.009471680537426308,-0.007116324712544931,-0.00242498982442931,-0.0076496014,-0.008007188,-0.0027717375,0.002090511808682274,0.9166666666666666,8,False
0--30s,train2000_2018_test2019_2021,2000-2018,2019-2021,21,24,22.5,-10,0.008907288391675415,0.008907288391675415,0.012343684109002695,0.005894774152265756,0.008483406913757794,0.0109473895,0.008949434,0.011128195,0.011311360906090657,0.880952380952381,28,True
0--30s,train2000_2018_test2019_2021,2000-2018,2019-2021,21,24,22.5,-9,0.00602614923430667,0.00602614923430667,0.005742685946129363,0.005295820279121339,0.00703994147766931,0.0053202217,0.008168852,0.009288871,0.014930798055975693,0.9230769230769231,26,True
0--30s,train2000_2018_test2019_2021,2000-2018,2019-2021,21,24,22.5,-8,0.0008769764760875911,0.0008769764760875911,0.0025625525324523917,-0.00011340048711457648,0.00018177738292495804,0.0026092466,0.001119323,0.0005499135,0.011206378018736399,0.8933333333333333,25,True
0--30s,train2000_2018_test2019_2021,2000-2018,2019-2021,21,24,22.5,-7,0.012418118295681756,0.012418118295681756,0.01636686320842211,0.010779349371017988,0.010108142307605168,0.014377037,0.015315222,0.0131985,0.01279894144404758,0.8777777777777778,30,True
0--30s,train2000_2018_test2019_2021,2000-2018,2019-2021,21,24,22.5,-6,0.004492542116373578,0.004492542116373578,0.006586488696935219,0.0014469110244966288,0.005444226627688884,0.00603954,0.003152788,0.007255545,0.013131337396394905,0.8686868686868687,33,True
0--30s,train2000_2018_test2019_2021,2000-2018,2019-2021,21,24,22.5,-5,0.0005886895644164565,0.0005886895644164565,-0.000522288543238239,0.0047818387468181916,-0.002493481510330583,-2.0494312e-05,0.0074990084,-0.0028590125,0.012517956682759731,0.9,20,True
0--30s,train2000_2018_test2019_2021,2000-2018,2019-2021,21,24,22.5,-4,-0.0025716611204517734,-0.0025716611204517734,0.00033942614357521843,-0.0033011727824716,-0.004753236722458937,0.00071409345,-0.0030351186,-0.005738486,0.010270694841224792,0.7878787878787878,22,True
0--30s,train2000_2018_test2019_2021,2000-2018,2019-2021,21,24,22.5,-3,-0.007579104929598261,-0.007579104929598261,-0.005642937007571162,-0.0007157455775512621,-0.01637863220367236,-0.0043857046,0.00033432103,-0.020552048,0.011511803121408709,0.8253968253968254,21,True
0--30s,train2000_2018_test2019_2021,2000-2018,2019-2021,21,24,22.5,-2,-0.005470326323105109,-0.005470326323105109,-0.007691135213516697,-0.0016473005240630466,-0.007072543231735583,-0.006131736,-0.00087972137,-0.008693843,0.010158456141288102,0.8,25,True
0--30s,train2000_2018_test2019_2021,2000-2018,2019-2021,21,24,22.5,-1,-0.004207174097620385,-0.004207174097620385,-0.006371299932721022,0.0013556386614267334,-0.007605861021566866,-0.0050066137,0.0030338378,-0.009373419,0.012531623671508257,0.9215686274509803,17,True
0--30s,train2000_2018_test2019_2021,2000-2018,2019-2021,21,24,22.5,0,-0.0036488269281430533,-0.0036488269281430533,-0.008745820159691225,-0.003529100447130429,0.0013284398223924957,-0.007030826,-0.003332164,0.0020110384,0.010432285660843983,0.9473684210526315,19,True
0--30s,train2000_2018_test2019_2021,2000-2018,2019-2021,21,24,22.5,1,-0.0026969701563037897,-0.0026969701563037897,-0.008682161572091672,0.00307959591982189,-0.002488344816641587,-0.006976559,0.005280573,-0.0028524671,0.005463558025476166,0.8571428571428571,14,True
0--30s,train2000_2018_test2019_2021,2000-2018,2019-2021,21,24,22.5,2,-0.008603467089255133,-0.008603467089255133,-0.016479410828439775,-0.0022170945403289307,-0.0071138958989966925,-0.013623496,-0.0016223013,-0.008746536,0.004261717072081347,0.9876543209876544,27,True
0--30s,train2000_2018_test2019_2021,2000-2018,2019-2021,21,24,22.5,3,-0.008912414971032043,-0.008912414971032043,-0.012589366549295083,-0.006047118272781828,-0.00810076009101922,-0.010307342,-0.006613753,-0.01000404,0.00265715399888577,0.9777777777777777,30,True
0--30s,train2000_2018_test2019_2021,2000-2018,2019-2021,21,24,22.5,4,-0.0034322157741553364,-0.0034322157741553364,-0.0038643528692547694,-0.002303709069232617,-0.004128585383978623,-0.0028695113,-0.0017351811,-0.0049425294,0.002818881307699628,0.7878787878787878,11,True
0--30s,train2000_2018_test2019_2021,2000-2018,2019-2021,21,24,22.5,5,-0.0061066601553546405,-0.0061066601553546405,-0.009766535841111215,-0.00489220121227159,-0.0036612434126811165,-0.007900958,-0.0051086154,-0.004347023,0.0022090530472562058,0.9583333333333333,8,False
0--30s,train2000_2018_test2019_2021,2000-2018,2019-2021,21,24,22.5,6,-0.006683530213719961,-0.006683530213719961,-0.0108860884138858,-0.0068209563926484185,-0.002343545834625666,-0.008855345,-0.0076222518,-0.0026679581,0.002119376443594664,0.9,10,True
0--30s,train2000_2018_test2019_2021,2000-2018,2019-2021,21,24,22.5,7,-0.0077640861932311706,-0.0077640861932311706,-0.009831802793618878,-0.008897491509829339,-0.004562964276245293,-0.007956596,-0.010328481,-0.0054960335,0.0041841510252472805,1.0,4,False
0--30s,train2000_2018_test2019_2021,2000-2018,2019-2021,21,24,22.5,8,-0.006317176133304793,-0.006317176133304793,-0.00655732293060843,-0.008793437307609446,-0.0036007681616965054,-0.0051651928,-0.010192873,-0.004269963,0.002475029280302809,0.9166666666666666,8,False
0--30s,train2000_2018_test2019_2021,2000-2018,2019-2021,21,24,22.5,9,-0.006508981686655539,-0.006508981686655539,-0.008734181117176037,-0.009235713544116248,-0.0015570503986743359,-0.0070209038,-0.010769267,-0.001665773,0.0026792281361233536,0.8888888888888888,6,False
0--30s,train2000_2018_test2019_2021,2000-2018,2019-2021,21,24,22.5,10,-0.006819525613038818,-0.006819525613038818,-0.008185068178716809,-0.008821289048160099,-0.003452219612239547,-0.0065528005,-0.010229171,-0.0040806765,0.002411494365948945,0.888888888888889,15,True
0--30s,train2000_2018_test2019_2021,2000-2018,2019-2021,24,27,25.5,-10,0.009027042747944278,0.009027042747944278,0.010018864931258139,0.01040882473855636,0.0066534385740183374,0.008965545,0.014832339,0.008796372,0.013089912217719843,0.8611111111111112,24,True
0--30s,train2000_2018_test2019_2021,2000-2018,2019-2021,24,27,25.5,-9,0.008512066330816099,0.008512066330816099,0.008359286560197457,0.009964831371049867,0.007212081061200975,0.0075508007,0.014253707,0.009508218,0.0135257557962377,0.8641975308641975,27,True
0--30s,train2000_2018_test2019_2021,2000-2018,2019-2021,24,27,25.5,-8,0.006025906751992798,0.006025906751992798,0.009551844610501277,0.006808872458069631,0.001717003187407488,0.008567424,0.010140726,0.002506162,0.009740170682431973,0.9066666666666667,25,True
0--30s,train2000_2018_test2019_2021,2000-2018,2019-2021,24,27,25.5,-7,0.012720279261935509,0.012720279261935509,0.015154358703863887,0.011782340342842588,0.011224138739100054,0.013343411,0.016622363,0.014620549,0.01436488737901074,0.8271604938271605,27,True
0--30s,train2000_2018_test2019_2021,2000-2018,2019-2021,24,27,25.5,-6,0.011834151210785328,0.011834151210785328,0.018525311389177134,0.00813473445914384,0.00884240778403501,0.016217053,0.011868646,0.011585648,0.011570852561806216,0.8958333333333334,32,True
0--30s,train2000_2018_test2019_2021,2000-2018,2019-2021,24,27,25.5,-5,-0.005566912180356757,-0.005566912180356757,-0.01256029896770738,0.0043334705161091076,-0.008473908089472,-0.010282562,0.006914676,-0.01047952,0.012128291169690152,0.8589743589743589,26,True
0--30s,train2000_2018_test2019_2021,2000-2018,2019-2021,24,27,25.5,-4,-0.011326899026451042,-0.011326899026451042,-0.016380667015366255,-0.004244872362986481,-0.013355157701000386,-0.01353932,-0.0042649885,-0.016699411,0.01161233752609996,0.8888888888888888,18,True
0--30s,train2000_2018_test2019_2021,2000-2018,2019-2021,24,27,25.5,-3,-0.006874286331678306,-0.006874286331678306,-0.010259217206382969,0.00369187439075459,-0.014055516179406539,-0.008320955,0.0060785203,-0.017591838,0.009116842227265701,0.7894736842105263,19,True
0--30s,train2000_2018_test2019_2021,2000-2018,2019-2021,24,27,25.5,-2,-0.010031793992538469,-0.010031793992538469,-0.014928514258305377,-0.00016311230129521112,-0.01500375541801482,-0.012301401,0.0010545364,-0.018800123,0.010972147241679338,0.8817204301075269,31,True
0--30s,train2000_2018_test2019_2021,2000-2018,2019-2021,24,27,25.5,-1,-0.0014281389270567619,-0.0014281389270567619,-0.0009662495774927301,0.004442394993367855,-0.007760562197045409,-0.0003989587,0.007056631,-0.0095705455,0.008378662278595628,0.8472222222222222,24,True
0--30s,train2000_2018_test2019_2021,2000-2018,2019-2021,24,27,25.5,0,-0.007608027801818171,-0.007608027801818171,-0.010955424223553287,-0.004516083714227947,-0.007352575467673279,-0.008914452,-0.0046184426,-0.009050672,0.008279095946015535,0.8461538461538461,13,True
0--30s,train2000_2018_test2019_2021,2000-2018,2019-2021,24,27,25.5,1,-0.0036723165446738925,-0.0036723165446738925,-0.007627904562869783,0.001247461167670744,-0.004636506238822639,-0.006077834,0.0028928563,-0.0055897436,0.006941988799891796,0.8666666666666667,15,True
0--30s,train2000_2018_test2019_2021,2000-2018,2019-2021,24,27,25.5,2,-0.008398892257025883,-0.008398892257025883,-0.01607071877035673,-0.002375333009782578,-0.006750624990938338,-0.013275098,-0.0018285245,-0.008283641,0.004543923143163,0.9583333333333334,16,True
0--30s,train2000_2018_test2019_2021,2000-2018,2019-2021,24,27,25.5,3,-0.007894301127825487,-0.007894301127825487,-0.010783889942410158,-0.006043417337225085,-0.006855596103841218,-0.008768224,-0.006608929,-0.0084174,0.0017896090540267856,1.0,22,True
0--30s,train2000_2018_test2019_2021,2000-2018,2019-2021,24,27,25.5,4,-0.0032707027686762476,-0.0032707027686762476,-0.006400571981565232,-0.002746258972460492,-0.0006652773520030186,-0.005031567,-0.0023119312,-0.0005294388,0.0028169739182266054,0.8611111111111112,12,True
0--30s,train2000_2018_test2019_2021,2000-2018,2019-2021,24,27,25.5,5,-0.002973456454000576,-0.002973456454000576,-0.004056721399577481,-0.005199334298303928,0.000335686335879681,-0.0030335,-0.0055088843,0.00074603065,0.0027039189783113348,0.8888888888888888,6,False
0--30s,train2000_2018_test2019_2021,2000-2018,2019-2021,24,27,25.5,6,-0.00457585711236558,-0.00457585711236558,-0.006407030749113487,-0.00613516171611281,-0.0011853788718704443,-0.0050370735,-0.0067284945,-0.0011921737,0.0029149810522811704,0.8461538461538461,13,True
0--30s,train2000_2018_test2019_2021,2000-2018,2019-2021,24,27,25.5,7,-0.005993591400449117,-0.005993591400449117,-0.006492909519782482,-0.008588242692029855,-0.002899621989535015,-0.0051102825,-0.009925455,-0.0033765335,0.002168194785889468,0.9666666666666666,10,True
0--30s,train2000_2018_test2019_2021,2000-2018,2019-2021,24,27,25.5,8,-0.005702136285269568,-0.005702136285269568,-0.007301013516436051,-0.00883668015406116,-0.0009687151853114955,-0.0057991687,-0.010249229,-0.00091609196,0.0026256863393556355,0.8148148148148148,9,False
0--30s,train2000_2018_test2019_2021,2000-2018,2019-2021,24,27,25.5,9,-0.00691343344902628,-0.00691343344902628,-0.009734651345496156,-0.008608766516988484,-0.0023968824845941985,-0.007873777,-0.009952202,-0.0027359219,0.002841525930413465,0.9090909090909091,11,True
0--30s,train2000_2018_test2019_2021,2000-2018,2019-2021,24,27,25.5,10,-0.005721664032294063,-0.005721664032294063,-0.006162127069861968,-0.008229642674138072,-0.0027732223528821476,-0.0048283,-0.009458112,-0.0032154697,0.003139544824890633,0.9090909090909091,11,True
0--30s,train2000_2018_test2019_2021,2000-2018,2019-2021,27,30,28.5,-10,0.015173397887005897,0.015173397887005897,0.017865934875506816,0.01584095778791502,0.011813300997595854,0.015654953,0.021911727,0.0153712835,0.011842748479653812,0.8985507246376813,23,True
0--30s,train2000_2018_test2019_2021,2000-2018,2019-2021,27,30,28.5,-9,0.013463612260297384,0.013463612260297384,0.013746393473977882,0.01479729070457911,0.01184715260233516,0.012143159,0.020551575,0.015414419,0.014192805582351442,0.896551724137931,29,True
0--30s,train2000_2018_test2019_2021,2000-2018,2019-2021,27,30,28.5,-8,0.003693484998734737,0.003693484998734737,0.003260679658882895,0.00409518065307155,0.0037245946842497657,0.0032043806,0.0066041267,0.0050643184,0.013434364797118669,0.9428571428571428,35,True
0--30s,train2000_2018_test2019_2021,2000-2018,2019-2021,27,30,28.5,-7,0.01776673176233052,0.01776673176233052,0.017346593756758743,0.014752522977654276,0.02120107855257854,0.015212229,0.020493232,0.027333578,0.015442077422825959,0.8378378378378378,37,True
0--30s,train2000_2018_test2019_2021,2000-2018,2019-2021,27,30,28.5,-6,0.015751035628060586,0.015751035628060586,0.020520618084709032,0.01215300496932799,0.014579483830144731,0.017917996,0.017105429,0.018896068,0.015122423721537007,0.8617886178861789,41,True
0--30s,train2000_2018_test2019_2021,2000-2018,2019-2021,27,30,28.5,-5,0.0010537694964206034,0.0010537694964206034,-0.005688934573094754,0.008955830355369034,-0.00010558729301246861,-0.004424916,0.012938734,0.0001837415,0.011733223978849265,0.8333333333333334,30,True
0--30s,train2000_2018_test2019_2021,2000-2018,2019-2021,27,30,28.5,-4,-0.009559313075380186,-0.009559313075380186,-0.014165358381919744,-0.004252343412138557,-0.010260237432082254,-0.011650831,-0.004274725,-0.012755736,0.01087369713920352,0.898989898989899,33,True
0--30s,train2000_2018_test2019_2021,2000-2018,2019-2021,27,30,28.5,-3,-0.006823316921076743,-0.006823316921076743,-0.009987464534015965,0.007456429571726708,-0.01793891580094097,-0.008089293,0.01098465,-0.022540227,0.01187797185574219,0.8198198198198198,37,True
0--30s,train2000_2018_test2019_2021,2000-2018,2019-2021,27,30,28.5,-2,-0.0037146384097631463,-0.0037146384097631463,-0.005505333713371379,0.008502609813485787,-0.014141191329403845,-0.004268402,0.012348077,-0.017701007,0.010086049171416148,0.8235294117647058,34,True
0--30s,train2000_2018_test2019_2021,2000-2018,2019-2021,27,30,28.5,-1,0.0010390843468323283,0.0010390843468323283,0.0014062126126359292,0.011227494811544224,-0.009516454383683167,0.0016234992,0.015899265,-0.011807975,0.007708443829767775,0.7751937984496124,43,True
0--30s,train2000_2018_test2019_2021,2000-2018,2019-2021,27,30,28.5,0,-0.006262653414353033,-0.006262653414353033,-0.005188819831761174,-0.005478635315249847,-0.008120505096048076,-0.0039985823,-0.0058728815,-0.0100291995,0.009796575868841872,0.8421052631578947,38,True
0--30s,train2000_2018_test2019_2021,2000-2018,2019-2021,27,30,28.5,1,-0.0024363097212539847,-0.0024363097212539847,-0.00571813142168596,0.002233200654262344,-0.003823998396338338,-0.0044498057,0.004177514,-0.0045544123,0.006817089945640856,0.8484848484848485,22,True
0--30s,train2000_2018_test2019_2021,2000-2018,2019-2021,27,30,28.5,2,-0.006574100919875767,-0.006574100919875767,-0.012991045977400945,-0.002861496442698168,-0.0038697603395281875,-0.010649762,-0.0024621137,-0.0046127243,0.003957935306237918,0.9358974358974359,26,True
0--30s,train2000_2018_test2019_2021,2000-2018,2019-2021,27,30,28.5,3,-0.00720970019422483,-0.00720970019422483,-0.010855693111852393,-0.006766541227277027,-0.00400686624354507,-0.0088294335,-0.0075513353,-0.00478743,0.002083462697965197,0.9555555555555556,30,True
0--30s,train2000_2018_test2019_2021,2000-2018,2019-2021,27,30,28.5,4,-0.0028329549605810465,-0.0028329549605810465,-0.006508760395091234,-0.0034525245651148124,0.0014624200784629081,-0.0051237945,-0.0032323669,0.0021817614,0.0035393518067599722,0.7619047619047619,28,True
0--30s,train2000_2018_test2019_2021,2000-2018,2019-2021,27,30,28.5,5,-0.0035967940499444955,-0.0035967940499444955,-0.004343178480070574,-0.005456724102392857,-0.0009904795673700566,-0.0032776967,-0.0058443253,-0.00094382494,0.002695087398412595,0.8333333333333334,12,True
0--30s,train2000_2018_test2019_2021,2000-2018,2019-2021,27,30,28.5,6,-0.005253419831292456,-0.005253419831292456,-0.006490011373155037,-0.007523288630326796,-0.0017469594903955366,-0.0051078117,-0.008537562,-0.0019077631,0.002702681114922633,0.9,10,True
0--30s,train2000_2018_test2019_2021,2000-2018,2019-2021,27,30,28.5,7,-0.006681727402908352,-0.006681727402908352,-0.009626404639789516,-0.00892923840980343,-0.0014895391591321096,-0.0077814995,-0.010369855,-0.0015797474,0.002502711989658442,0.9047619047619048,7,False
0--30s,train2000_2018_test2019_2021,2000-2018,2019-2021,27,30,28.5,8,-0.006310050561150912,-0.006310050561150912,-0.00711853141295006,-0.009532385228434755,-0.0022792350420679217,-0.0056436076,-0.011155902,-0.0025860106,0.002647453380230745,0.9166666666666666,8,False
0--30s,train2000_2018_test2019_2021,2000-2018,2019-2021,27,30,28.5,9,-0.007190387485579495,-0.007190387485579495,-0.009371953837379172,-0.00980446051337205,-0.002394748105987264,-0.007564587,-0.011510482,-0.0027332022,0.002443402280268929,0.9666666666666666,10,True
0--30s,train2000_2018_test2019_2021,2000-2018,2019-2021,27,30,28.5,10,-0.005540954965492461,-0.005540954965492461,-0.005260130377157487,-0.008805289745626861,-0.002557444773693033,-0.0040593725,-0.01020832,-0.002940517,0.001983514336668034,0.9166666666666666,12,True
0--30s,train2000_2021_test2022_2024,2000-2021,2022-2024,0,3,1.5,-10,0.00027454275561672556,0.00027454275561672556,0.004583174375784931,-0.005462000388398896,0.0017024542794641408,0.0038693403,-0.0069487616,0.002443917,0.0063774447921271255,0.7142857142857143,7,False
0--30s,train2000_2021_test2022_2024,2000-2021,2022-2024,0,3,1.5,-9,0.0004935086535895625,0.0004935086535895625,0.002364494597082116,-0.0032282511239312,0.0023442824876177713,0.002113514,-0.0036889636,0.0033293988,0.004867364149557815,0.8,20,True
0--30s,train2000_2021_test2022_2024,2000-2021,2022-2024,0,3,1.5,-8,-0.0027087473587236633,-0.0027087473587236633,-0.001043729455581121,-0.00993770774493663,0.002855195124346762,-0.00058369787,-0.013480338,0.004034267,0.0039144435498896365,0.7207207207207207,37,True
0--30s,train2000_2021_test2022_2024,2000-2021,2022-2024,0,3,1.5,-7,-0.0017344572972710149,-0.0017344572972710149,-0.0012137386692002718,-0.007001468099022853,0.0030118348764100805,-0.0007182403,-0.009195368,0.004250371,0.0047262038598398495,0.78,50,True
0--30s,train2000_2021_test2022_2024,2000-2021,2022-2024,0,3,1.5,-6,-0.004178102657329114,-0.004178102657329114,-0.007636922921254057,-0.007411087091595699,0.0025137020408624124,-0.0058014416,-0.009793141,0.0035631342,0.004792529111250281,0.7763157894736842,76,True
0--30s,train2000_2021_test2022_2024,2000-2021,2022-2024,0,3,1.5,-5,-0.0051732253018517745,-0.0051732253018517745,-0.004960197307212568,-0.009523925405968595,-0.0010355531923741594,-0.0036831254,-0.012876489,-0.001333506,0.0060726646385865736,0.8451178451178452,99,True
0--30s,train2000_2021_test2022_2024,2000-2021,2022-2024,0,3,1.5,-4,-0.013012220057424284,-0.013012220057424284,-0.017191341918838893,-0.014089207427583645,-0.007756110825850308,-0.01336265,-0.019538786,-0.010605354,0.006669980003575703,0.9489795918367347,98,True
0--30s,train2000_2021_test2022_2024,2000-2021,2022-2024,0,3,1.5,-3,-0.010021227954933027,-0.010021227954933027,-0.0120301282503703,-0.012906570269310661,-0.005126985345118119,-0.009278151,-0.017812915,-0.0069781467,0.007117644458205142,0.897196261682243,107,True
0--30s,train2000_2021_test2022_2024,2000-2021,2022-2024,0,3,1.5,-2,-0.01540971966950951,-0.01540971966950951,-0.015561739691179202,-0.018300367239064627,-0.0123670520782847,-0.01207301,-0.025684297,-0.016966721,0.007779149204095387,0.9296875,128,True
0--30s,train2000_2021_test2022_2024,2000-2021,2022-2024,0,3,1.5,-1,-0.04754582322192812,-0.04754582322192812,-0.06164121509783981,-0.045633862905541764,-0.0353623916624028,-0.048539538,-0.06557314,-0.04869166,0.019065573545981655,0.9966996699669968,101,True
0--30s,train2000_2021_test2022_2024,2000-2021,2022-2024,0,3,1.5,0,-0.027575451132699207,-0.027575451132699207,-0.02841291364727458,-0.03068160466678564,-0.023631835084037392,-0.022243217,-0.043752726,-0.032507893,0.0063168183452987,0.9831223628691983,237,True
0--30s,train2000_2021_test2022_2024,2000-2021,2022-2024,0,3,1.5,1,-0.011101041375703197,-0.011101041375703197,-0.002928570118755057,-0.013053539858436321,-0.01732101414991821,-0.0020753294,-0.018027395,-0.02380133,,1.0,1,False
0--30s,train2000_2021_test2022_2024,2000-2021,2022-2024,0,3,1.5,2,-0.009593695191974966,-0.009593695191974966,-0.005875343851262346,-0.013252783444167585,-0.00965295828049497,-0.0044073574,-0.01831816,-0.013222291,0.004230890295757249,0.9166666666666666,4,False
0--30s,train2000_2021_test2022_2024,2000-2021,2022-2024,0,3,1.5,3,-0.0029222990998963826,-0.0029222990998963826,0.01582112394187155,-0.014119887379392406,-0.010468133862168293,0.012762867,-0.019583559,-0.014346927,0.005261283134862,0.7777777777777777,3,False
0--30s,train2000_2021_test2022_2024,2000-2021,2022-2024,0,3,1.5,4,-0.0009368717967818377,-0.0009368717967818377,0.01009277025659063,-0.007710792303656076,-0.005192593343280066,0.0082295425,-0.010230512,-0.007068661,0.004117224127246226,0.6666666666666666,2,False
0--30s,train2000_2021_test2022_2024,2000-2021,2022-2024,0,3,1.5,5,0.0002588139343524928,0.0002588139343524928,0.018039111180778923,-0.01170140897588904,-0.005561260401832405,0.0145181455,-0.016054178,-0.0075772833,0.0059722152184203845,0.6666666666666666,3,False
0--30s,train2000_2021_test2022_2024,2000-2021,2022-2024,0,3,1.5,6,0.0015343957701062234,0.0015343957701062234,0.018660444694122192,-0.010523596779634721,-0.003533660604168801,0.015009858,-0.014335349,-0.004779957,0.0020104070634250895,0.6666666666666666,2,False
0--30s,train2000_2021_test2022_2024,2000-2021,2022-2024,0,3,1.5,7,0.0052442662118646986,0.0052442662118646986,0.030945595245416336,-0.009762524898467309,-0.0054502717113549285,0.024732122,-0.013224687,-0.007424161,0.0033264121451510404,0.6666666666666666,4,False
0--30s,train2000_2021_test2022_2024,2000-2021,2022-2024,0,3,1.5,8,-0.0025224282660087356,-0.0025224282660087356,0.0052774395980457545,-0.00982494696735892,-0.003019777428713042,0.0044187703,-0.013315782,-0.0040709907,,0.6666666666666666,1,False
0--30s,train2000_2021_test2022_2024,2000-2021,2022-2024,0,3,1.5,9,0.0030782636918751903,0.0030782636918751903,0.017775461373259284,-0.004132276371395983,-0.004408393926237731,0.014309498,-0.005008243,-0.0059867604,0.0009257411138824385,0.6666666666666666,2,False
0--30s,train2000_2021_test2022_2024,2000-2021,2022-2024,0,3,1.5,10,0.0014268919582569482,0.0014268919582569482,0.02304283600972128,-0.014195357801247449,-0.004566802333702986,0.01847801,-0.019693695,-0.0062053045,,0.6666666666666666,1,False
0--30s,train2000_2021_test2022_2024,2000-2021,2022-2024,3,6,4.5,-10,0.0024621131779203544,0.0024621131779203544,0.00304608302621245,0.007765382768546982,-0.0034251262609983667,0.0026529117,0.01235448,-0.0046302197,0.010531929759158221,0.8095238095238095,14,True
0--30s,train2000_2021_test2022_2024,2000-2021,2022-2024,3,6,4.5,-9,-0.00516506177507053,-0.00516506177507053,-0.009522606155694805,0.0014763173660572195,-0.007448896535574003,-0.0072937403,0.0031765993,-0.010181513,0.010250777002497947,0.8518518518518519,18,True
0--30s,train2000_2021_test2022_2024,2000-2021,2022-2024,3,6,4.5,-8,-0.010851183537424392,-0.010851183537424392,-0.017871963366281232,-0.002747175858307688,-0.011934411387684257,-0.013901283,-0.0029869112,-0.01636984,0.006448625237024895,0.8888888888888888,36,True
0--30s,train2000_2021_test2022_2024,2000-2021,2022-2024,3,6,4.5,-7,-0.002349117399117691,-0.002349117399117691,-0.0020973249401717523,0.0013234400090688194,-0.0062734672662501404,-0.0014174958,0.0029534993,-0.008559861,0.009704737977585684,0.8771929824561404,38,True
0--30s,train2000_2021_test2022_2024,2000-2021,2022-2024,3,6,4.5,-6,-0.002619171769770845,-0.002619171769770845,-0.006011394339781747,0.0006819218775432147,-0.0025280428470740037,-0.0045150253,0.0020173064,-0.0033925816,0.011314188168408349,0.8536585365853658,41,True
0--30s,train2000_2021_test2022_2024,2000-2021,2022-2024,3,6,4.5,-5,-0.014899451708467234,-0.014899451708467234,-0.02015596523831712,-0.006178553908374373,-0.018363835978710212,-0.015708804,-0.007994456,-0.025240032,0.014704829492071662,0.8907103825136612,61,True
0--30s,train2000_2021_test2022_2024,2000-2021,2022-2024,3,6,4.5,-4,-0.022734018183969036,-0.022734018183969036,-0.029557651807393795,-0.008726140051915979,-0.029918262692597335,-0.023149142,-0.011712249,-0.041180808,0.01782017401185887,0.8774509803921569,68,True
0--30s,train2000_2021_test2022_2024,2000-2021,2022-2024,3,6,4.5,-3,-0.030781804917348252,-0.030781804917348252,-0.03662980342168191,-0.01121070121222985,-0.04450491011813299,-0.028745927,-0.015338068,-0.06130491,0.017951412576300754,0.9230769230769231,65,True
0--30s,train2000_2021_test2022_2024,2000-2021,2022-2024,3,6,4.5,-2,-0.024124731795736216,-0.024124731795736216,-0.02669253808092688,-0.008056432710377785,-0.03762522459590398,-0.020881739,-0.010734919,-0.051813524,0.017578089863490572,0.8835978835978836,63,True
0--30s,train2000_2021_test2022_2024,2000-2021,2022-2024,3,6,4.5,-1,-0.029384988315737767,-0.029384988315737767,-0.038054577723856294,-0.017694120986391018,-0.032406266236965985,-0.029873468,-0.024799578,-0.044613317,0.027664705385916373,0.8427672955974842,53,True
0--30s,train2000_2021_test2022_2024,2000-2021,2022-2024,3,6,4.5,0,-0.008268583146638758,-0.008268583146638758,-0.0112711782605173,-0.004434714194280492,-0.009099856985118485,-0.008677531,-0.0054496024,-0.0124592185,0.0084030340039665,0.8771929824561404,38,True
0--30s,train2000_2021_test2022_2024,2000-2021,2022-2024,3,6,4.5,1,-0.0029541245542606363,-0.0029541245542606363,-0.004221258047582212,0.002344997111732282,-0.006986112726931978,-0.0030983412,0.004444298,-0.0095430445,0.005386124170283792,0.75,8,False
0--30s,train2000_2021_test2022_2024,2000-2021,2022-2024,3,6,4.5,2,-0.0064727421770518,-0.0064727421770518,-0.011775939519094378,-0.0019675116332787657,-0.005674775378782256,-0.00907699,-0.0018491164,-0.0077338917,0.004385375907208196,0.9333333333333332,5,False
0--30s,train2000_2021_test2022_2024,2000-2021,2022-2024,3,6,4.5,3,-0.006755961813810357,-0.006755961813810357,-0.006388316480722642,-0.00648263598423945,-0.00739693297646898,-0.004813315,-0.008438216,-0.010109822,0.00354778066539731,0.9333333333333333,10,True
0--30s,train2000_2021_test2022_2024,2000-2021,2022-2024,3,6,4.5,4,0.0010670213249338854,0.0010670213249338854,0.011552722447913095,-0.004028099721930257,-0.004323558751181181,0.009384925,-0.004856214,-0.0058697197,0.004761280971102583,0.6666666666666666,4,False
0--30s,train2000_2021_test2022_2024,2000-2021,2022-2024,3,6,4.5,5,0.001097336642653744,0.001097336642653744,0.011393102863794882,-0.006872079653769752,-0.0012290132820638971,0.009258605,-0.009006546,-0.0016004082,0.002785008141043915,0.6666666666666666,2,False
0--30s,train2000_2021_test2022_2024,2000-2021,2022-2024,3,6,4.5,6,-0.0026991759657265294,-0.0026991759657265294,0.0024462766214278144,-0.008054925448659659,-0.002488879069947743,0.002178235,-0.01073272,-0.0033385502,,0.6666666666666666,1,False
0--30s,train2000_2021_test2022_2024,2000-2021,2022-2024,3,6,4.5,7,0.0017507035726570695,0.0017507035726570695,0.01030004566066964,-0.005520883333962946,0.000472948391264515,0.008393577,-0.007034692,0.0007476602,,0.6666666666666666,1,False
0--30s,train2000_2021_test2022_2024,2000-2021,2022-2024,3,6,4.5,9,0.001700665456076852,0.001700665456076852,0.012284006809182908,-0.004475190537706433,-0.00270681990324592,0.009963651,-0.005508671,-0.0036392268,0.002452955715699288,0.6666666666666666,3,False
0--30s,train2000_2021_test2022_2024,2000-2021,2022-2024,3,6,4.5,10,-0.00403662927901377,-0.00403662927901377,-0.00447336179388406,-0.005611617341034981,-0.002024908702122269,-0.003297852,-0.0071671037,-0.0026984452,0.007574847689048195,0.8333333333333333,2,False
0--30s,train2000_2021_test2022_2024,2000-2021,2022-2024,6,9,7.5,-10,0.004421709490009246,0.004421709490009246,0.007185469740597621,0.00732648256898739,-0.0012468238395572729,0.0059287534,0.011713977,-0.0016249801,0.012969922132661828,0.8703703703703703,18,True
0--30s,train2000_2021_test2022_2024,2000-2021,2022-2024,6,9,7.5,-9,0.0005492492893609147,0.0005492492893609147,0.00013703292654958476,0.004464053258111886,-0.002953338316578726,0.00035073783,0.00753672,-0.0039793295,0.009336098141454903,0.8039215686274509,17,True
0--30s,train2000_2021_test2022_2024,2000-2021,2022-2024,6,9,7.5,-8,-0.003666810689629997,-0.003666810689629997,-0.007037423105579539,0.003485785649988111,-0.007448794613298565,-0.0053270073,0.0061090956,-0.010181373,0.0073132308357652465,0.7745098039215685,34,True
0--30s,train2000_2021_test2022_2024,2000-2021,2022-2024,6,9,7.5,-7,0.008983485239459124,0.008983485239459124,0.016993027220700254,0.00953902102552658,0.0004184074721505332,0.013690292,0.014942821,0.0006724142,0.00965416663052376,0.7685185185185185,36,True
0--30s,train2000_2021_test2022_2024,2000-2021,2022-2024,6,9,7.5,-6,0.007871667220987314,0.007871667220987314,0.014864710746239894,0.00566920064511633,0.003081090271605716,0.012005977,0.009295439,0.004345917,0.01045124947994364,0.7987421383647798,53,True
0--30s,train2000_2021_test2022_2024,2000-2021,2022-2024,6,9,7.5,-5,0.0011152515583070944,0.0011152515583070944,0.008379626172454835,0.0031932955693705104,-0.008227167066904063,0.0068737892,0.0056822533,-0.011255234,0.008607930205720777,0.7696969696969698,55,True
0--30s,train2000_2021_test2022_2024,2000-2021,2022-2024,6,9,7.5,-4,-0.0060314388580707855,-0.0060314388580707855,-0.00484349549602436,0.0013462297922143531,-0.01459705087040235,-0.0035907696,0.0029867573,-0.020043284,0.006785155335542954,0.8194444444444444,72,True
0--30s,train2000_2021_test2022_2024,2000-2021,2022-2024,6,9,7.5,-3,-0.008546145517690394,-0.008546145517690394,-0.0062802654196708945,0.003452178799664243,-0.022810349933064532,-0.0047278055,0.0060600517,-0.031374555,0.008958092413083957,0.8070175438596491,57,True
0--30s,train2000_2021_test2022_2024,2000-2021,2022-2024,6,9,7.5,-2,-0.008665957385172833,-0.008665957385172833,-0.006991368629133062,-0.0012145429902204346,-0.017791960536165,-0.0052905604,-0.0007502795,-0.02445106,0.008453914983275947,0.875,32,True
0--30s,train2000_2021_test2022_2024,2000-2021,2022-2024,6,9,7.5,-1,0.0009921128094670837,0.0009921128094670837,0.003928694798265665,0.0061031269912701,-0.007055483361134514,0.0033513962,0.009928685,-0.00963875,0.005772151155879318,0.6752136752136751,39,True
0--30s,train2000_2021_test2022_2024,2000-2021,2022-2024,6,9,7.5,0,-0.0022463740812803897,-0.0022463740812803897,-0.0043244480373671465,0.0004764717005426311,-0.0028911459070166535,-0.003180004,0.001717485,-0.0038935274,0.00509016304153436,0.9080459770114943,29,True
0--30s,train2000_2021_test2022_2024,2000-2021,2022-2024,6,9,7.5,1,0.0005900234854560979,0.0005900234854560979,0.0022517525079306013,0.0052901022417195485,-0.0057717842932818566,0.0020242918,0.008742207,-0.007867727,0.003985158332969614,0.7333333333333333,15,True
0--30s,train2000_2021_test2022_2024,2000-2021,2022-2024,6,9,7.5,2,-0.00425237896799146,-0.00425237896799146,-0.007284009427769478,-0.00142955931756215,-0.00404356815864275,-0.0055221515,-0.0010640613,-0.0054834373,0.0028897863598611405,0.8771929824561404,19,True
0--30s,train2000_2021_test2022_2024,2000-2021,2022-2024,6,9,7.5,3,-0.006133256766549776,-0.006133256766549776,-0.006237230698385289,-0.0061625543136635316,-0.005999985287600507,-0.0046937484,-0.007971108,-0.008182559,0.0025799193234953416,0.9666666666666666,10,True
0--30s,train2000_2021_test2022_2024,2000-2021,2022-2024,6,9,7.5,4,-0.00211491423036422,-0.00211491423036422,-0.0028933574466224582,-0.002322147736105674,-0.001129237508364528,-0.0020474626,-0.0023666508,-0.0014627551,0.005196820327196086,0.7777777777777777,3,False
0--30s,train2000_2021_test2022_2024,2000-2021,2022-2024,6,9,7.5,5,-0.0031767395057904395,-0.0031767395057904395,-0.0030122155628758873,-0.00556960716901201,-0.0009483957854834195,-0.002141525,-0.0071057966,-0.0012132614,0.00557638564134988,0.8333333333333333,2,False
0--30s,train2000_2021_test2022_2024,2000-2021,2022-2024,6,9,7.5,6,-0.0040766141692119935,-0.0040766141692119935,-0.0019366830369902065,-0.008004472781563288,-0.0022886866890824854,-0.0012903665,-0.010659092,-0.00306236,0.0022139727027581536,0.8518518518518517,9,False
0--30s,train2000_2021_test2022_2024,2000-2021,2022-2024,6,9,7.5,7,-0.004879892988893137,-0.004879892988893137,-0.004405710534889867,-0.008219425030504773,-0.0020145434012847716,-0.0032443139,-0.01097278,-0.002684145,0.004642651264274558,0.75,4,False
0--30s,train2000_2021_test2022_2024,2000-2021,2022-2024,6,9,7.5,8,-0.008994450863888169,-0.008994450863888169,-0.020174649147429297,-0.006699093542369414,-0.00010960990186579475,-0.01572359,-0.008754101,-5.605165e-05,,1.0,1,False
0--30s,train2000_2021_test2022_2024,2000-2021,2022-2024,6,9,7.5,9,-0.0005164415778071049,-0.0005164415778071049,0.004325487376490625,-0.00554630718449845,-0.00032850492541349065,0.0036654111,-0.007071794,-0.00035804464,0.001228087281232831,0.6666666666666666,2,False
0--30s,train2000_2021_test2022_2024,2000-2021,2022-2024,6,9,7.5,10,-0.012995250520826139,-0.012995250520826139,-0.020463308719535913,-0.012698773821978985,-0.005823669020963521,-0.01595203,-0.01750967,-0.007939309,,1.0,1,False
0--30s,train2000_2021_test2022_2024,2000-2021,2022-2024,9,12,10.5,-10,0.0006525442082670247,0.0006525442082670247,-0.001805236097876715,0.00444148919377557,-0.0006786204710977805,-0.0011863415,0.0075037917,-0.0008410727,0.01090355032119903,0.8222222222222222,15,True
0--30s,train2000_2021_test2022_2024,2000-2021,2022-2024,9,12,10.5,-9,-0.0022949084015472547,-0.0022949084015472547,-0.007948225781633936,0.0029454114686846616,-0.0018819108916924897,-0.006047801,0.005320506,-0.002501162,0.009307097149501217,0.8589743589743589,26,True
0--30s,train2000_2021_test2022_2024,2000-2021,2022-2024,9,12,10.5,-8,-0.0055371525571889435,-0.0055371525571889435,-0.011020249139279783,0.00031601519689777126,-0.005907223729184818,-0.00847895,0.0014833244,-0.008054583,0.007300216158012717,0.8484848484848485,33,True
0--30s,train2000_2021_test2022_2024,2000-2021,2022-2024,9,12,10.5,-7,0.007006253710137304,0.007006253710137304,0.013339830176337797,0.008810008842396846,-0.0011310778883227325,0.010799212,0.013878944,-0.0014652942,0.010472218132532284,0.7888888888888889,30,True
0--30s,train2000_2021_test2022_2024,2000-2021,2022-2024,9,12,10.5,-6,0.0038660347247287358,0.0038660347247287358,0.013842852341899761,0.004058750560506699,-0.006303498728220254,0.011197296,0.006945246,-0.008601294,0.0104215179634369,0.8172043010752688,62,True
0--30s,train2000_2021_test2022_2024,2000-2021,2022-2024,9,12,10.5,-5,0.00045328072521940376,0.00045328072521940376,0.004794612985765999,0.0026738038255915042,-0.006108574635699292,0.0040366696,0.0049241385,-0.008332372,0.00831771547020977,0.7733333333333333,50,True
0--30s,train2000_2021_test2022_2024,2000-2021,2022-2024,9,12,10.5,-4,-0.007503114703124385,-0.007503114703124385,-0.007504567422228044,7.6073729675069e-06,-0.015012384060112618,-0.0056966976,0.0010332528,-0.020616287,0.006113123226549739,0.8367346938775511,49,True
0--30s,train2000_2021_test2022_2024,2000-2021,2022-2024,9,12,10.5,-3,-0.007483667353035501,-0.007483667353035501,-0.0047011578993615,0.004086126791681442,-0.021835970951426444,-0.003478126,0.0069851973,-0.030030277,0.008199281611174279,0.8172043010752688,31,True
0--30s,train2000_2021_test2022_2024,2000-2021,2022-2024,9,12,10.5,-2,-0.008578469770555245,-0.008578469770555245,-0.007103708564362899,0.0006246551985191897,-0.019256355945822028,-0.005379465,0.001933735,-0.026471376,0.006767693234537271,0.8395061728395062,27,True
0--30s,train2000_2021_test2022_2024,2000-2021,2022-2024,9,12,10.5,-1,0.002189071846887385,0.002189071846887385,0.008157617535683307,0.002997667946613279,-0.004588069941634431,0.0066980952,0.005396766,-0.006234646,0.006608401053112633,0.6956521739130435,23,True
0--30s,train2000_2021_test2022_2024,2000-2021,2022-2024,9,12,10.5,0,-0.0016751549254475618,-0.0016751549254475618,-0.0038701593273025112,0.0012300863030071053,-0.002385391752047278,-0.0028204874,0.0028172645,-0.0031957766,0.005598436819803412,0.8947368421052632,19,True
0--30s,train2000_2021_test2022_2024,2000-2021,2022-2024,9,12,10.5,1,-0.0031114749739411993,-0.0031114749739411993,-0.0029484498311262678,0.0006966723453641835,-0.0070826474360615125,-0.0020910618,0.0020388325,-0.009676227,0.005286694364059757,0.8076923076923077,26,True
0--30s,train2000_2021_test2022_2024,2000-2021,2022-2024,9,12,10.5,2,-0.006700439145669533,-0.006700439145669533,-0.012423075732905787,-0.002864839751920837,-0.0048134019521819775,-0.009589124,-0.0031586227,-0.0065455195,0.003333771184096979,0.9365079365079365,21,True
0--30s,train2000_2021_test2022_2024,2000-2021,2022-2024,9,12,10.5,3,-0.005948987343711314,-0.005948987343711314,-0.008746912330601231,-0.004191453813739683,-0.004908595886793026,-0.006679869,-0.005094603,-0.0066768513,0.001959998569317548,0.9733333333333333,25,True
0--30s,train2000_2021_test2022_2024,2000-2021,2022-2024,9,12,10.5,4,-0.0024147602520398297,-0.0024147602520398297,-0.0035950828653724953,-0.0028005424948297666,-0.0008486553959172273,-0.0026027965,-0.0030647912,-0.0010756571,0.004115554585454591,0.9166666666666666,4,False
0--30s,train2000_2021_test2022_2024,2000-2021,2022-2024,9,12,10.5,5,-0.003422270458336885,-0.003422270458336885,0.0014055194451030274,-0.011172075362589292,-0.0005002554575243908,0.001354597,-0.0152817,-0.0005949959,,0.6666666666666666,1,False
0--30s,train2000_2021_test2022_2024,2000-2021,2022-2024,9,12,10.5,6,-0.0051226498391691525,-0.0051226498391691525,-0.009665929498343034,-0.004815812528419965,-0.0008862074907444613,-0.0074071637,-0.006005754,-0.0011274649,0.0036444035585329335,0.8,5,False
0--30s,train2000_2021_test2022_2024,2000-2021,2022-2024,9,12,10.5,7,-0.0029674747484055037,-0.0029674747484055037,-0.0016321991210451869,-0.005637618984599215,-0.0016326061395721088,-0.001049403,-0.007205049,-0.002157215,0.0015149114097969465,0.8333333333333333,4,False
0--30s,train2000_2021_test2022_2024,2000-2021,2022-2024,9,12,10.5,8,-0.0021450840557868116,-0.0021450840557868116,-0.0017044111239904495,-0.0048896752024163714,0.00015883415904638484,-0.0011065503,-0.006113545,0.0003143004,0.001274639640971243,0.6666666666666666,2,False
0--30s,train2000_2021_test2022_2024,2000-2021,2022-2024,9,12,10.5,9,-0.0059528470315985795,-0.0059528470315985795,-0.007613903880582255,-0.00736693793734057,-0.0028776992768729122,-0.0057832245,-0.009728712,-0.0038749762,0.00048686531298039134,1.0,3,False
0--30s,train2000_2021_test2022_2024,2000-2021,2022-2024,9,12,10.5,10,-0.004696555336158541,-0.004696555336158541,-0.007928622752220322,-0.005359221263926747,-0.0008018219923285533,-0.006032288,-0.006798772,-0.0010110446,0.0014722499098846083,1.0,3,False
0--30s,train2000_2021_test2022_2024,2000-2021,2022-2024,12,15,13.5,-10,0.0023250523440572664,0.0023250523440572664,-0.000861790376106059,0.008302976168240042,-0.00046602875996218374,-0.00043971423,0.013139012,-0.00054777594,0.010559244821465275,0.8405797101449275,23,True
0--30s,train2000_2021_test2022_2024,2000-2021,2022-2024,12,15,13.5,-9,0.0026692896173154275,0.0026692896173154275,-0.0006655349508828102,0.009602484833038279,-0.0009290810302091846,-0.000284401,0.0150354365,-0.0011866143,0.010098732007685312,0.8505747126436782,29,True
0--30s,train2000_2021_test2022_2024,2000-2021,2022-2024,12,15,13.5,-8,-0.0036549208953713854,-0.0036549208953713854,-0.009093634462245976,0.006146246602209423,-0.008017374826077605,-0.0069542592,0.009991611,-0.0109658,0.007127373935682331,0.8095238095238095,42,True
0--30s,train2000_2021_test2022_2024,2000-2021,2022-2024,12,15,13.5,-7,0.008154209883287487,0.008154209883287487,0.012632455252749466,0.011160353873458042,0.0006698205236549551,0.010239407,0.017308896,0.0010192698,0.011122976323467653,0.7687074829931972,49,True
0--30s,train2000_2021_test2022_2024,2000-2021,2022-2024,12,15,13.5,-6,0.008914009203034666,0.008914009203034666,0.01729125114009568,0.010252939776648,-0.0008021633076396752,0.013926301,0.015984671,-0.0010115155,0.010347638298820015,0.7685185185185185,36,True
0--30s,train2000_2021_test2022_2024,2000-2021,2022-2024,12,15,13.5,-5,0.003565495249996212,0.003565495249996212,0.0090855507687316,0.005683960865060367,-0.004073025883803333,0.0074324463,0.009316979,-0.005524078,0.008071367911467639,0.7878787878787878,33,True
0--30s,train2000_2021_test2022_2024,2000-2021,2022-2024,12,15,13.5,-4,-0.00772136624172522,-0.00772136624172522,-0.007669207105994041,-0.0017781101731439049,-0.013716781446037713,-0.0058269906,-0.0015727154,-0.01882884,0.0061285922673218595,0.8888888888888888,39,True
0--30s,train2000_2021_test2022_2024,2000-2021,2022-2024,12,15,13.5,-3,-0.01113579596717599,-0.01113579596717599,-0.010977161505298145,0.0008892998905081435,-0.023319526286737974,-0.00844485,0.0023199415,-0.032077026,0.008110094029308953,0.8468468468468469,37,True
0--30s,train2000_2021_test2022_2024,2000-2021,2022-2024,12,15,13.5,-2,-0.005195657892950606,-0.005195657892950606,-0.000880699176570403,0.0029524811875598937,-0.01765875568984131,-0.00045467837,0.0053308234,-0.024267288,0.007781457273075937,0.7888888888888889,30,True
0--30s,train2000_2021_test2022_2024,2000-2021,2022-2024,12,15,13.5,-1,0.0033374457040121594,0.0033374457040121594,0.006926378653579978,0.00713202012572046,-0.0040460616672639595,0.0057237134,0.01143019,-0.0054868776,0.004056334609895379,0.6666666666666666,29,True
0--30s,train2000_2021_test2022_2024,2000-2021,2022-2024,12,15,13.5,0,-0.0005701474410811598,-0.0005701474410811598,-0.004511558600142352,0.003663434663379332,-0.0008623183864804597,-0.0033280803,0.006368346,-0.0010945069,0.0045970375297118855,0.8484848484848485,11,True
0--30s,train2000_2021_test2022_2024,2000-2021,2022-2024,12,15,13.5,1,-0.00330177867057426,-0.00330177867057426,-0.003147530479997961,0.0002929510596467194,-0.007050756591371539,-0.002248611,0.0014496661,-0.00963223,0.004340900109681201,0.8461538461538461,13,True
0--30s,train2000_2021_test2022_2024,2000-2021,2022-2024,12,15,13.5,2,-0.0056608478555983666,-0.0056608478555983666,-0.010291864024459835,-0.0022713226614482535,-0.00441935688088701,-0.007902518,-0.0022924799,-0.006001885,0.0019533195320554373,0.9545454545454546,22,True
0--30s,train2000_2021_test2022_2024,2000-2021,2022-2024,12,15,13.5,3,-0.007591724525118534,-0.007591724525118534,-0.010669146907400883,-0.005525818440013583,-0.006580208227941138,-0.008201093,-0.007041894,-0.008983049,0.0023981285546110635,0.9861111111111112,24,True
0--30s,train2000_2021_test2022_2024,2000-2021,2022-2024,12,15,13.5,4,-0.0023325873692307277,-0.0023325873692307277,-0.005028554207363582,-0.0010307976731332798,-0.0009384102271953228,-0.003737222,-0.00048213272,-0.001199485,0.0023796609927567054,0.9047619047619048,7,False
0--30s,train2000_2021_test2022_2024,2000-2021,2022-2024,12,15,13.5,5,-0.0021971222429145528,-0.0021971222429145528,-0.0024536203986267983,-0.004021887669088433,-0.00011585866102842739,-0.0016994622,-0.0048471484,-6.467259e-05,0.0030131303308410526,0.7777777777777777,6,False
0--30s,train2000_2021_test2022_2024,2000-2021,2022-2024,12,15,13.5,6,-0.00462208012571561,-0.00462208012571561,-0.009268745796617267,-0.004766916639801335,0.0001694220592717696,-0.007092839,-0.0059343986,0.00032890774,,0.6666666666666666,1,False
0--30s,train2000_2021_test2022_2024,2000-2021,2022-2024,12,15,13.5,7,-0.0029170235148776856,-0.0029170235148776856,-0.002725374338010253,-0.0054604937914525375,-0.0005652024151702669,-0.0019145237,-0.0069465633,-0.00068459834,0.003729019429024308,0.9166666666666666,4,False
0--30s,train2000_2021_test2022_2024,2000-2021,2022-2024,12,15,13.5,8,-0.004085866951109867,-0.004085866951109867,-0.006694505756924735,-0.004283414342093952,-0.0012796807543109135,-0.0050556283,-0.0052288044,-0.0016703103,0.0025734586485702616,0.925925925925926,9,False
0--30s,train2000_2021_test2022_2024,2000-2021,2022-2024,12,15,13.5,9,-0.0064327098605390185,-0.0064327098605390185,-0.008923164442553063,-0.008188599776410609,-0.0021863653626533843,-0.0068193516,-0.010927796,-0.0029211948,0.003688464105929768,0.9166666666666666,8,False
0--30s,train2000_2021_test2022_2024,2000-2021,2022-2024,12,15,13.5,10,-0.0015770285581182925,-0.0015770285581182925,0.002566926312072305,-0.005262970821189546,-0.002035041165237637,0.002273715,-0.00665831,-0.0027124241,0.0038322981350500302,0.7777777777777777,3,False
0--30s,train2000_2021_test2022_2024,2000-2021,2022-2024,15,18,16.5,-10,0.0050969856299364425,0.0050969856299364425,0.0023657312647080873,0.009085152332189001,0.00384007329291224,0.0021144927,0.014280472,0.0053930287,0.011884180296935854,0.8181818181818182,22,True
0--30s,train2000_2021_test2022_2024,2000-2021,2022-2024,15,18,16.5,-9,-0.0010665656608292344,-0.0010665656608292344,-0.011142058206659438,0.006352160223981415,0.0015902010001903192,-0.008575347,0.010292109,0.0022890496,0.011171080930880815,0.8181818181818182,22,True
0--30s,train2000_2021_test2022_2024,2000-2021,2022-2024,15,18,16.5,-8,-0.0017118772564339293,-0.0017118772564339293,-0.004907893582020315,0.007784176086715489,-0.00801191427399696,-0.0036417332,0.012381907,-0.0109582655,0.00598319680271914,0.7685185185185185,36,True
0--30s,train2000_2021_test2022_2024,2000-2021,2022-2024,15,18,16.5,-7,0.008259450252633343,0.008259450252633343,0.012691354038451156,0.010340727209795989,0.001746269509652884,0.010286018,0.016112784,0.0025043655,0.010306092886874271,0.7435897435897436,39,True
0--30s,train2000_2021_test2022_2024,2000-2021,2022-2024,15,18,16.5,-6,0.007731724713078533,0.007731724713078533,0.012337342239862322,0.006965379224731801,0.003892452674641476,0.010005861,0.011187004,0.005465293,0.009710567992579413,0.7674418604651163,43,True
0--30s,train2000_2021_test2022_2024,2000-2021,2022-2024,15,18,16.5,-5,0.0035207449651449914,0.0035207449651449914,0.006351711547931136,0.004106780016906284,0.00010374333059755478,0.0052689314,0.0070153372,0.00023829575,0.00889270167014408,0.8018018018018017,37,True
0--30s,train2000_2021_test2022_2024,2000-2021,2022-2024,15,18,16.5,-4,-0.003972915654139548,-0.003972915654139548,-0.0032014962521530483,0.003567908587774579,-0.012285159298040173,-0.0022913187,0.006228941,-0.01685374,0.006499020452117943,0.7741935483870968,31,True
0--30s,train2000_2021_test2022_2024,2000-2021,2022-2024,15,18,16.5,-3,-0.008103400849553221,-0.008103400849553221,-0.006089033784432643,0.003706115614714997,-0.02192728437894202,-0.004576468,0.006430632,-0.030156255,0.009203396473399827,0.7941176470588235,34,True
0--30s,train2000_2021_test2022_2024,2000-2021,2022-2024,15,18,16.5,-2,-0.008140623910128772,-0.008140623910128772,-0.006819416028726797,6.864669921894729e-05,-0.017671102400878463,-0.00515448,0.0011223298,-0.024284322,0.008204386004126915,0.8541666666666666,16,True
0--30s,train2000_2021_test2022_2024,2000-2021,2022-2024,15,18,16.5,-1,0.0026330546144084405,0.0026330546144084405,0.00724006626117585,0.006543714369170955,-0.005884616787121483,0.0059719603,0.010571652,-0.008023394,0.0044527777635193855,0.691358024691358,27,True
0--30s,train2000_2021_test2022_2024,2000-2021,2022-2024,15,18,16.5,0,-0.0022664834071742597,-0.0022664834071742597,-0.0055253454868089795,0.0005866791634768459,-0.0018607838981906453,-0.004130374,0.0018783151,-0.0024720146,0.006567012000853207,0.8181818181818182,11,True
0--30s,train2000_2021_test2022_2024,2000-2021,2022-2024,15,18,16.5,1,-0.002717095511745825,-0.002717095511745825,-0.0014575496605747518,0.0008862812934901351,-0.007580018168152858,-0.00091118825,0.0023155364,-0.010362412,0.004105667483975656,0.8533333333333333,25,True
0--30s,train2000_2021_test2022_2024,2000-2021,2022-2024,15,18,16.5,2,-0.005327689434020035,-0.005327689434020035,-0.010294068759289593,-0.0017477574879123396,-0.003941242054858171,-0.007904262,-0.0015284206,-0.005342266,0.0028466083081652113,0.8787878787878788,22,True
0--30s,train2000_2021_test2022_2024,2000-2021,2022-2024,15,18,16.5,3,-0.007603698281063781,-0.007603698281063781,-0.010217556496941699,-0.006273318492155794,-0.006320219854093851,-0.007843712,-0.00813275,-0.008624363,0.0021788739883419517,1.0,13,True
0--30s,train2000_2021_test2022_2024,2000-2021,2022-2024,15,18,16.5,4,-0.0019471300609144987,-0.0019471300609144987,-0.0009680656937815132,-0.003364634736994531,-0.0015086897519674524,-0.0005238188,-0.003887993,-0.0019862568,0.002767316079682402,0.8,10,True
0--30s,train2000_2021_test2022_2024,2000-2021,2022-2024,15,18,16.5,5,-0.00523463910594924,-0.00523463910594924,-0.008021260294393973,-0.006548850124015189,-0.001133806899438557,-0.0061056,-0.008534845,-0.0014690591,0.005848694901790035,0.9166666666666666,4,False
0--30s,train2000_2021_test2022_2024,2000-2021,2022-2024,15,18,16.5,6,-0.006358621745381821,-0.006358621745381821,-0.00919969900895032,-0.007158466574943356,-0.0027176996522517856,-0.0070381965,-0.009424482,-0.0036542367,0.003952171435020923,1.0,3,False
0--30s,train2000_2021_test2022_2024,2000-2021,2022-2024,15,18,16.5,7,-0.003903988756494156,-0.003903988756494156,-0.0027484496937033964,-0.0074611192646585325,-0.00150239731112054,-0.0019327851,-0.009866155,-0.0019775755,0.0018208854714226626,0.8333333333333333,8,False
0--30s,train2000_2021_test2022_2024,2000-2021,2022-2024,15,18,16.5,8,-0.005088012156475676,-0.005088012156475676,-0.00620437076153945,-0.006865644588613816,-0.0021940211192737627,-0.0046677436,-0.008997155,-0.002931757,0.002924410515884973,0.8666666666666666,5,False
0--30s,train2000_2021_test2022_2024,2000-2021,2022-2024,15,18,16.5,9,-0.005527988571313016,-0.005527988571313016,-0.009619247538346344,-0.005115509499269763,-0.0018492086763229412,-0.0073702205,-0.0064431136,-0.002456045,0.0015750755590792538,0.8888888888888888,6,False
0--30s,train2000_2021_test2022_2024,2000-2021,2022-2024,15,18,16.5,10,-0.002117537772714668,-0.002117537772714668,0.0005949255174672514,-0.006159899130136611,-0.0007876397054746447,0.0007131065,-0.007967233,-0.0009914783,0.00018397890312416528,0.8333333333333333,2,False
0--30s,train2000_2021_test2022_2024,2000-2021,2022-2024,18,21,19.5,-10,0.0029907289345897222,0.0029907289345897222,-0.0016451956421834584,0.00730706453063479,0.0033103179153178373,-0.0010596882,0.011685639,0.0046621654,0.010383922798278614,0.8245614035087719,19,True
0--30s,train2000_2021_test2022_2024,2000-2021,2022-2024,18,21,19.5,-9,-0.0004044711309142576,-0.0004044711309142576,-0.007552943631192033,0.005053343136706946,0.0012861871017423143,-0.005734982,0.008396694,0.0018696244,0.010570025814830752,0.7866666666666666,25,True
0--30s,train2000_2021_test2022_2024,2000-2021,2022-2024,18,21,19.5,-8,-0.0018744501221817152,-0.0018744501221817152,-0.005217450981628607,0.006744068543297429,-0.007149967928213968,-0.0038867118,0.010864037,-0.0097691035,0.0062234752590943215,0.7777777777777777,24,True
0--30s,train2000_2021_test2022_2024,2000-2021,2022-2024,18,21,19.5,-7,0.010739479200261108,0.010739479200261108,0.015957219861919322,0.01172263211768372,0.004538585621180276,0.012870571,0.018129451,0.006356714,0.01064177645565376,0.780952380952381,35,True
0--30s,train2000_2021_test2022_2024,2000-2021,2022-2024,18,21,19.5,-6,0.013038888603974804,0.013038888603974804,0.02471996985079811,0.011991684515606846,0.00240501144551946,0.019805266,0.01852209,0.0034131822,0.01082443552876109,0.8299319727891156,49,True
0--30s,train2000_2021_test2022_2024,2000-2021,2022-2024,18,21,19.5,-5,0.0012318740051479042,0.0012318740051479042,0.002542829185044669,0.0006192721392846723,0.0005335206911143717,0.002254645,0.0019258793,0.0008312272,0.008499217602158106,0.8095238095238094,28,True
0--30s,train2000_2021_test2022_2024,2000-2021,2022-2024,18,21,19.5,-4,-0.0003209793279159152,-0.0003209793279159152,0.0052428990911635226,0.003482718965542435,-0.009688556040453702,0.0043914355,0.00610462,-0.013271403,0.007581108839183778,0.7450980392156863,34,True
0--30s,train2000_2021_test2022_2024,2000-2021,2022-2024,18,21,19.5,-3,-0.0034533834656772584,-0.0034533834656772584,-0.001100527798809144,0.0037586865750772118,-0.013018309173299844,-0.0006286471,0.0065073506,-0.017865213,0.01096976724239696,0.8160919540229884,29,True
0--30s,train2000_2021_test2022_2024,2000-2021,2022-2024,18,21,19.5,-2,-0.006078138369637118,-0.006078138369637118,-0.00614423829336389,-0.0012058570291352026,-0.010884319786412263,-0.004620156,-0.00073760375,-0.014921108,0.006726148418558838,0.8333333333333333,16,True
0--30s,train2000_2021_test2022_2024,2000-2021,2022-2024,18,21,19.5,-1,0.006129535387012628,0.006129535387012628,0.016851987324287884,0.002876284941299113,-0.0013396661045491113,0.013578676,0.005219627,-0.0017530676,0.004831162746523142,0.6944444444444443,24,True
0--30s,train2000_2021_test2022_2024,2000-2021,2022-2024,18,21,19.5,0,-0.0001997344789687004,-0.0001997344789687004,-0.00472517957084391,0.005374436400584758,-0.0012484602666469494,-0.0034971363,0.008865278,-0.0016272378,0.005829788735737946,0.8125,16,True
0--30s,train2000_2021_test2022_2024,2000-2021,2022-2024,18,21,19.5,1,-0.002124567655617204,-0.002124567655617204,-0.003233270256518377,0.0026146146066830032,-0.005755047317016239,-0.002316464,0.004837761,-0.007844637,0.003382461375428354,0.8055555555555555,24,True
0--30s,train2000_2021_test2022_2024,2000-2021,2022-2024,18,21,19.5,2,-0.004787644120835837,-0.004787644120835837,-0.009358975757052137,-0.0015101373871389096,-0.0034938192183164656,-0.0071642455,-0.0011816521,-0.0047249906,0.002718214227562255,0.8333333333333333,22,True
0--30s,train2000_2021_test2022_2024,2000-2021,2022-2024,18,21,19.5,3,-0.006462476212101486,-0.006462476212101486,-0.00961722662458466,-0.00468805688175294,-0.005082145129966857,-0.0073686214,-0.0058193156,-0.0069162846,0.001590087356180931,1.0,20,True
0--30s,train2000_2021_test2022_2024,2000-2021,2022-2024,18,21,19.5,4,-0.0021545966961950417,-0.0021545966961950417,-0.0028916719665957615,-0.002906694668713605,-0.0006654234532757586,-0.0020461287,-0.0032197032,-0.00082286575,0.0023842433600486535,0.7592592592592592,18,True
0--30s,train2000_2021_test2022_2024,2000-2021,2022-2024,18,21,19.5,5,-0.0012061418140637055,-0.0012061418140637055,-0.001119996046754431,-0.0034002222298891217,0.0009017928344524361,-0.000644054,-0.0039399276,0.0013393046,0.002798456824773582,0.6666666666666666,12,True
0--30s,train2000_2021_test2022_2024,2000-2021,2022-2024,18,21,19.5,6,-0.003586038220696479,-0.003586038220696479,-0.0036864279604749,-0.005522601253116932,-0.001549085448497604,-0.0026750856,-0.0070371986,-0.0020419876,0.0016476143676394275,0.8666666666666666,5,False
0--30s,train2000_2021_test2022_2024,2000-2021,2022-2024,18,21,19.5,7,-0.002240205554591854,-0.002240205554591854,-0.000890243829960022,-0.00510068346151143,-0.000729689372304111,-0.00046223187,-0.006421478,-0.0009115286,0.0014658053367353418,0.7333333333333333,10,True
0--30s,train2000_2021_test2022_2024,2000-2021,2022-2024,18,21,19.5,8,-0.002820448979577083,-0.002820448979577083,-0.0022986258488494897,-0.005564590588533648,-0.0005981305013481115,-0.001576802,-0.0070984755,-0.00073002675,0.0007112809373224421,0.6666666666666666,2,False
0--30s,train2000_2021_test2022_2024,2000-2021,2022-2024,18,21,19.5,9,-0.003201695763477899,-0.003201695763477899,-0.002821561811578711,-0.005436457106867138,-0.0013470683719878484,-0.0019906447,-0.0069114855,-0.0017632799,0.0019374835097442577,0.8571428571428571,7,False
0--30s,train2000_2021_test2022_2024,2000-2021,2022-2024,18,21,19.5,10,-0.00413722454352987,-0.00413722454352987,-0.004717222419964773,-0.006258350676511419,-0.0014361005341134152,-0.0034908392,-0.008110907,-0.001886111,0.003261671099636737,0.8888888888888888,18,True
0--30s,train2000_2021_test2022_2024,2000-2021,2022-2024,21,24,22.5,-10,0.006697893588373765,0.006697893588373765,0.006049596429083294,0.010744975975546703,0.003299108360491301,0.0050298423,0.016702719,0.0046467003,0.009621359883128972,0.84375,32,True
0--30s,train2000_2021_test2022_2024,2000-2021,2022-2024,21,24,22.5,-9,0.004110604815979188,0.004110604815979188,-0.000767692854635459,0.008770222997672139,0.004329284304900886,-0.00036524705,0.013820884,0.006067957,0.011097594895816514,0.8484848484848485,22,True
0--30s,train2000_2021_test2022_2024,2000-2021,2022-2024,21,24,22.5,-8,-0.0005658567660427806,-0.0005658567660427806,-0.001837316444637746,0.008188579088720607,-0.008048832942211202,-0.0012117294,0.012972068,-0.0110092005,0.007980725871472675,0.7666666666666667,30,True
0--30s,train2000_2021_test2022_2024,2000-2021,2022-2024,21,24,22.5,-7,0.012938555816015527,0.012938555816015527,0.022052308146272542,0.013922123961568651,0.0028412353402053926,0.017694123,0.021339256,0.004015007,0.010367738777427917,0.8095238095238095,35,True
0--30s,train2000_2021_test2022_2024,2000-2021,2022-2024,21,24,22.5,-6,0.009952935063444857,0.009952935063444857,0.018277610945746293,0.01001194959469472,0.0015692446498935574,0.01470689,0.015632983,0.0022601376,0.010793346965611914,0.8333333333333334,30,True
0--30s,train2000_2021_test2022_2024,2000-2021,2022-2024,21,24,22.5,-5,0.004416334063026721,0.004416334063026721,0.010272822085408344,0.004899997406144624,-0.001923817302472805,0.008372033,0.008172911,-0.002558977,0.00888674354475,0.7916666666666666,24,True
0--30s,train2000_2021_test2022_2024,2000-2021,2022-2024,21,24,22.5,-4,-0.0009338289254272811,-0.0009338289254272811,0.002997281043694076,0.0007124421975329078,-0.006511210017508828,0.0026142907,0.002061846,-0.008887857,0.008612282218739024,0.8064516129032258,31,True
0--30s,train2000_2021_test2022_2024,2000-2021,2022-2024,21,24,22.5,-3,-0.005229749472197179,-0.005229749472197179,-0.00408299023339832,0.0018044106257995498,-0.013410668808992766,-0.0029889182,0.0036553987,-0.018406522,0.009737156334334173,0.8405797101449275,23,True
0--30s,train2000_2021_test2022_2024,2000-2021,2022-2024,21,24,22.5,-2,-0.0021141944480516646,-0.0021141944480516646,0.0007031909167994859,0.0030081176017112553,-0.010053891862665735,0.00079878594,0.0054120156,-0.013775429,0.009491884629804036,0.8076923076923077,26,True
0--30s,train2000_2021_test2022_2024,2000-2021,2022-2024,21,24,22.5,-1,0.007852234949922071,0.007852234949922071,0.017404961612055,0.005015129707052263,0.0011366135306589485,0.014016289,0.008340928,0.001663269,0.005043675103680383,0.75,16,True
0--30s,train2000_2021_test2022_2024,2000-2021,2022-2024,21,24,22.5,0,-0.0036274557614510788,-0.0036274557614510788,-0.007115290442576082,0.0013142360466268314,-0.005081312888403985,-0.0053886306,0.0029400676,-0.0069151362,0.00630830921694903,0.875,16,True
0--30s,train2000_2021_test2022_2024,2000-2021,2022-2024,21,24,22.5,1,-0.0024799327700877403,-0.0024799327700877403,-0.002091169843614898,-0.0006954353900662737,-0.004653193076582049,-0.0014126247,7.274694e-06,-0.0063244915,0.0030733192032457767,0.8809523809523808,14,True
0--30s,train2000_2021_test2022_2024,2000-2021,2022-2024,21,24,22.5,2,-0.0038873406619535675,-0.0038873406619535675,-0.006140689031895303,-0.002270923044174457,-0.0032504099097909423,-0.004617347,-0.0022918966,-0.004389177,0.0013972504221984308,0.9393939393939394,11,True
0--30s,train2000_2021_test2022_2024,2000-2021,2022-2024,21,24,22.5,3,-0.007273914151995718,-0.007273914151995718,-0.01029677848463089,-0.006334165464323404,-0.0051907985070328636,-0.007906407,-0.008221546,-0.007066185,0.0017150999085513055,1.0,20,True
0--30s,train2000_2021_test2022_2024,2000-2021,2022-2024,21,24,22.5,4,-0.0013033553578535482,-0.0013033553578535482,-0.00015504346346612152,-0.0033451234635303827,-0.0004098991465641398,0.00011959349,-0.0038595195,-0.00047033813,0.001711660624756555,0.7450980392156863,17,True
0--30s,train2000_2021_test2022_2024,2000-2021,2022-2024,21,24,22.5,5,-0.0014154100038563761,-0.0014154100038563761,0.00188983770577995,-0.0061037096374042775,-3.235807994480162e-05,0.0017378784,-0.0078852335,5.0526873e-05,0.002733866475603223,0.6666666666666666,11,True
0--30s,train2000_2021_test2022_2024,2000-2021,2022-2024,21,24,22.5,6,-0.0034656015583606715,-0.0034656015583606715,-0.005260611561632633,-0.003930423662843968,-0.0012057694506054152,-0.003920868,-0.0047136713,-0.0015683405,0.0022302445390534366,0.75,8,False
0--30s,train2000_2021_test2022_2024,2000-2021,2022-2024,21,24,22.5,7,-0.00485373017410844,-0.00485373017410844,-0.008047824036587603,-0.005210952616582633,-0.0013024138691550833,-0.0061266217,-0.006582398,-0.0017016735,0.0018396726359039082,0.9166666666666666,4,False
0--30s,train2000_2021_test2022_2024,2000-2021,2022-2024,21,24,22.5,8,-0.0038674144605104427,-0.0038674144605104427,-0.004970461666903498,-0.006229154999607987,-0.00040262671501984303,-0.0036912486,-0.008068301,-0.0004603049,0.0022101120880480825,0.8148148148148148,9,False
0--30s,train2000_2021_test2022_2024,2000-2021,2022-2024,21,24,22.5,9,-0.004344223617757484,-0.004344223617757484,-0.006383802232532774,-0.005251456229646203,-0.0013974123910934775,-0.004809743,-0.0066415067,-0.0018327357,0.0024782544429404556,0.8611111111111112,12,True
0--30s,train2000_2021_test2022_2024,2000-2021,2022-2024,21,24,22.5,10,-0.003123612179571643,-0.003123612179571643,-0.0034289830778097817,-0.004738106840749404,-0.0012037466201557433,-0.002471348,-0.005892355,-0.0015655496,0.0018931606313798246,0.8333333333333334,12,True
0--30s,train2000_2021_test2022_2024,2000-2021,2022-2024,24,27,25.5,-10,0.006510105979966349,0.006510105979966349,0.005736101499434205,0.009243575468416646,0.004550640972048194,0.0047817477,0.014511666,0.006373346,0.008635347792042605,0.8412698412698413,21,True
0--30s,train2000_2021_test2022_2024,2000-2021,2022-2024,24,27,25.5,-9,0.005735458084669821,0.005735458084669821,0.0034801310117185207,0.009603750490629477,0.004122492751661465,0.00299641,0.015037283,0.005782662,0.009955380607080023,0.8472222222222222,24,True
0--30s,train2000_2021_test2022_2024,2000-2021,2022-2024,24,27,25.5,-8,0.0010301450044005519,0.0010301450044005519,0.0011805767060102809,0.009854034493558234,-0.00794417618636686,0.0011765811,0.015402532,-0.010864813,0.006327406787988353,0.7575757575757576,33,True
0--30s,train2000_2021_test2022_2024,2000-2021,2022-2024,24,27,25.5,-7,0.01123606549654393,0.01123606549654393,0.017601715549353508,0.011438353550817631,0.004668127389460646,0.014171997,0.017714592,0.0065354328,0.011376205215661812,0.7982456140350876,38,True
0--30s,train2000_2021_test2022_2024,2000-2021,2022-2024,24,27,25.5,-6,0.011103493823901724,0.011103493823901724,0.017975109070067913,0.00888095055571449,0.006454421845922767,0.0144674955,0.013982473,0.008999849,0.01079732802035863,0.7807017543859649,38,True
0--30s,train2000_2021_test2022_2024,2000-2021,2022-2024,24,27,25.5,-5,0.002302282595576476,0.002302282595576476,0.004278323323767641,0.003638226205202369,-0.0010097017422405828,0.003628086,0.006331558,-0.0012978406,0.006988339489110915,0.8260869565217391,23,True
0--30s,train2000_2021_test2022_2024,2000-2021,2022-2024,24,27,25.5,-4,0.0021464418040243747,0.0021464418040243747,0.004978432290024427,0.004969668380379815,-0.003508775258331119,0.004182141,0.008274584,-0.004745624,0.007603899587493034,0.7666666666666666,20,True
0--30s,train2000_2021_test2022_2024,2000-2021,2022-2024,24,27,25.5,-3,-0.0028688946414999906,-0.0028688946414999906,-0.0069582627351165325,0.007204384892326471,-0.008852806081709911,-0.0052643614,0.0115357945,-0.012118381,0.006838410500331352,0.7333333333333333,20,True
0--30s,train2000_2021_test2022_2024,2000-2021,2022-2024,24,27,25.5,-2,-0.002316052517900128,-0.002316052517900128,-0.0035602972320220895,0.003955781291169703,-0.007343641612847998,-0.0025752678,0.0067949784,-0.0100363,0.007714251259382489,0.7941176470588235,34,True
0--30s,train2000_2021_test2022_2024,2000-2021,2022-2024,24,27,25.5,-1,0.0061943262365883964,0.0061943262365883964,0.012830343801657791,0.005540728937153117,0.000211905970954282,0.010396013,0.009107956,0.0003875196,0.006075536450163101,0.7424242424242423,22,True
0--30s,train2000_2021_test2022_2024,2000-2021,2022-2024,24,27,25.5,0,-0.006233679290021108,-0.006233679290021108,-0.012586560533401027,-0.0011665189205238525,-0.004947958416138444,-0.009718503,-0.0006801961,-0.0067311567,0.003924284251200023,0.8888888888888888,24,True
0--30s,train2000_2021_test2022_2024,2000-2021,2022-2024,24,27,25.5,1,-0.0017413780109795866,-0.0017413780109795866,-0.0030289265285401074,0.0011269875266796939,-0.0033221950310783456,-0.0021547498,0.0026668084,-0.004488214,0.002627949897126526,0.738095238095238,14,True
0--30s,train2000_2021_test2022_2024,2000-2021,2022-2024,24,27,25.5,2,-0.006011161448703635,-0.006011161448703635,-0.008203522494464419,-0.006208893546288194,-0.003621068305358292,-0.0062498394,-0.008038732,-0.0049005463,0.0022475662256232856,0.9841269841269842,21,True
0--30s,train2000_2021_test2022_2024,2000-2021,2022-2024,24,27,25.5,3,-0.007013758765824352,-0.007013758765824352,-0.008240061060116856,-0.00786959826346868,-0.004931616973887522,-0.0062787556,-0.0104622645,-0.006708612,0.0014675358325847354,1.0,21,True
0--30s,train2000_2021_test2022_2024,2000-2021,2022-2024,24,27,25.5,4,-0.0016209873354606553,-0.0016209873354606553,-0.0005037132541044104,-0.004410372363331719,5.1123611054164006e-05,-0.00015633799,-0.0054140794,0.00016570027,0.002063441694728338,0.7333333333333333,25,True
0--30s,train2000_2021_test2022_2024,2000-2021,2022-2024,24,27,25.5,5,-0.0036336966566108803,-0.0036336966566108803,-0.005926317841211278,-0.005643257368042714,0.0006684852394213492,-0.004447697,-0.0072132773,0.0010174277,0.0027986422705529404,0.7692307692307693,13,True
0--30s,train2000_2021_test2022_2024,2000-2021,2022-2024,24,27,25.5,6,-0.0024676286286083042,-0.0024676286286083042,-0.002034203232719666,-0.005135006670187444,-0.00023367598291780216,-0.0013675423,-0.006471567,-0.00022721628,0.0016171169141106956,0.7777777777777777,12,True
0--30s,train2000_2021_test2022_2024,2000-2021,2022-2024,24,27,25.5,7,-0.004142411645505432,-0.004142411645505432,-0.0056536611888201495,-0.006487903387537192,-0.0002856703601589543,-0.004231921,-0.008445903,-0.00029894902,0.002593611213265778,0.8148148148148148,9,False
0--30s,train2000_2021_test2022_2024,2000-2021,2022-2024,24,27,25.5,8,-0.004480886899242073,-0.004480886899242073,-0.005377339994109506,-0.007098991838156517,-0.0009663288654601967,-0.0040132455,-0.009337688,-0.0012380023,0.0028623363769678524,0.8518518518518517,9,False
0--30s,train2000_2021_test2022_2024,2000-2021,2022-2024,24,27,25.5,9,-0.002098174091273616,-0.002098174091273616,0.0007448177492382689,-0.006503590574187538,-0.000535749448871579,0.0008317287,-0.008468796,-0.0006439643,0.002593040917926396,0.7083333333333333,8,False
0--30s,train2000_2021_test2022_2024,2000-2021,2022-2024,24,27,25.5,10,-0.005436931624327417,-0.005436931624327417,-0.009315659596745287,-0.00718746019668421,0.00019232492044724345,-0.007129966,-0.009466793,0.0003605051,0.002896569683004717,0.7333333333333333,5,False
0--30s,train2000_2021_test2022_2024,2000-2021,2022-2024,27,30,28.5,-10,0.005322769031192758,0.005322769031192758,0.0016023658924823308,0.007089567501781971,0.007276373699313973,0.001510378,0.0113682365,0.010133834,0.009226242055864382,0.7916666666666666,24,True
0--30s,train2000_2021_test2022_2024,2000-2021,2022-2024,27,30,28.5,-9,0.006889329938105544,0.006889329938105544,0.005243229267014548,0.008368230038217591,0.007056530509084495,0.004391697,0.013234239,0.009830533,0.00963235813700396,0.8205128205128205,39,True
0--30s,train2000_2021_test2022_2024,2000-2021,2022-2024,27,30,28.5,-8,-0.0010764880115650922,-0.0010764880115650922,-0.0035913149240699906,0.0026400384718893314,-0.002278187582514617,-0.0025998147,0.0048748637,-0.0030478751,0.0074717836829651515,0.8275862068965517,29,True
0--30s,train2000_2021_test2022_2024,2000-2021,2022-2024,27,30,28.5,-7,0.017351564969669626,0.017351564969669626,0.026752916397841085,0.014462072022756121,0.010839706488411675,0.021414107,0.022127224,0.015049896,0.012822933894989367,0.8712121212121212,44,True
0--30s,train2000_2021_test2022_2024,2000-2021,2022-2024,27,30,28.5,-6,0.016089839178489815,0.016089839178489815,0.0241638756703153,0.012695443359537206,0.011410198505616937,0.019365182,0.019549113,0.015836962,0.013253489449967999,0.8699186991869918,41,True
0--30s,train2000_2021_test2022_2024,2000-2021,2022-2024,27,30,28.5,-5,0.010397488292692277,0.010397488292692277,0.01553446199703133,0.006945587789922203,0.008712415091123298,0.012536008,0.011158122,0.012115032,0.012769981118219484,0.8666666666666667,45,True
0--30s,train2000_2021_test2022_2024,2000-2021,2022-2024,27,30,28.5,-4,0.0057752427546553485,0.0057752427546553485,0.008570976414965886,0.00042715033878787937,0.008327601510212279,0.0070252204,0.0016455083,0.011584134,0.014492575306284828,0.7979797979797979,33,True
0--30s,train2000_2021_test2022_2024,2000-2021,2022-2024,27,30,28.5,-3,-0.00041040014251163064,-0.00041040014251163064,-0.001146277870115791,0.0053010868441818295,-0.005386009401600931,-0.00066485297,0.008758236,-0.0073355027,0.012654366282191746,0.8333333333333333,38,True
0--30s,train2000_2021_test2022_2024,2000-2021,2022-2024,27,30,28.5,-2,0.0019456465188858103,0.0019456465188858103,0.004664530041522751,0.00510909298036713,-0.00393668346523245,0.003933724,0.008478052,-0.005335977,0.011314949162641226,0.8148148148148148,27,True
0--30s,train2000_2021_test2022_2024,2000-2021,2022-2024,27,30,28.5,-1,0.00865284154992524,0.00865284154992524,0.020696172034552575,0.004455017186827256,0.0008073354283958941,0.016620899,0.0075235334,0.0012089888,0.006729827508595151,0.7387387387387387,37,True
0--30s,train2000_2021_test2022_2024,2000-2021,2022-2024,27,30,28.5,0,-0.0037538985851398336,-0.0037538985851398336,-0.00821940250708079,-0.0007286071213542146,-0.002313686126984497,-0.006262406,-4.1134124e-05,-0.00309685,0.004320453611407598,0.8730158730158729,42,True
0--30s,train2000_2021_test2022_2024,2000-2021,2022-2024,27,30,28.5,1,-0.0023578427691635646,-0.0023578427691635646,-0.004409727426042432,-0.0012435433601333558,-0.001420257521314906,-0.003247493,-0.0007926009,-0.0018642535,0.003338167626880482,0.9012345679012346,27,True
0--30s,train2000_2021_test2022_2024,2000-2021,2022-2024,27,30,28.5,2,-0.005018588408923208,-0.005018588408923208,-0.008341689520712788,-0.005962384535997878,-0.0007516911700589567,-0.0063591823,-0.007678992,-0.00094188284,0.0021944555468394206,0.8333333333333334,30,True
0--30s,train2000_2021_test2022_2024,2000-2021,2022-2024,27,30,28.5,3,-0.0073204336673339185,-0.0073204336673339185,-0.01052557573544385,-0.007456498882834941,-0.003979226383722966,-0.008087474,-0.009859412,-0.00539467,0.00149829039408246,1.0,25,True
0--30s,train2000_2021_test2022_2024,2000-2021,2022-2024,27,30,28.5,4,-0.0017896751916848064,-0.0017896751916848064,-0.0032013822651887425,-0.004877664341655068,0.002710021031789392,-0.0022912284,-0.006096017,0.003833981,0.002660069609689398,0.6904761904761905,14,True
0--30s,train2000_2021_test2022_2024,2000-2021,2022-2024,27,30,28.5,5,-0.002504996393749458,-0.002504996393749458,-0.0016512129834353557,-0.0068310606186638805,0.0009672844208508601,-0.0010644501,-0.008946685,0.0014296584,0.0030973778843756262,0.7368421052631579,19,True
0--30s,train2000_2021_test2022_2024,2000-2021,2022-2024,27,30,28.5,6,-0.0017903411202963306,-0.0017903411202963306,0.0009169810181828469,-0.006094690585137743,-0.00019331379393409568,0.0009679758,-0.007872071,-0.00017153159,0.003349575426975542,0.7647058823529411,17,True
0--30s,train2000_2021_test2022_2024,2000-2021,2022-2024,27,30,28.5,7,-0.0036165026443233748,-0.0036165026443233748,-0.0030130631246173957,-0.007356057963516575,-0.00048038684483615353,-0.0021421958,-0.009712835,-0.0005675847,0.0023665432864365486,0.8055555555555555,12,True
0--30s,train2000_2021_test2022_2024,2000-2021,2022-2024,27,30,28.5,8,-0.004416963994733724,-0.004416963994733724,-0.005368541598769992,-0.0066763347808400245,-0.0012060156045911542,-0.0040062824,-0.008720888,-0.00156868,0.0028058221350248337,0.8571428571428571,7,False
0--30s,train2000_2021_test2022_2024,2000-2021,2022-2024,27,30,28.5,9,-0.0037882092384980137,-0.0037882092384980137,-0.003503692538728593,-0.007148942570380094,-0.0007119926063853543,-0.002530472,-0.0094105825,-0.0008871138,0.0030050477137786055,0.8070175438596491,19,True
0--30s,train2000_2021_test2022_2024,2000-2021,2022-2024,27,30,28.5,10,-0.003278021547919816,-0.003278021547919816,-0.0022420355647891216,-0.006877789526622936,-0.0007142395523473903,-0.0015320174,-0.009014879,-0.00089021365,0.002457534184267673,0.7857142857142857,14,True
