time_left_game,score_diff,cate_value,tau_mean_ensemble,tau_catboost,tau_xgb,tau_lgbm,tau_std_across_models,tau_sign_agree_ratio,tau_sign_disagree,n_in_cell,cell_count,cell_count_log1p,time_cell_width,cell_density,cell_density_log1p,shown_in_figure
0.0,-10.0,-0.0018321219831705,-0.0018321219831705,0.0027091761585325,-0.0053744125179946,-0.0028311295900493,0.0033748692440617,0.3333333333333333,1,90,90,4.51085950651685,0.5,180.0,5.198497031265826,True
0.0,-9.0,-0.0038071073358878,-0.0038071073358878,-0.0012374465586617,-0.0065026506781578,-0.0036812247708439,0.002151352817822,0.0,0,125,125,4.836281906951478,0.5,250.0,5.5254529391317835,True
0.0,-8.0,-0.0025767826009541,-0.0025767826009541,0.0036208292003721,-0.0087920259684324,-0.0025591510348021,0.005067542238898,0.3333333333333333,1,163,163,5.099866427824199,0.5,326.0,5.7899601708972535,True
0.0,-7.0,-0.0020969070804615,-0.0020969070804615,0.000987438717857,-0.005111948121339,-0.0021662118379026,0.0024905464347665,0.3333333333333333,1,277,277,5.627621113690637,0.5,554.0,6.318968113746434,True
0.0,-6.0,-0.002563965555358,-0.002563965555358,-0.0001529719738755,-0.0058059031143784,-0.0017330215778201,0.0023814223397193,0.0,0,363,363,5.8971538676367405,0.5,726.0,6.588926477533519,True
0.0,-5.0,-0.005963624222204,-0.005963624222204,-0.0021871190983802,-0.0106064220890402,-0.0050973314791917,0.0034913238224281,0.0,0,499,499,6.214608098422191,0.5,998.0,6.906754778648554,True
0.0,-4.0,-0.0092298213082055,-0.0092298213082055,-0.0067932014353573,-0.0104629825800657,-0.0104332799091935,0.0017229931061447,0.0,0,564,564,6.336825731146441,0.5,1128.0,7.029087564149662,True
0.0,-3.0,-0.0075779828863839,-0.0075779828863839,-0.0056464322842657,-0.0107627874240279,-0.0063247289508581,0.0022689581381808,0.0,0,734,734,6.5998704992128365,0.5,1468.0,7.292337176173877,True
0.0,-2.0,-0.0149421390766898,-0.0149421390766898,-0.0140236811712384,-0.0191159769892692,-0.0116867590695619,0.0031017192455894,0.0,0,782,782,6.663132695990803,0.5,1564.0,7.355641102974253,True
0.0,-1.0,-0.0454191913207372,-0.0454191913207372,-0.0423485338687896,-0.0511579364538192,-0.0427511036396026,0.0040612323566415,0.0,0,553,553,6.317164686747284,0.5,1106.0,7.009408932708637,True
0.0,0.0,-0.0234444333861271,-0.0234444333861271,-0.0210822019726037,-0.0289804972708225,-0.0202706009149551,0.0039285855445071,0.0,0,1476,1476,7.29776828253138,0.5,2952.0,7.990576881743923,True
0.0,1.0,-0.0189153266449769,-0.0189153266449769,-0.0171188544481992,-0.0210881661623716,-0.0185389593243598,0.0016421729793351,0.0,0,5,5,1.791759469228055,0.5,10.0,2.3978952727983707,False
0.0,2.0,-0.0082638047945996,-0.0082638047945996,-0.0079859690740704,-0.0076856766827404,-0.0091197686269879,0.0006175486171632,0.0,0,16,16,2.833213344056216,0.5,32.0,3.4965075614664802,False
0.0,3.0,-0.0043230038912345,-0.0043230038912345,0.0013743957970291,-0.0066829435527324,-0.0076604639180004,0.0040483872444879,0.3333333333333333,1,13,13,2.639057329615259,0.5,26.0,3.295836866004329,False
0.0,4.0,-0.0012610117749621,-0.0012610117749621,0.0041546551510691,-0.0038879576604813,-0.0040497328154742,0.0038300242810784,0.3333333333333333,1,12,12,2.5649493574615367,0.5,24.0,3.2188758248682006,False
0.0,5.0,-0.001333296764642,-0.001333296764642,0.0048504560254514,-0.0052267531864345,-0.0036235931329429,0.0044212840869306,0.3333333333333333,1,15,15,2.772588722239781,0.5,30.0,3.4339872044851463,False
0.0,6.0,1.1437417318423588e-06,1.1437417318423588e-06,0.0088009499013423,-0.0052311359904706,-0.0035663826856762,0.0062594085038175,0.3333333333333333,1,4,4,1.6094379124341003,0.5,8.0,2.1972245773362196,False
0.0,7.0,-0.0004841595267256,-0.0004841595267256,0.0085022887215018,-0.0061860955320298,-0.0037686717696487,0.0064305610693667,0.3333333333333333,1,10,10,2.3978952727983707,0.5,20.0,3.044522437723423,False
0.0,8.0,-0.0009333599979678,-0.0009333599979678,0.0072614285163581,-0.0061860955320298,-0.0038754129782319,0.0058708734479066,0.3333333333333333,1,5,5,1.791759469228055,0.5,10.0,2.3978952727983707,False
0.0,9.0,-0.0009333599979678,-0.0009333599979678,0.0072614285163581,-0.0061860955320298,-0.0038754129782319,0.0058708734479066,0.3333333333333333,1,10,10,2.3978952727983707,0.5,20.0,3.044522437723423,False
0.0,10.0,-0.0009648096747696,-0.0009648096747696,0.0071670794859528,-0.0061860955320298,-0.0038754129782319,0.0058269791749421,0.3333333333333333,1,18,18,2.9444389791664403,0.5,36.0,3.6109179126442243,False
1.0,-10.0,-0.0008678605469564,-0.0008678605469564,0.0034187228884547,-0.0034901634790003,-0.0025321410503238,0.0030562013355382,0.3333333333333333,1,44,44,3.8066624897703196,1.0,44.0,3.8066624897703196,False
1.0,-9.0,-0.002693230380828,-0.002693230380828,-7.905303937150165e-05,-0.0046184016391634,-0.003382236463949,0.0019161538672632,0.0,0,78,78,4.3694478524670215,1.0,78.0,4.3694478524670215,True
1.0,-8.0,-0.0024738315648088,-0.0024738315648088,0.0016472998540848,-0.0069077727384865,-0.0021610218100249,0.0034995908544721,0.3333333333333333,1,114,114,4.74493212836325,1.0,114.0,4.74493212836325,True
1.0,-7.0,-0.0017613306796799,-0.0017613306796799,-0.0002882141852751,-0.0032276948913931,-0.0017680829623714,0.0012000474713947,0.0,0,154,154,5.043425116919247,1.0,154.0,5.043425116919247,True
1.0,-6.0,-0.0019263714396705,-0.0019263714396705,-0.000522569171153,-0.0039216522127389,-0.0013348929351195,0.0014493277745007,0.0,0,224,224,5.41610040220442,1.0,224.0,5.41610040220442,True
1.0,-5.0,-0.0052847093126426,-0.0052847093126426,-0.0025567163247615,-0.0087221711874008,-0.0045752404257655,0.0025665434591937,0.0,0,269,269,5.598421958998375,1.0,269.0,5.598421958998375,True
1.0,-4.0,-0.0096181846844653,-0.0096181846844653,-0.007207806687802,-0.0085787298157811,-0.0130680175498127,0.0025027808073994,0.0,0,314,314,5.752572638825633,1.0,314.0,5.752572638825633,True
1.0,-3.0,-0.0079663422269125,-0.0079663422269125,-0.0060610366053879,-0.0088785244151949,-0.0089594656601548,0.0013476597010729,0.0,0,328,328,5.796057750765372,1.0,328.0,5.796057750765372,True
1.0,-2.0,-0.0148234966521461,-0.0148234966521461,-0.0129172727465629,-0.0172317195683717,-0.0143214976415038,0.0017967776897487,0.0,0,301,301,5.71042701737487,1.0,301.0,5.71042701737487,True
1.0,-1.0,-0.0379942879080772,-0.0379942879080772,-0.0394814908504486,-0.040918231010437,-0.0335831418633461,0.003173821318515,0.0,0,250,250,5.5254529391317835,1.0,250.0,5.5254529391317835,True
1.0,0.0,-0.0208705632636944,-0.0208705632636944,-0.0201314203441143,-0.0263391286134719,-0.016141140833497,0.0041959891866562,0.0,0,553,553,6.317164686747284,1.0,553.0,6.317164686747284,True
1.0,1.0,-0.0163887180387973,-0.0163887180387973,-0.0161680653691291,-0.0185885932296514,-0.0144094955176115,0.001713228944064,0.0,0,4,4,1.6094379124341003,1.0,4.0,1.6094379124341003,False
1.0,2.0,-0.0066807908006012,-0.0066807908006012,-0.0070351851172745,-0.0051860874518752,-0.007821099832654,0.0011045418538869,0.0,0,5,5,1.791759469228055,1.0,5.0,1.791759469228055,False
1.0,3.0,-0.0031633021620412,-0.0031633021620412,0.0023538912646472,-0.0041833338327705,-0.0076604639180004,0.0041514797271995,0.3333333333333333,1,4,4,1.6094379124341003,1.0,4.0,1.6094379124341003,False
1.0,4.0,-0.000101314120305,-0.000101314120305,0.0051341508515179,-0.0013883603969588,-0.0040497328154742,0.0038581771076418,0.3333333333333333,1,7,7,2.0794415416798357,1.0,7.0,2.0794415416798357,False
1.0,5.0,-0.0001736025636394,-0.0001736025636394,0.0058299521915614,-0.0027271667495369,-0.0036235931329429,0.0042608995403348,0.3333333333333333,1,8,8,2.1972245773362196,1.0,8.0,2.1972245773362196,False
1.0,6.0,0.00056787331899,0.00056787331899,0.0080015566200017,-0.0027315539773553,-0.0035663826856762,0.0052674453205745,0.3333333333333333,1,8,8,2.1972245773362196,1.0,8.0,2.1972245773362196,False
1.0,7.0,8.257012814283371e-05,8.257012814283371e-05,0.007702896837145,-0.0036865146830677,-0.0037686717696487,0.0053884890776956,0.3333333333333333,1,7,7,2.0794415416798357,1.0,7.0,2.0794415416798357,False
1.0,8.0,-7.397324467698733e-05,-7.397324467698733e-05,0.0073400079272687,-0.0036865146830677,-0.0038754129782319,0.0052430435343703,0.3333333333333333,1,4,4,1.6094379124341003,1.0,4.0,1.6094379124341003,False
1.0,9.0,-7.397324467698733e-05,-7.397324467698733e-05,0.0073400079272687,-0.0036865146830677,-0.0038754129782319,0.0052430435343703,0.3333333333333333,1,16,16,2.833213344056216,1.0,16.0,2.833213344056216,False
1.0,10.0,-0.0001054226110378,-0.0001054226110378,0.007245659828186,-0.0036865146830677,-0.0038754129782319,0.0051985722663489,0.3333333333333333,1,4,4,1.6094379124341003,1.0,4.0,1.6094379124341003,False
2.0,-10.0,0.0039484784162292,0.0039484784162292,0.0064145186915993,0.0033356379717588,0.0020952785853296,0.0018157897880695,1.0,0,49,49,3.912023005428146,1.0,49.0,3.912023005428146,False
2.0,-9.0,0.0018310629529878,0.0018310629529878,0.0020406041294336,0.0022074009757488,0.001245183753781,0.0004198381624964,1.0,0,82,82,4.418840607796598,1.0,82.0,4.418840607796598,True
2.0,-8.0,0.0013145457584566,0.0013145457584566,0.0018028842750936,-8.196101407520473e-05,0.0022227140143513,0.0010022433592651,0.6666666666666666,1,114,114,4.74493212836325,1.0,114.0,4.74493212836325,True
2.0,-7.0,0.0034711065236479,0.0034711065236479,0.004199550487101,0.0035981158725917,0.0026156532112509,0.0006528303384242,1.0,0,137,137,4.927253685157205,1.0,137.0,4.927253685157205,True
2.0,-6.0,0.0022020084870746,0.0022020084870746,0.0002189188526244,0.0029157581739127,0.0034713484346866,0.0014204819623785,1.0,0,176,176,5.176149732573829,1.0,176.0,5.176149732573829,True
2.0,-5.0,0.0012268266485383,0.0012268266485383,0.0031758835539221,0.0028028425294905,-0.0022982461377978,0.0024972509569795,0.6666666666666666,1,243,243,5.497168225293202,1.0,243.0,5.497168225293202,True
2.0,-4.0,-0.00601912701192,-0.00601912701192,-0.0069504603743553,-0.0029643841553479,-0.0081425365060567,0.0022141743104788,0.0,0,245,245,5.5053315359323625,1.0,245.0,5.5053315359323625,True
2.0,-3.0,-0.0040596446488052,-0.0040596446488052,-0.0045772651210427,-0.0021192084532231,-0.0054824603721499,0.0014209888769212,0.0,0,267,267,5.5909869805108565,1.0,267.0,5.5909869805108565,True
2.0,-2.0,-0.0071178645205994,-0.0071178645205994,-0.0044278134591877,-0.00765395257622,-0.0092718275263905,0.0020135641490234,0.0,0,219,219,5.393627546352361,1.0,219.0,5.393627546352361,True
2.0,-1.0,-0.0199561274300018,-0.0199561274300018,-0.0198422875255346,-0.028382197022438,-0.011643897742033,0.0068338561755907,0.0,0,164,164,5.10594547390058,1.0,164.0,5.10594547390058,True
2.0,0.0,-0.0140726370736956,-0.0140726370736956,-0.0134978480637073,-0.0188730210065841,-0.0098470421507954,0.0037071876475111,0.0,0,213,213,5.365976015021851,1.0,213.0,5.365976015021851,True
2.0,1.0,-0.0128289681548873,-0.0128289681548873,-0.0109926192089915,-0.0178190004080533,-0.0096752848476171,0.0035692351067273,0.0,0,5,5,1.791759469228055,1.0,5.0,1.791759469228055,False
2.0,2.0,-0.004676956217736,-0.004676956217736,-0.005743839778006,-0.0035321777686476,-0.0047548511065542,0.0009045856956595,0.0,0,5,5,1.791759469228055,1.0,5.0,1.791759469228055,False
2.0,3.0,-0.0018703917351861,-0.0018703917351861,0.0035799341276288,-0.0029773744754493,-0.006213734857738,0.0040741499022629,0.3333333333333333,1,9,9,2.302585092994046,1.0,9.0,2.302585092994046,False
2.0,4.0,0.0016377028611411,0.0016377028611411,0.0076985182240605,-0.0001824070495786,-0.0026030025910586,0.0043981005628497,0.3333333333333333,1,2,2,1.0986122886681096,1.0,2.0,1.0986122886681096,False
2.0,5.0,0.0008969253394752,0.0008969253394752,0.0065544471144676,-0.0016868084203451,-0.0021768626756966,0.0040054714886166,0.3333333333333333,1,3,3,1.3862943611198906,1.0,3.0,1.3862943611198906,False
2.0,6.0,0.0004919635442396,0.0004919635442396,0.0052867480553686,-0.0016912049613893,-0.0021196524612605,0.0033949335483097,0.3333333333333333,1,1,1,0.6931471805599453,1.0,1.0,0.6931471805599453,False
2.0,7.0,6.657869865496953e-06,6.657869865496953e-06,0.0049880873411893,-0.0026461724191904,-0.0023219413124024,0.0035248887581485,0.3333333333333333,1,5,5,1.791759469228055,1.0,5.0,1.791759469228055,False
2.0,8.0,-0.0001498846492419,-0.0001498846492419,0.0046252012252807,-0.0026461724191904,-0.0024286827538162,0.0033776628280944,0.3333333333333333,1,11,11,2.4849066497880004,1.0,11.0,2.4849066497880004,False
2.0,9.0,-0.0001498846492419,-0.0001498846492419,0.0046252012252807,-0.0026461724191904,-0.0024286827538162,0.0033776628280944,0.3333333333333333,1,7,7,2.0794415416798357,1.0,7.0,2.0794415416798357,False
2.0,10.0,-0.000258405925706,-0.000258405925706,0.0042996373958885,-0.0026461724191904,-0.0024286827538162,0.0032242461268525,0.3333333333333333,1,8,8,2.1972245773362196,1.0,8.0,2.1972245773362196,False
3.0,-10.0,-0.0057565136812627,-0.0057565136812627,-0.0051273251883685,-0.0079977139830589,-0.0041445018723607,0.0016347720559149,0.0,0,53,53,3.9889840465642745,1.0,53.0,3.9889840465642745,True
3.0,-9.0,-0.0080287808862825,-0.0080287808862825,-0.0095012402161955,-0.0091259516775608,-0.0054591507650911,0.0018234508660975,0.0,0,70,70,4.2626798770413155,1.0,70.0,4.2626798770413155,True
3.0,-8.0,-0.0110633643344044,-0.0110633643344044,-0.013664923608303,-0.0121094798669219,-0.0074156895279884,0.0026563132255279,0.0,0,103,103,4.6443908991413725,1.0,103.0,4.6443908991413725,True
3.0,-7.0,-0.0071196082668999,-0.0071196082668999,-0.0069600441493093,-0.0098694590851664,-0.004529321566224,0.0021830197297964,0.0,0,136,136,4.919980925828125,1.0,136.0,4.919980925828125,True
3.0,-6.0,-0.0086387069507812,-0.0086387069507812,-0.0136327408254146,-0.0108371088281273,-0.0014462711988016,0.0052123084201934,0.0,0,154,154,5.043425116919247,1.0,154.0,5.043425116919247,True
3.0,-5.0,-0.0174244713659087,-0.0174244713659087,-0.022187951952219,-0.0187112316489219,-0.0113742304965853,0.0045074720889846,0.0,0,215,215,5.375278407684165,1.0,215.0,5.375278407684165,True
3.0,-4.0,-0.0317635828008254,-0.0317635828008254,-0.036681555211544,-0.031146828085184,-0.0274623651057481,0.0037889010135878,0.0,0,216,216,5.37989735354046,1.0,216.0,5.37989735354046,True
3.0,-3.0,-0.0340074176589647,-0.0340074176589647,-0.0369303449988365,-0.032345350831747,-0.0327465571463108,0.0020733016828782,0.0,0,244,244,5.501258210544727,1.0,244.0,5.501258210544727,True
3.0,-2.0,-0.0344927012920379,-0.0344927012920379,-0.0379647314548492,-0.032345350831747,-0.0331680215895175,0.0024779617810512,0.0,0,177,177,5.181783550292085,1.0,177.0,5.181783550292085,True
3.0,-1.0,-0.0410511543353398,-0.0410511543353398,-0.0459779500961303,-0.0472725108265876,-0.0299030020833015,0.0079006306012951,0.0,0,167,167,5.123963979403259,1.0,167.0,5.123963979403259,True
3.0,0.0,-0.0133637340428928,-0.0133637340428928,-0.0141722559928894,-0.0198883041739463,-0.0060306419618427,0.0056861809857414,0.0,0,183,183,5.214935757608986,1.0,183.0,5.214935757608986,True
3.0,1.0,-0.0077100275084376,-0.0077100275084376,-0.0098664024844765,-0.0096977204084396,-0.0035659596323966,0.0029311075644563,0.0,0,15,15,2.772588722239781,1.0,15.0,2.772588722239781,False
3.0,2.0,-0.005696123621116,-0.005696123621116,-0.0041779153980314,-0.0061680972576141,-0.0067423582077026,0.0010988360709345,0.0,0,19,19,2.995732273553991,1.0,19.0,2.995732273553991,False
3.0,3.0,-0.0037417758721858,-0.0037417758721858,0.0025172817986458,-0.0071379179134964,-0.0066046915017068,0.0044311725157611,0.3333333333333333,1,12,12,2.5649493574615367,1.0,12.0,2.5649493574615367,False
3.0,4.0,0.0007097464986145,0.0007097464986145,0.0087720034644007,-0.0036488031037151,-0.0029939608648419,0.0057071414401157,0.3333333333333333,1,14,14,2.70805020110221,1.0,14.0,2.70805020110221,False
3.0,5.0,7.736488866309325e-05,7.736488866309325e-05,0.0079531148076057,-0.0051531996577978,-0.0025678204838186,0.0056681345524846,0.3333333333333333,1,7,7,2.0794415416798357,1.0,7.0,2.0794415416798357,False
3.0,6.0,-0.0006923975888639,-0.0006923975888639,0.0055909911170601,-0.0051575736142694,-0.0025106102693825,0.0045725509991393,0.3333333333333333,1,1,1,0.6931471805599453,1.0,1.0,0.6931471805599453,False
3.0,7.0,-0.0012347216252237,-0.0012347216252237,0.005121277179569,-0.0061125424690544,-0.0027128995861858,0.0047037880860468,0.3333333333333333,1,4,4,1.6094379124341003,1.0,4.0,1.6094379124341003,False
3.0,8.0,-0.0013331364995489,-0.0013331364995489,0.0049327737651765,-0.0061125424690544,-0.0028196407947689,0.0046301205127096,0.3333333333333333,1,11,11,2.4849066497880004,1.0,11.0,2.4849066497880004,False
3.0,9.0,-0.0013331364995489,-0.0013331364995489,0.0049327737651765,-0.0061125424690544,-0.0028196407947689,0.0046301205127096,0.3333333333333333,1,13,13,2.639057329615259,1.0,13.0,2.639057329615259,False
3.0,10.0,-0.0014416576207925,-0.0014416576207925,0.0046072104014456,-0.0061125424690544,-0.0028196407947689,0.0044834810599183,0.3333333333333333,1,12,12,2.5649493574615367,1.0,12.0,2.5649493574615367,False
4.0,-10.0,0.0022245022119022,0.0022245022119022,0.0033694843295961,0.0029197335243225,0.0003842887817882,0.0013141177136492,1.0,0,53,53,3.9889840465642745,1.0,53.0,3.9889840465642745,True
4.0,-9.0,-0.0002858419902622,-0.0002858419902622,-0.0013517338084056,0.0017914968775585,-0.0012972890399396,0.0014690685568351,0.3333333333333333,1,71,71,4.276666119016055,1.0,71.0,4.276666119016055,True
4.0,-8.0,-0.0037176611367613,-0.0037176611367613,-0.0071394462138414,-0.0011920160613954,-0.002821521135047,0.0025093533737545,0.0,0,104,104,4.653960350157523,1.0,104.0,4.653960350157523,True
4.0,-7.0,0.0016455963098754,0.0016455963098754,0.0016806356143206,0.0019284507725387,0.0013277025427669,0.0002465027701473,1.0,0,144,144,4.976733742420574,1.0,144.0,4.976733742420574,True
4.0,-6.0,0.0021478521327177,0.0021478521327177,-0.003122272202745,0.006107173860073,0.0034586547408252,0.0038802337785828,0.6666666666666666,1,166,166,5.117993812416755,1.0,166.0,5.117993812416755,True
4.0,-5.0,-0.0042181990575045,-0.0042181990575045,-0.0083891805261373,0.001459841383621,-0.0057252580299973,0.0041596657080951,0.3333333333333333,1,178,178,5.187385805840755,1.0,178.0,5.187385805840755,True
4.0,-4.0,-0.0126353205802539,-0.0126353205802539,-0.0193199124187231,-0.0067770243622362,-0.0118090249598026,0.0051538389276779,0.0,0,220,220,5.3981627015177525,1.0,220.0,5.3981627015177525,True
4.0,-3.0,-0.0142741554106275,-0.0142741554106275,-0.0206099804490804,-0.0079755634069442,-0.0142369223758578,0.00515804634998,0.0,0,180,180,5.198497031265826,1.0,180.0,5.198497031265826,True
4.0,-2.0,-0.0130996137546996,-0.0130996137546996,-0.0181714612990617,-0.0072518694214522,-0.0138755105435848,0.0044915389763153,0.0,0,172,172,5.153291594497779,1.0,172.0,5.153291594497779,True
4.0,-1.0,-0.0084225370859106,-0.0084225370859106,-0.0118543077260255,-0.007695217616856,-0.0057180859148502,0.0025573488533421,0.0,0,123,123,4.820281565605037,1.0,123.0,4.820281565605037,True
4.0,0.0,-0.0057969713040317,-0.0057969713040317,-0.009924404323101,-0.0085822418332099,0.0011157322442159,0.0049186348239312,0.3333333333333333,1,100,100,4.61512051684126,1.0,100.0,4.61512051684126,True
4.0,1.0,-0.0032809397671371,-0.0032809397671371,-0.0047061331570148,-0.0037531168200075,-0.0013835693243891,0.0013969182706732,0.0,0,29,29,3.4011973816621555,1.0,29.0,3.4011973816621555,False
4.0,2.0,-0.0054875390293697,-0.0054875390293697,-0.005300257820636,-0.0054169218055903,-0.0057454374618828,0.0001884786857372,0.0,0,18,18,2.9444389791664403,1.0,18.0,2.9444389791664403,False
4.0,3.0,-0.0054350048303604,-0.0054350048303604,-0.004310495685786,-0.0063867475837469,-0.0056077712215483,0.0008563845146465,0.0,0,23,23,3.1780538303479458,1.0,23.0,3.1780538303479458,False
4.0,4.0,-0.0010374966853608,-0.0010374966853608,0.0017821821384131,-0.0028976320754736,-0.0019970401190221,0.0020274298952016,0.3333333333333333,1,10,10,2.3978952727983707,1.0,10.0,2.3978952727983707,False
4.0,5.0,-0.0016055624388779,-0.0016055624388779,0.0011562337167561,-0.004402020946145,-0.0015709000872448,0.0022692803313504,0.3333333333333333,1,7,7,2.0794415416798357,1.0,7.0,2.0794415416798357,False
4.0,6.0,-0.001926571271421,-0.001926571271421,0.0001403750356985,-0.0044063990935683,-0.0015136897563934,0.0018790320388844,0.3333333333333333,1,4,4,1.6094379124341003,1.0,4.0,1.6094379124341003,False
4.0,7.0,-0.002398489882277,-0.002398489882277,-0.0001181243715109,-0.0053613665513694,-0.0017159787239506,0.0021942748612532,0.0,0,4,4,1.6094379124341003,1.0,4.0,1.6094379124341003,False
4.0,8.0,-0.0024969045286222,-0.0024969045286222,-0.0003066271019633,-0.0053613665513694,-0.0018227199325338,0.0021179378929432,0.0,0,7,7,2.0794415416798357,1.0,7.0,2.0794415416798357,False
4.0,9.0,-0.0024969045286222,-0.0024969045286222,-0.0003066271019633,-0.0053613665513694,-0.0018227199325338,0.0021179378929432,0.0,0,24,24,3.2188758248682006,1.0,24.0,3.2188758248682006,False
4.0,10.0,-0.0026054256983722,-0.0026054256983722,-0.0006321906112134,-0.0053613665513694,-0.0018227199325338,0.0020084401086656,0.0,0,12,12,2.5649493574615367,1.0,12.0,2.5649493574615367,False
5.0,-10.0,0.0032316263532266,0.0032316263532266,0.0068681575357913,0.0033323047682642,-0.0005055832443758,0.003011158733856,0.6666666666666666,1,41,41,3.7376696182833684,1.0,41.0,3.7376696182833684,False
5.0,-9.0,0.0007212831793973,0.0007212831793973,0.0021469395142048,0.0022040714975446,-0.0021871614735573,0.0020567131934806,0.6666666666666666,1,82,82,4.418840607796598,1.0,82.0,4.418840607796598,True
5.0,-8.0,-0.0026321229912961,-0.0026321229912961,-0.0028847397770732,-0.0017260200111195,-0.0032856091856956,0.0006612821025381,0.0,0,121,121,4.804021044733257,1.0,121.0,4.804021044733257,True
5.0,-7.0,0.0036286882435282,0.0036286882435282,0.0080702072009444,0.0019522440852597,0.0008636134443804,0.0031719181530929,1.0,0,147,147,4.997212273764115,1.0,147.0,4.997212273764115,True
5.0,-6.0,0.0031012216010518,0.0031012216010518,0.0032673007808625,0.0060483771376311,-1.2013115338049827e-05,0.0024769294465858,0.6666666666666666,1,156,156,5.056245805348308,1.0,156.0,5.056245805348308,True
5.0,-5.0,-0.0013080204759413,-0.0013080204759413,-0.0011599221033975,0.0086292875930666,-0.0113934269174933,0.0081749097421647,0.3333333333333333,1,191,191,5.2574953720277815,1.0,191.0,5.2574953720277815,True
5.0,-4.0,-0.0025762123987078,-0.0025762123987078,-0.00946940574795,0.0050348527729511,-0.0032940842211246,0.0059430566644529,0.3333333333333333,1,201,201,5.308267697401205,1.0,201.0,5.308267697401205,True
5.0,-3.0,-0.0026755112727793,-0.0026755112727793,-0.0125702479854226,0.0038363132625818,0.0007074009045027,0.0071122844007408,0.6666666666666666,1,200,200,5.303304908059076,1.0,200.0,5.303304908059076,True
5.0,-2.0,-0.0003128674967835,-0.0003128674967835,-0.0086786076426506,0.0051254658028483,0.0026145393494516,0.0060036319038129,0.6666666666666666,1,156,156,5.056245805348308,1.0,156.0,5.056245805348308,True
5.0,-1.0,0.0054866655021517,0.0054866655021517,-0.0001290371437789,0.0030147621873766,0.0135742714628577,0.0058610520210611,0.6666666666666666,1,114,114,4.74493212836325,1.0,114.0,4.74493212836325,True
5.0,0.0,-0.0008420921706904,-0.0008420921706904,-0.0010828720405697,-0.0034163380041718,0.0019729335326701,0.0022067386393738,0.3333333333333333,1,79,79,4.382026634673881,1.0,79.0,4.382026634673881,True
5.0,1.0,-0.0012347479738915,-0.0012347479738915,-0.0012142119230702,-0.0014281847979873,-0.0010618472006171,0.00015026000987,0.0,0,42,42,3.7612001156935624,1.0,42.0,3.7612001156935624,False
5.0,2.0,-0.0036560472411413,-0.0036560472411413,-0.0021398514509201,-0.0030920808203518,-0.0057362094521522,0.00152140095769,0.0,0,35,35,3.58351893845611,1.0,35.0,3.58351893845611,False
5.0,3.0,-0.0045089229630927,-0.0045089229630927,-0.0034593613818287,-0.004619704093784,-0.0054477034136652,0.0008155081659431,0.0,0,30,30,3.4339872044851463,1.0,30.0,3.4339872044851463,False
5.0,4.0,-0.0002288613856459,-0.0002288613856459,0.0022010644897818,-0.0011305813677608,-0.0017570672789588,0.0017371482318803,0.3333333333333333,1,4,4,1.6094379124341003,1.0,4.0,1.6094379124341003,False
5.0,5.0,-0.0005076184752397,-0.0005076184752397,0.0019826516509056,-0.0026349904946982,-0.0008705165819264,0.0019025291978647,0.3333333333333333,1,10,10,2.3978952727983707,1.0,10.0,2.3978952727983707,False
5.0,6.0,-0.001165097864335,-0.001165097864335,-4.2608804506016895e-05,-0.0026393784210085,-0.0008133063674904,0.0010889202766155,0.0,0,5,5,1.791759469228055,1.0,5.0,1.791759469228055,False
5.0,7.0,-0.0016370166655785,-0.0016370166655785,-0.0003011080261785,-0.0035943465773016,-0.0010155953932553,0.0014144441398001,0.0,0,11,11,2.4849066497880004,1.0,11.0,2.4849066497880004,False
5.0,8.0,-0.0017354312197615,-0.0017354312197615,-0.0004896108293905,-0.0035943465773016,-0.0011223362525925,0.0013395920013609,0.0,0,10,10,2.3978952727983707,1.0,10.0,2.3978952727983707,False
5.0,9.0,-0.0017354312197615,-0.0017354312197615,-0.0004896108293905,-0.0035943465773016,-0.0011223362525925,0.0013395920013609,0.0,0,21,21,3.091042453358316,1.0,21.0,3.091042453358316,False
5.0,10.0,-0.0018439523992128,-0.0018439523992128,-0.0008151743677444,-0.0035943465773016,-0.0011223362525925,0.0012440516977176,0.0,0,18,18,2.9444389791664403,1.0,18.0,2.9444389791664403,False
6.0,-10.0,0.0048674902257819,0.0048674902257819,0.0090283714234828,0.0033332372549921,0.0022408619988709,0.0029757934718975,1.0,0,59,59,4.0943445622221,1.0,59.0,4.0943445622221,True
6.0,-9.0,0.0023571464698761,0.0023571464698761,0.0043071513064205,0.0022050039842724,0.0005592841189354,0.001533837804485,1.0,0,93,93,4.543294782270004,1.0,93.0,4.543294782270004,True
6.0,-8.0,-0.0007074474245503,-0.0007074474245503,-6.525440403493121e-05,-0.0017250883392989,-0.0003319995303172,0.0007277742388619,0.0,0,99,99,4.605170185988092,1.0,99.0,4.605170185988092,True
6.0,-7.0,0.0063713104464113,0.0063713104464113,0.0108896950259804,0.0040206378325819,0.0042035984806716,0.003195853360878,1.0,0,129,129,4.867534450455582,1.0,129.0,4.867534450455582,True
6.0,-6.0,0.0076222112402319,0.0076222112402319,0.0081292353570461,0.00811677146703,0.0066206268966197,0.0007082453601049,1.0,0,162,162,5.093750200806762,1.0,162.0,5.093750200806762,True
6.0,-5.0,0.0029900050722062,0.0029900050722062,0.003947168122977,0.0090639553964138,-0.004041108302772,0.0053927602375314,0.6666666666666666,1,189,189,5.247024072160486,1.0,189.0,5.247024072160486,True
6.0,-4.0,-0.0007311271037906,-0.0007311271037906,-0.0054165804758667,0.0054695149883627,-0.0022463158238679,0.004571550886163,0.3333333333333333,1,217,217,5.384495062789089,1.0,217.0,5.384495062789089,True
6.0,-3.0,-0.0017636670575787,-0.0017636670575787,-0.0088904220610857,0.004270969890058,-0.0006715490017086,0.0054283269926608,0.3333333333333333,1,181,181,5.204006687076795,1.0,181.0,5.204006687076795,True
6.0,-2.0,0.0010920099448412,0.0010920099448412,-0.0045862849801778,0.0055601219646632,0.0023021928500384,0.004229720280003,0.6666666666666666,1,119,119,4.787491742782046,1.0,119.0,4.787491742782046,True
6.0,-1.0,0.0071693851302067,0.0071693851302067,0.0043332786299288,0.0034494227729737,0.0137254539877176,0.0046498623235737,1.0,0,113,113,4.736198448394496,1.0,113.0,4.736198448394496,True
6.0,0.0,0.0010858202974001,0.0010858202974001,0.001847242238,-0.0029816788155585,0.0043918974697589,0.0030580199844092,0.6666666666666666,1,83,83,4.430816798843313,1.0,83.0,4.430816798843313,True
6.0,1.0,0.001046406993737,0.001046406993737,0.0026105304714292,1.498287292633904e-05,0.0005137076368555,0.0011245868241684,1.0,0,39,39,3.6888794541139363,1.0,39.0,3.6888794541139363,False
6.0,2.0,-0.0013749033678323,-0.0013749033678323,0.0016848909435793,-0.0016489458503201,-0.0041606551967561,0.0023942886043463,0.3333333333333333,1,50,50,3.9318256327243257,1.0,50.0,3.9318256327243257,True
6.0,3.0,-0.0035330755248044,-0.0035330755248044,-0.0019452947890385,-0.0046187741681933,-0.0040351576171815,0.0011477333657563,0.0,0,26,26,3.295836866004329,1.0,26.0,3.295836866004329,False
6.0,4.0,0.0007469855869809,0.0007469855869809,0.0037151305004954,-0.0011296519078314,-0.000344521831721,0.0021231298405607,0.3333333333333333,1,7,7,2.0794415416798357,1.0,7.0,2.0794415416798357,False
6.0,5.0,0.000177794000289,0.000177794000289,0.0026254167314618,-0.0026340633630752,0.0005420286324806,0.0021625652771147,0.6666666666666666,1,1,1,0.6931471805599453,1.0,1.0,0.6931471805599453,False
6.0,6.0,-0.0006866568746772,-0.0006866568746772,-2.076021883112844e-05,-0.0026384494267404,0.0005992390215396,0.0014031441810524,0.3333333333333333,1,7,7,2.0794415416798357,1.0,7.0,2.0794415416798357,False
6.0,7.0,-0.0011585758378108,-0.0011585758378108,-0.0002792594314087,-0.0035934180486947,0.0003969499666709,0.0017436852222499,0.3333333333333333,1,9,9,2.302585092994046,1.0,9.0,2.302585092994046,False
6.0,8.0,-0.0012569904599028,-0.0012569904599028,-0.0004677622055169,-0.0035934180486947,0.0002902088745031,0.0016808332155586,0.3333333333333333,1,16,16,2.833213344056216,1.0,16.0,2.833213344056216,False
6.0,9.0,-0.0012569904599028,-0.0012569904599028,-0.0004677622055169,-0.0035934180486947,0.0002902088745031,0.0016808332155586,0.3333333333333333,1,17,17,2.8903717578961645,1.0,17.0,2.8903717578961645,False
6.0,10.0,-0.0013655116296528,-0.0013655116296528,-0.0007933257147669,-0.0035934180486947,0.0002902088745031,0.0016362939956992,0.3333333333333333,1,31,31,3.4657359027997265,1.0,31.0,3.4657359027997265,False
7.0,-10.0,0.004951280541718,0.004951280541718,0.0094547159969806,0.0033577233552932,0.00204140227288,0.0032294347774586,1.0,0,61,61,4.127134385045092,1.0,61.0,4.127134385045092,True
7.0,-9.0,0.0024295318968749,0.0024295318968749,0.0046992809511721,0.0022294900845736,0.000359824654879,0.0017772136959973,1.0,0,82,82,4.418840607796598,1.0,82.0,4.418840607796598,True
7.0,-8.0,-0.0006350622764633,-0.0006350622764633,0.0003268748696427,-0.0017006025882437,-0.000531459110789,0.0008309498270103,0.3333333333333333,1,116,116,4.762173934797756,1.0,116.0,4.762173934797756,True
7.0,-7.0,0.0064436954756577,0.0064436954756577,0.0112818228080868,0.0040451237000525,0.0040041399188339,0.0034211135595669,1.0,0,135,135,4.912654885736052,1.0,135.0,4.912654885736052,True
7.0,-6.0,0.0076945962694784,0.0076945962694784,0.0085213640704751,0.0081412568688392,0.0064211678691208,0.0009137232583635,1.0,0,171,171,5.147494476813453,1.0,171.0,5.147494476813453,True
7.0,-5.0,0.0040229603958626,0.0040229603958626,0.0043392982333898,0.009088440798223,-0.0013588578440248,0.0042709534025919,0.6666666666666666,1,185,185,5.225746673713202,1.0,185.0,5.225746673713202,True
7.0,-4.0,0.0003018286758257,0.0003018286758257,-0.0050244512967765,0.0054940027184784,0.0004359346057754,0.0042951877737839,0.6666666666666666,1,207,207,5.337538079701318,1.0,207.0,5.337538079701318,True
7.0,-3.0,-0.0015798358557124,-0.0015798358557124,-0.0087382681667804,0.0042954562231898,-0.0002966956235468,0.0053977976688014,0.3333333333333333,1,175,175,5.170483995038151,1.0,175.0,5.170483995038151,True
7.0,-2.0,0.001275841689979,0.001275841689979,-0.0044341296888887,0.0055846087634563,0.0026770459953695,0.0042084288575198,0.6666666666666666,1,129,129,4.867534450455582,1.0,129.0,4.867534450455582,True
7.0,-1.0,0.0073532180394977,0.0073532180394977,0.0044854334555566,0.0034739093389362,0.0141003113240003,0.0047887539159967,1.0,0,105,105,4.663439094112067,1.0,105.0,4.663439094112067,True
7.0,0.0,0.0010782136426617,0.0010782136426617,0.0019993975292891,-0.0029571931809186,0.0041924365796148,0.0029906227047125,0.6666666666666666,1,65,65,4.189654742026425,1.0,65.0,4.189654742026425,True
7.0,1.0,0.0010388010426443,0.0010388010426443,0.0027626859955489,3.946895958506502e-05,0.0003142481727991,0.0012241215631741,1.0,0,48,48,3.8918202981106265,1.0,48.0,3.8918202981106265,False
7.0,2.0,-0.0015588604146614,-0.0015588604146614,0.0013079942436888,-0.0016244603320956,-0.0043601151555776,0.0023144608518888,0.3333333333333333,1,44,44,3.8066624897703196,1.0,44.0,3.8066624897703196,False
7.0,3.0,-0.0037170328820745,-0.0037170328820745,-0.0023221923038363,-0.0045942892320454,-0.0042346171103417,0.0009971713954339,0.0,0,44,44,3.8066624897703196,1.0,44.0,3.8066624897703196,False
7.0,4.0,0.0005630289864105,0.0005630289864105,0.0033382344990968,-0.0011051661567762,-0.0005439813830889,0.0019756950364851,0.3333333333333333,1,9,9,2.302585092994046,1.0,9.0,2.302585092994046,False
7.0,5.0,-6.163337578376134e-06,-6.163337578376134e-06,0.0022485191002488,-0.0026095781940966,0.0003425690811127,0.0019985808390315,0.6666666666666666,1,4,4,1.6094379124341003,1.0,4.0,1.6094379124341003,False
7.0,6.0,-0.0008706138372266,-0.0008706138372266,-0.000397657364374,-0.0026139635592699,0.0003997794119641,0.0012749973968798,0.3333333333333333,1,6,6,1.9459101490553132,1.0,6.0,1.9459101490553132,False
7.0,7.0,-0.0013425326760625,-0.0013425326760625,-0.0006561566842719,-0.0035689317155629,0.0001974903716472,0.0016124138915171,0.3333333333333333,1,7,7,2.0794415416798357,1.0,7.0,2.0794415416798357,False
7.0,8.0,-0.0014409473054305,-0.0014409473054305,-0.0008446595165878,-0.0035689317155629,9.074931585928424e-05,0.0015524143901849,0.3333333333333333,1,13,13,2.639057329615259,1.0,13.0,2.639057329615259,False
7.0,9.0,-0.0014409473054305,-0.0014409473054305,-0.0008446595165878,-0.0035689317155629,9.074931585928424e-05,0.0015524143901849,0.3333333333333333,1,14,14,2.70805020110221,1.0,14.0,2.70805020110221,False
7.0,10.0,-0.0015494684654792,-0.0015494684654792,-0.001170222996734,-0.0035689317155629,9.074931585928424e-05,0.001517934266717,0.3333333333333333,1,23,23,3.1780538303479458,1.0,23.0,3.1780538303479458,False
8.0,-10.0,0.0046406662634884,0.0046406662634884,0.009436571970582,0.0017735454021021,0.0027118814177811,0.0034127850096443,1.0,0,69,69,4.248495242049359,1.0,69.0,4.248495242049359,True
8.0,-9.0,0.0021189184820589,0.0021189184820589,0.004681137856096,0.0006453141686506,0.0010303034214302,0.0018185672513835,1.0,0,92,92,4.532599493153256,1.0,92.0,4.532599493153256,True
8.0,-8.0,-0.0009456770009516,-0.0009456770009516,0.0003087302320636,-0.0032847807742655,0.0001390195393469,0.0016554466218222,0.6666666666666666,1,111,111,4.718498871295094,1.0,111.0,4.718498871295094,True
8.0,-7.0,0.0062990322864303,0.0062990322864303,0.0112636787816882,0.0024609297979623,0.0051724882796406,0.0036809349778778,1.0,0,148,148,5.003946305945459,1.0,148.0,5.003946305945459,True
8.0,-6.0,0.0058680315657208,0.0058680315657208,0.0085032200440764,0.0065570683218538,0.0025438063312321,0.0024812270739408,1.0,0,148,148,5.003946305945459,1.0,148.0,5.003946305945459,True
8.0,-5.0,0.0047326250545059,0.0047326250545059,0.004321152344346,0.0083944546058774,0.0014822682132944,0.002836848312812,1.0,0,185,185,5.225746673713202,1.0,185.0,5.225746673713202,True
8.0,-4.0,0.0001035344127255,0.0001035344127255,-0.0050425957888364,0.0054940027184784,-0.0001408036914654,0.0043050166749934,0.3333333333333333,1,187,187,5.236441962829949,1.0,187.0,5.236441962829949,True
8.0,-3.0,-0.0015858835540711,-0.0015858835540711,-0.0087564112618565,0.0042954562231898,-0.0002966956235468,0.0054058188002657,0.3333333333333333,1,160,160,5.081404364984463,1.0,160.0,5.081404364984463,True
8.0,-2.0,0.0012697936811794,0.0012697936811794,-0.0044522737152874,0.0055846087634563,0.0026770459953695,0.0042166354502038,0.6666666666666666,1,109,109,4.700480365792417,1.0,109.0,4.700480365792417,True
8.0,-1.0,0.0073471698754777,0.0073471698754777,0.0044672889634966,0.0034739093389362,0.0141003113240003,0.0047923821729517,1.0,0,81,81,4.406719247264253,1.0,81.0,4.406719247264253,True
8.0,0.0,0.0010721654786417,0.0010721654786417,0.0019812530372291,-0.0029571931809186,0.0041924365796148,0.0029887713830335,0.6666666666666666,1,68,68,4.23410650459726,1.0,68.0,4.23410650459726,True
8.0,1.0,0.0010327530338448,0.0010327530338448,0.0027445419691503,3.946895958506502e-05,0.0003142481727991,0.001215604629606,1.0,0,64,64,4.174387269895637,1.0,64.0,4.174387269895637,True
8.0,2.0,-0.0015649087339018,-0.0015649087339018,0.0012898492859676,-0.0016244603320956,-0.0043601151555776,0.0023069726688624,0.3333333333333333,1,44,44,3.8066624897703196,1.0,44.0,3.8066624897703196,False
8.0,3.0,-0.0037230809684842,-0.0037230809684842,-0.0023403365630656,-0.0045942892320454,-0.0042346171103417,0.0009887121511744,0.0,0,44,44,3.8066624897703196,1.0,44.0,3.8066624897703196,False
8.0,4.0,0.0005569806671701,0.0005569806671701,0.0033200895413756,-0.0011051661567762,-0.0005439813830889,0.0019671993756928,0.3333333333333333,1,8,8,2.1972245773362196,1.0,8.0,2.1972245773362196,False
8.0,5.0,-1.2211423988143602e-05,-1.2211423988143602e-05,0.0022303748410195,-0.0026095781940966,0.0003425690811127,0.0019917644189064,0.6666666666666666,1,12,12,2.5649493574615367,1.0,12.0,2.5649493574615367,False
8.0,6.0,-0.0008766619721427,-0.0008766619721427,-0.0004158017691224,-0.0026139635592699,0.0003997794119641,0.0012727806224199,0.3333333333333333,1,10,10,2.3978952727983707,1.0,10.0,2.3978952727983707,False
8.0,7.0,-0.0013485808012774,-0.0013485808012774,-0.0006743010599166,-0.0035689317155629,0.0001974903716472,0.0016098599756839,0.3333333333333333,1,11,11,2.4849066497880004,1.0,11.0,2.4849066497880004,False
8.0,8.0,-0.0014025621664283,-0.0014025621664283,-0.0007295040995813,-0.0035689317155629,9.074931585928424e-05,0.0015680288441115,0.3333333333333333,1,17,17,2.8903717578961645,1.0,17.0,2.8903717578961645,False
8.0,9.0,-0.0014025621664283,-0.0014025621664283,-0.0007295040995813,-0.0035689317155629,9.074931585928424e-05,0.0015680288441115,0.3333333333333333,1,17,17,2.8903717578961645,1.0,17.0,2.8903717578961645,False
8.0,10.0,-0.0015110833846847,-0.0015110833846847,-0.0010550677543506,-0.0035689317155629,9.074931585928424e-05,0.0015284587017143,0.3333333333333333,1,18,18,2.9444389791664403,1.0,18.0,2.9444389791664403,False
9.0,-10.0,0.0044852821932484,0.0044852821932484,0.0075845280662178,0.0027248954866081,0.0031464230269193,0.0021982440117282,1.0,0,70,70,4.2626798770413155,1.0,70.0,4.2626798770413155,True
9.0,-9.0,0.0024198953760787,0.0024198953760787,0.0036226543597877,0.0015966742066666,0.002040357561782,0.0008695537589557,1.0,0,81,81,4.406719247264253,1.0,81.0,4.406719247264253,True
9.0,-8.0,-0.0005146153271198,-0.0005146153271198,-0.0007497522747144,-0.0019186416175216,0.0011245479108765,0.0012534532738349,0.3333333333333333,1,110,110,4.709530201312334,1.0,110.0,4.709530201312334,True
9.0,-7.0,0.0067652479435006,0.0067652479435006,0.0101929642260074,0.0041692722588777,0.0059335073456168,0.0025285121508299,1.0,0,135,135,4.912654885736052,1.0,135.0,4.912654885736052,True
9.0,-6.0,0.0044265428247551,0.0044265428247551,0.0074325059540569,0.006834321655333,-0.0009871991351246,0.003835875182183,0.6666666666666666,1,142,142,4.962844630259907,1.0,142.0,4.962844630259907,True
9.0,-5.0,0.0044373892790948,0.0044373892790948,0.0032504377886652,0.0083623835816979,0.0016993464669212,0.0028467122883187,1.0,0,149,149,5.0106352940962555,1.0,149.0,5.0106352940962555,True
9.0,-4.0,0.0004246158514433,0.0004246158514433,-0.0042100008577108,0.0054940027184784,-1.015430643747095e-05,0.0039735534197416,0.3333333333333333,1,166,166,5.117993812416755,1.0,166.0,5.117993812416755,True
9.0,-3.0,-0.0012648021802306,-0.0012648021802306,-0.0079238163307309,0.0042954562231898,-0.0001660464331507,0.0050486370161035,0.3333333333333333,1,141,141,4.955827057601261,1.0,141.0,4.955827057601261,True
9.0,-2.0,0.00159087505502,0.00159087505502,-0.0036196785513311,0.0055846087634563,0.0028076949529349,0.0038548855790421,0.6666666666666666,1,105,105,4.663439094112067,1.0,105.0,4.663439094112067,True
9.0,-1.0,0.0083413520672669,0.0083413520672669,0.0073191905394196,0.0034739093389362,0.0142309563234448,0.0044506273414347,1.0,0,89,89,4.499809670330265,1.0,89.0,4.499809670330265,True
9.0,0.0,0.0011216600735982,0.0011216600735982,0.0019990876317024,-0.0029571931809186,0.0043230857700109,0.0030362284433847,0.6666666666666666,1,50,50,3.9318256327243257,1.0,50.0,3.9318256327243257,True
9.0,1.0,0.0010822476288012,0.0010822476288012,0.0027623765636235,3.946895958506502e-05,0.0004448973631951,0.0011995048911484,1.0,0,55,55,4.02535169073515,1.0,55.0,4.02535169073515,True
9.0,2.0,-0.0017113844126773,-0.0017113844126773,0.0007197716622613,-0.0016244603320956,-0.0042294645681977,0.002021451897863,0.3333333333333333,1,58,58,4.07753744390572,1.0,58.0,4.07753744390572,True
9.0,3.0,-0.0038695575979848,-0.0038695575979848,-0.0029104147106409,-0.0045942892320454,-0.0041039688512682,0.0007071396975177,0.0,0,46,46,3.8501476017100584,1.0,46.0,3.8501476017100584,False
9.0,4.0,0.0004105044257206,0.0004105044257206,0.002750011626631,-0.0011051661567762,-0.0004133321926929,0.0016782190988859,0.3333333333333333,1,9,9,2.302585092994046,1.0,9.0,2.302585092994046,False
9.0,5.0,-0.0001340282615274,-0.0001340282615274,0.0017342751380056,-0.0026095781940966,0.0004732182715088,0.0018246144262313,0.6666666666666666,1,7,7,2.0794415416798357,1.0,7.0,2.0794415416798357,False
9.0,6.0,-0.0009984787902794,-0.0009984787902794,-0.000911901355721,-0.0026139635592699,0.0005304285441525,0.0012851516549023,0.3333333333333333,1,9,9,2.302585092994046,1.0,9.0,2.302585092994046,False
9.0,7.0,-0.0014703976048622,-0.0014703976048622,-0.0011704006465151,-0.0035689317155629,0.0003281395474914,0.0016050523851459,0.3333333333333333,1,15,15,2.772588722239781,1.0,15.0,2.772588722239781,False
9.0,8.0,-0.0014459171943599,-0.0014459171943599,-0.0009902183664962,-0.0035689317155629,0.0002213984989793,0.001580589942628,0.3333333333333333,1,19,19,2.995732273553991,1.0,19.0,2.995732273553991,False
9.0,9.0,-0.0014459171943599,-0.0014459171943599,-0.0009902183664962,-0.0035689317155629,0.0002213984989793,0.001580589942628,0.3333333333333333,1,17,17,2.8903717578961645,1.0,17.0,2.8903717578961645,False
9.0,10.0,-0.0015544383932137,-0.0015544383932137,-0.0013157819630578,-0.0035689317155629,0.0002213984989793,0.0015565706863827,0.3333333333333333,1,15,15,2.772588722239781,1.0,15.0,2.772588722239781,False
10.0,-10.0,0.0044852821932484,0.0044852821932484,0.0075845280662178,0.0027248954866081,0.0031464230269193,0.0021982440117282,1.0,0,62,62,4.143134726391533,1.0,62.0,4.143134726391533,True
10.0,-9.0,0.0024198953760787,0.0024198953760787,0.0036226543597877,0.0015966742066666,0.002040357561782,0.0008695537589557,1.0,0,116,116,4.762173934797756,1.0,116.0,4.762173934797756,True
10.0,-8.0,-0.0005146153271198,-0.0005146153271198,-0.0007497522747144,-0.0019186416175216,0.0011245479108765,0.0012534532738349,0.3333333333333333,1,121,121,4.804021044733257,1.0,121.0,4.804021044733257,True
10.0,-7.0,0.0067652479435006,0.0067652479435006,0.0101929642260074,0.0041692722588777,0.0059335073456168,0.0025285121508299,1.0,0,138,138,4.9344739331306915,1.0,138.0,4.9344739331306915,True
10.0,-6.0,0.0044265428247551,0.0044265428247551,0.0074325059540569,0.006834321655333,-0.0009871991351246,0.003835875182183,0.6666666666666666,1,155,155,5.049856007249537,1.0,155.0,5.049856007249537,True
10.0,-5.0,0.003825588011144,0.003825588011144,0.0032504377886652,0.0083623835816979,-0.0001360573369311,0.0034932289595416,0.6666666666666666,1,173,173,5.159055299214529,1.0,173.0,5.159055299214529,True
10.0,-4.0,0.0004246158514433,0.0004246158514433,-0.0042100008577108,0.0054940027184784,-1.015430643747095e-05,0.0039735534197416,0.3333333333333333,1,180,180,5.198497031265826,1.0,180.0,5.198497031265826,True
10.0,-3.0,-0.0012648021802306,-0.0012648021802306,-0.0079238163307309,0.0042954562231898,-0.0001660464331507,0.0050486370161035,0.3333333333333333,1,179,179,5.19295685089021,1.0,179.0,5.19295685089021,True
10.0,-2.0,0.00159087505502,0.00159087505502,-0.0036196785513311,0.0055846087634563,0.0028076949529349,0.0038548855790421,0.6666666666666666,1,96,96,4.574710978503383,1.0,96.0,4.574710978503383,True
10.0,-1.0,0.0083413520672669,0.0083413520672669,0.0073191905394196,0.0034739093389362,0.0142309563234448,0.0044506273414347,1.0,0,84,84,4.442651256490317,1.0,84.0,4.442651256490317,True
10.0,0.0,0.0011216600735982,0.0011216600735982,0.0019990876317024,-0.0029571931809186,0.0043230857700109,0.0030362284433847,0.6666666666666666,1,47,47,3.8712010109078907,1.0,47.0,3.8712010109078907,False
10.0,1.0,0.0010822476288012,0.0010822476288012,0.0027623765636235,3.946895958506502e-05,0.0004448973631951,0.0011995048911484,1.0,0,60,60,4.110873864173311,1.0,60.0,4.110873864173311,True
10.0,2.0,-0.0017113844126773,-0.0017113844126773,0.0007197716622613,-0.0016244603320956,-0.0042294645681977,0.002021451897863,0.3333333333333333,1,75,75,4.330733340286331,1.0,75.0,4.330733340286331,True
10.0,3.0,-0.0038695575979848,-0.0038695575979848,-0.0029104147106409,-0.0045942892320454,-0.0041039688512682,0.0007071396975177,0.0,0,49,49,3.912023005428146,1.0,49.0,3.912023005428146,False
10.0,4.0,0.0004105044257206,0.0004105044257206,0.002750011626631,-0.0011051661567762,-0.0004133321926929,0.0016782190988859,0.3333333333333333,1,8,8,2.1972245773362196,1.0,8.0,2.1972245773362196,False
10.0,5.0,-0.0001340282615274,-0.0001340282615274,0.0017342751380056,-0.0026095781940966,0.0004732182715088,0.0018246144262313,0.6666666666666666,1,6,6,1.9459101490553132,1.0,6.0,1.9459101490553132,False
10.0,6.0,-0.0009984787902794,-0.0009984787902794,-0.000911901355721,-0.0026139635592699,0.0005304285441525,0.0012851516549023,0.3333333333333333,1,11,11,2.4849066497880004,1.0,11.0,2.4849066497880004,False
10.0,7.0,-0.0014703976048622,-0.0014703976048622,-0.0011704006465151,-0.0035689317155629,0.0003281395474914,0.0016050523851459,0.3333333333333333,1,6,6,1.9459101490553132,1.0,6.0,1.9459101490553132,False
10.0,8.0,-0.0014459171943599,-0.0014459171943599,-0.0009902183664962,-0.0035689317155629,0.0002213984989793,0.001580589942628,0.3333333333333333,1,18,18,2.9444389791664403,1.0,18.0,2.9444389791664403,False
10.0,9.0,-0.0014459171943599,-0.0014459171943599,-0.0009902183664962,-0.0035689317155629,0.0002213984989793,0.001580589942628,0.3333333333333333,1,16,16,2.833213344056216,1.0,16.0,2.833213344056216,False
10.0,10.0,-0.0015544383932137,-0.0015544383932137,-0.0013157819630578,-0.0035689317155629,0.0002213984989793,0.0015565706863827,0.3333333333333333,1,25,25,3.258096538021482,1.0,25.0,3.258096538021482,False
11.0,-10.0,0.0068125821029146,0.0068125821029146,0.0093661565333604,0.0067760185338556,0.0042955712415277,0.0020702192269377,1.0,0,66,66,4.204692619390966,1.0,66.0,4.204692619390966,True
11.0,-9.0,0.0046608804259449,0.0046608804259449,0.0051453383639454,0.0056477980688214,0.0031895048450678,0.0010604483371847,1.0,0,91,91,4.5217885770490405,1.0,91.0,4.5217885770490405,True
11.0,-8.0,0.0016166779290263,0.0016166779290263,0.0007729307981207,0.0021324770059436,0.0019446259830147,0.0006015280084293,1.0,0,126,126,4.844187086458591,1.0,126.0,4.844187086458591,True
11.0,-7.0,0.0099087978402773,0.0099087978402773,0.0117156459018588,0.0091098714619874,0.0089008761569857,0.0012804802998897,1.0,0,132,132,4.890349128221754,1.0,132.0,4.890349128221754,True
11.0,-6.0,0.010687521037956,0.010687521037956,0.0089558875188231,0.0117749357596039,0.0113317398354411,0.0012377457036179,1.0,0,143,143,4.969813299576001,1.0,143.0,4.969813299576001,True
11.0,-5.0,0.008972978995492,0.008972978995492,0.0047738193534314,0.0106932707130908,0.0114518469199538,0.0029853604740508,1.0,0,157,157,5.062595033026967,1.0,157.0,5.062595033026967,True
11.0,-4.0,0.0008064988069236,0.0008064988069236,-0.0060074436478316,0.0054940027184784,0.0029329373501241,0.0049303226931431,0.6666666666666666,1,154,154,5.043425116919247,1.0,154.0,5.043425116919247,True
11.0,-3.0,-0.0018639502425988,-0.0018639502425988,-0.0097212605178356,0.0042954562231898,-0.0001660464331507,0.0058468934805381,0.3333333333333333,1,142,142,4.962844630259907,1.0,142.0,4.962844630259907,True
11.0,-2.0,0.0006954398316641,0.0006954398316641,-0.0063059842213988,0.0055846087634563,0.0028076949529349,0.0050788953297525,0.6666666666666666,1,97,97,4.584967478670572,1.0,97.0,4.584967478670572,True
11.0,-1.0,0.0079832174039135,0.0079832174039135,0.0062447865493595,0.0034739093389362,0.0142309563234448,0.0045603451136787,1.0,0,80,80,4.394449154672439,1.0,80.0,4.394449154672439,True
11.0,0.0,0.0006182754295878,0.0006182754295878,0.0004889336996711,-0.0029571931809186,0.0043230857700109,0.0029735682676049,0.6666666666666666,1,53,53,3.9889840465642745,1.0,53.0,3.9889840465642745,True
11.0,1.0,0.0005788627713627,0.0005788627713627,0.001252221991308,3.946895958506502e-05,0.0004448973631951,0.0005040849974144,1.0,0,64,64,4.174387269895637,1.0,64.0,4.174387269895637,True
11.0,2.0,-0.0022147692313107,-0.0022147692313107,-0.0007903827936388,-0.0016244603320956,-0.0042294645681977,0.0014647341762006,0.0,0,47,47,3.8712010109078907,1.0,47.0,3.8712010109078907,False
11.0,3.0,-0.0040201241305718,-0.0040201241305718,-0.0033621143084019,-0.0045942892320454,-0.0041039688512682,0.0005065150300536,0.0,0,55,55,4.02535169073515,1.0,55.0,4.02535169073515,True
11.0,4.0,0.0002599376603029,0.0002599376603029,0.002298311330378,-0.0011051661567762,-0.0004133321926929,0.0014687600150254,0.3333333333333333,1,18,18,2.9444389791664403,1.0,18.0,2.9444389791664403,False
11.0,5.0,-0.0002845949105297,-0.0002845949105297,0.0012825751909986,-0.0026095781940966,0.0004732182715088,0.0016768870181441,0.6666666666666666,1,8,8,2.1972245773362196,1.0,8.0,2.1972245773362196,False
11.0,6.0,-0.0011490454392818,-0.0011490454392818,-0.001363601302728,-0.0026139635592699,0.0005304285441525,0.0012926268058803,0.3333333333333333,1,11,11,2.4849066497880004,1.0,11.0,2.4849066497880004,False
11.0,7.0,-0.0016209641762543,-0.0016209641762543,-0.0016221003606915,-0.0035689317155629,0.0003281395474914,0.0015909728838077,0.3333333333333333,1,11,11,2.4849066497880004,1.0,11.0,2.4849066497880004,False
11.0,8.0,-0.0014861118349169,-0.0014861118349169,-0.0011108022881671,-0.0035689317155629,0.0002213984989793,0.0015699880521263,0.3333333333333333,1,14,14,2.70805020110221,1.0,14.0,2.70805020110221,False
11.0,9.0,-0.0014861118349169,-0.0014861118349169,-0.0011108022881671,-0.0035689317155629,0.0002213984989793,0.0015699880521263,0.3333333333333333,1,26,26,3.295836866004329,1.0,26.0,3.295836866004329,False
11.0,10.0,-0.0015946329561605,-0.0015946329561605,-0.001436365651898,-0.0035689317155629,0.0002213984989793,0.0015514374385317,0.3333333333333333,1,21,21,3.091042453358316,1.0,21.0,3.091042453358316,False
12.0,-10.0,0.0062904886435717,0.0062904886435717,0.008515209890902,0.0067760185338556,0.0035802375059574,0.002043737192141,1.0,0,58,58,4.07753744390572,1.0,58.0,4.07753744390572,True
12.0,-9.0,0.0041387868889917,0.0041387868889917,0.0042943921871483,0.0056477980688214,0.0024741704110056,0.0013002917324519,1.0,0,85,85,4.454347296253507,1.0,85.0,4.454347296253507,True
12.0,-8.0,0.0001219055823942,0.0001219055823942,-7.801550236763433e-05,0.0021324770059436,-0.0016887447563931,0.0015663993252761,0.3333333333333333,1,132,132,4.890349128221754,1.0,132.0,4.890349128221754,True
12.0,-7.0,0.0085473105621834,0.0085473105621834,0.010864702053368,0.0091098714619874,0.0056673581711947,0.0021587730978316,1.0,0,156,156,5.056245805348308,1.0,156.0,5.056245805348308,True
12.0,-6.0,0.00959262996912,0.00959262996912,0.0081049408763647,0.0117749357596039,0.0088980132713913,0.0015767233700141,1.0,0,126,126,4.844187086458591,1.0,126.0,4.844187086458591,True
12.0,-5.0,0.0086162493874629,0.0086162493874629,0.0039228731766343,0.0106932707130908,0.0112326042726635,0.0033260141675785,1.0,0,129,129,4.867534450455582,1.0,129.0,4.867534450455582,True
12.0,-4.0,0.0008489817070464,0.0008489817070464,-0.0056607476435601,0.0054940027184784,0.002713690046221,0.0047409539688752,0.6666666666666666,1,144,144,4.976733742420574,1.0,144.0,4.976733742420574,True
12.0,-3.0,-0.0017296627823573,-0.0017296627823573,-0.009099151007831,0.0042954562231898,-0.0003852935624308,0.0055503376574729,0.3333333333333333,1,112,112,4.727387818712341,1.0,112.0,4.727387818712341,True
12.0,-2.0,0.0008297273113081,0.0008297273113081,-0.0056838761083781,0.0055846087634563,0.0025884492788463,0.0047654671016957,0.6666666666666666,1,93,93,4.543294782270004,1.0,93.0,4.543294782270004,True
12.0,-1.0,0.0080336440199365,0.0080336440199365,0.0066153109073638,0.0034739093389362,0.0140117118135094,0.0044173953005472,1.0,0,75,75,4.330733340286331,1.0,75.0,4.330733340286331,True
12.0,0.0,0.0006687015023392,0.0006687015023392,0.0008594578248448,-0.0029571931809186,0.0041038398630917,0.0028858087131205,0.6666666666666666,1,54,54,4.007333185232471,1.0,54.0,4.007333185232471,True
12.0,1.0,0.0004790119043415,0.0004790119043415,0.0011719157919287,3.946895958506502e-05,0.0002256509615108,0.0004958176966959,1.0,0,73,73,4.304065093204169,1.0,73.0,4.304065093204169,True
12.0,2.0,-0.0023146204766817,-0.0023146204766817,-0.0008706892258487,-0.0016244603320956,-0.0044487118721008,0.0015400870718143,0.0,0,67,67,4.219507705176107,1.0,67.0,4.219507705176107,True
12.0,3.0,-0.0041199747938662,-0.0041199747938662,-0.0034424208570271,-0.0045942892320454,-0.0043232142925262,0.0004917180145187,0.0,0,52,52,3.970291913552122,1.0,52.0,3.970291913552122,True
12.0,4.0,0.0001600866671651,0.0001600866671651,0.0022180047817528,-0.0011051661567762,-0.000632578623481,0.0014679021241026,0.3333333333333333,1,17,17,2.8903717578961645,1.0,17.0,2.8903717578961645,False
12.0,5.0,-0.0003844458551611,-0.0003844458551611,0.001202268875204,-0.0026095781940966,0.0002539717534091,0.0016203348012336,0.6666666666666666,1,10,10,2.3978952727983707,1.0,10.0,2.3978952727983707,False
12.0,6.0,-0.0012488964518221,-0.0012488964518221,-0.0014439078513532,-0.0026139635592699,0.0003111820551566,0.0012021207096516,0.3333333333333333,1,6,6,1.9459101490553132,1.0,6.0,1.9459101490553132,False
12.0,7.0,-0.0017208152955087,-0.0017208152955087,-0.0017024072585627,-0.0035689317155629,0.0001088930875994,0.001501522108297,0.3333333333333333,1,8,8,2.1972245773362196,1.0,8.0,2.1972245773362196,False
12.0,8.0,-0.0015859627770472,-0.0015859627770472,-0.0011911086039617,-0.0035689317155629,2.1519883830478648e-06,0.0014843836136366,0.3333333333333333,1,12,12,2.5649493574615367,1.0,12.0,2.5649493574615367,False
12.0,9.0,-0.0015859627770472,-0.0015859627770472,-0.0011911086039617,-0.0035689317155629,2.1519883830478648e-06,0.0014843836136366,0.3333333333333333,1,35,35,3.58351893845611,1.0,35.0,3.58351893845611,False
12.0,10.0,-0.001694483975901,-0.001694483975901,-0.0015166722005233,-0.0035689317155629,2.1519883830478648e-06,0.0014633004876521,0.3333333333333333,1,17,17,2.8903717578961645,1.0,17.0,2.8903717578961645,False
13.0,-10.0,0.0062904886435717,0.0062904886435717,0.008515209890902,0.0067760185338556,0.0035802375059574,0.002043737192141,1.0,0,70,70,4.2626798770413155,1.0,70.0,4.2626798770413155,True
13.0,-9.0,0.0041387868889917,0.0041387868889917,0.0042943921871483,0.0056477980688214,0.0024741704110056,0.0013002917324519,1.0,0,106,106,4.672828834461906,1.0,106.0,4.672828834461906,True
13.0,-8.0,0.0001729667395314,0.0001729667395314,-7.801550236763433e-05,0.0021324770059436,-0.0015355612849816,0.0015079501075378,0.3333333333333333,1,107,107,4.68213122712422,1.0,107.0,4.68213122712422,True
13.0,-7.0,0.0087812811446686,0.0087812811446686,0.010864702053368,0.0091098714619874,0.0063692699186503,0.0018499020184755,1.0,0,146,146,4.990432586778736,1.0,146.0,4.990432586778736,True
13.0,-6.0,0.0087204218531648,0.0087204218531648,0.0081049408763647,0.0117749357596039,0.0062813889235258,0.0022845680605092,1.0,0,144,144,4.976733742420574,1.0,144.0,4.976733742420574,True
13.0,-5.0,0.0066946024696032,0.0066946024696032,0.0039228731766343,0.0106932707130908,0.0054676635190844,0.0028969645138362,1.0,0,127,127,4.852030263919617,1.0,127.0,4.852030263919617,True
13.0,-4.0,-0.0004358357206607,-0.0004358357206607,-0.0056607476435601,0.0054940027184784,-0.0011407622369006,0.0045811064860521,0.3333333333333333,1,152,152,5.030437921392435,1.0,152.0,5.030437921392435,True
13.0,-3.0,-0.0017726996835942,-0.0017726996835942,-0.009099151007831,0.0042954562231898,-0.0005144042661413,0.0055402380355911,0.3333333333333333,1,128,128,4.859812404361672,1.0,128.0,4.859812404361672,True
13.0,-2.0,0.0007866903518637,0.0007866903518637,-0.0056838761083781,0.0055846087634563,0.0024593384005129,0.004749947469722,0.6666666666666666,1,78,78,4.3694478524670215,1.0,78.0,4.3694478524670215,True
13.0,-1.0,0.0079906072933226,0.0079906072933226,0.0066153109073638,0.0034739093389362,0.0138826016336679,0.0043591894455678,1.0,0,79,79,4.382026634673881,1.0,79.0,4.382026634673881,True
13.0,0.0,0.0006687015023392,0.0006687015023392,0.0008594578248448,-0.0029571931809186,0.0041038398630917,0.0028858087131205,0.6666666666666666,1,40,40,3.713572066704308,1.0,40.0,3.713572066704308,False
13.0,1.0,0.0004790119043415,0.0004790119043415,0.0011719157919287,3.946895958506502e-05,0.0002256509615108,0.0004958176966959,1.0,0,54,54,4.007333185232471,1.0,54.0,4.007333185232471,True
13.0,2.0,-0.0023146204766817,-0.0023146204766817,-0.0008706892258487,-0.0016244603320956,-0.0044487118721008,0.0015400870718143,0.0,0,56,56,4.04305126783455,1.0,56.0,4.04305126783455,True
13.0,3.0,-0.0041199747938662,-0.0041199747938662,-0.0034424208570271,-0.0045942892320454,-0.0043232142925262,0.0004917180145187,0.0,0,59,59,4.0943445622221,1.0,59.0,4.0943445622221,True
13.0,4.0,0.0001600866671651,0.0001600866671651,0.0022180047817528,-0.0011051661567762,-0.000632578623481,0.0014679021241026,0.3333333333333333,1,23,23,3.1780538303479458,1.0,23.0,3.1780538303479458,False
13.0,5.0,-0.0003844458551611,-0.0003844458551611,0.001202268875204,-0.0026095781940966,0.0002539717534091,0.0016203348012336,0.6666666666666666,1,11,11,2.4849066497880004,1.0,11.0,2.4849066497880004,False
13.0,6.0,-0.0012488964518221,-0.0012488964518221,-0.0014439078513532,-0.0026139635592699,0.0003111820551566,0.0012021207096516,0.3333333333333333,1,12,12,2.5649493574615367,1.0,12.0,2.5649493574615367,False
13.0,7.0,-0.0017208152955087,-0.0017208152955087,-0.0017024072585627,-0.0035689317155629,0.0001088930875994,0.001501522108297,0.3333333333333333,1,10,10,2.3978952727983707,1.0,10.0,2.3978952727983707,False
13.0,8.0,-0.0015859627770472,-0.0015859627770472,-0.0011911086039617,-0.0035689317155629,2.1519883830478648e-06,0.0014843836136366,0.3333333333333333,1,23,23,3.1780538303479458,1.0,23.0,3.1780538303479458,False
13.0,9.0,-0.0015859627770472,-0.0015859627770472,-0.0011911086039617,-0.0035689317155629,2.1519883830478648e-06,0.0014843836136366,0.3333333333333333,1,28,28,3.367295829986474,1.0,28.0,3.367295829986474,False
13.0,10.0,-0.001694483975901,-0.001694483975901,-0.0015166722005233,-0.0035689317155629,2.1519883830478648e-06,0.0014633004876521,0.3333333333333333,1,16,16,2.833213344056216,1.0,16.0,2.833213344056216,False
14.0,-10.0,0.0063696392656614,0.0063696392656614,0.0087526617571711,0.0067760185338556,0.0035802375059574,0.0021310953741913,1.0,0,66,66,4.204692619390966,1.0,66.0,4.204692619390966,True
14.0,-9.0,0.0042179376663019,0.0042179376663019,0.0045318445190787,0.0056477980688214,0.0024741704110056,0.0013145040285924,1.0,0,106,106,4.672828834461906,1.0,106.0,4.672828834461906,True
14.0,-8.0,0.0002521179606749,0.0002521179606749,0.000159438161063,0.0021324770059436,-0.0015355612849816,0.0014989036848901,0.6666666666666666,1,147,147,4.997212273764115,1.0,147.0,4.997212273764115,True
14.0,-7.0,0.0088604317667583,0.0088604317667583,0.0111021539196372,0.0091098714619874,0.0063692699186503,0.0019402255646988,1.0,0,120,120,4.795790545596741,1.0,120.0,4.795790545596741,True
14.0,-6.0,0.0093791866675019,0.0093791866675019,0.0083423973992466,0.0117749357596039,0.0080202268436551,0.0016991485614768,1.0,0,129,129,4.867534450455582,1.0,129.0,4.867534450455582,True
14.0,-5.0,0.0070683090016245,0.0070683090016245,0.0041603264398872,0.0106932707130908,0.0063513298518955,0.0027148216080196,1.0,0,128,128,4.859812404361672,1.0,128.0,4.859812404361672,True
14.0,-4.0,0.000385031181698,0.000385031181698,-0.0054232948459684,0.0054940027184784,0.0010843856725841,0.0044843185328142,0.6666666666666666,1,131,131,4.882801922586371,1.0,131.0,4.882801922586371,True
14.0,-3.0,-0.0014850127748407,-0.0014850127748407,-0.0088616963475942,0.0042954562231898,0.0001112017998821,0.0054886908985137,0.6666666666666666,1,129,129,4.867534450455582,1.0,129.0,4.867534450455582,True
14.0,-2.0,0.00106589240022,0.00106589240022,-0.0054718754254281,0.0055846087634563,0.0030849438626319,0.0047341938603218,0.6666666666666666,1,84,84,4.442651256490317,1.0,84.0,4.442651256490317,True
14.0,-1.0,0.0080612746533006,0.0080612746533006,0.0068273129872977,0.0034739093389362,0.0138826016336679,0.0043379883868351,1.0,0,74,74,4.31748811353631,1.0,74.0,4.31748811353631,True
14.0,0.0,0.0007393684936687,0.0007393684936687,0.0010714587988331,-0.0029571931809186,0.0041038398630917,0.0028922032997053,0.6666666666666666,1,50,50,3.9318256327243257,1.0,50.0,3.9318256327243257,True
14.0,1.0,0.0005496787598531,0.0005496787598531,0.0013839163584634,3.946895958506502e-05,0.0002256509615108,0.0005947717840548,1.0,0,50,50,3.9318256327243257,1.0,50.0,3.9318256327243257,True
14.0,2.0,-0.0022439535629625,-0.0022439535629625,-0.000658688484691,-0.0016244603320956,-0.0044487118721008,0.0016080833760713,0.0,0,68,68,4.23410650459726,1.0,68.0,4.23410650459726,True
14.0,3.0,-0.0040493078219393,-0.0040493078219393,-0.0032304199412465,-0.0045942892320454,-0.0043232142925262,0.0005895215159025,0.0,0,57,57,4.060443010546419,1.0,57.0,4.060443010546419,True
14.0,4.0,0.0002307537943124,0.0002307537943124,0.0024300061631947,-0.0011051661567762,-0.000632578623481,0.0015670286065634,0.3333333333333333,1,18,18,2.9444389791664403,1.0,18.0,2.9444389791664403,False
14.0,5.0,-0.0003137789608445,-0.0003137789608445,0.001414269558154,-0.0026095781940966,0.0002539717534091,0.0016910732959622,0.6666666666666666,1,17,17,2.8903717578961645,1.0,17.0,2.8903717578961645,False
14.0,6.0,-0.001178229402285,-0.001178229402285,-0.0012319067027419,-0.0026139635592699,0.0003111820551566,0.0011947887277221,0.3333333333333333,1,13,13,2.639057329615259,1.0,13.0,2.639057329615259,False
14.0,7.0,-0.0016501482459716,-0.0016501482459716,-0.0014904061099514,-0.0035689317155629,0.0001088930875994,0.0015057084674009,0.3333333333333333,1,9,9,2.302585092994046,1.0,9.0,2.302585092994046,False
14.0,8.0,-0.0015152957663152,-0.0015152957663152,-0.0009791075717657,-0.0035689317155629,2.1519883830478648e-06,0.0015063826517251,0.3333333333333333,1,17,17,2.8903717578961645,1.0,17.0,2.8903717578961645,False
14.0,9.0,-0.0015152957663152,-0.0015152957663152,-0.0009791075717657,-0.0035689317155629,2.1519883830478648e-06,0.0015063826517251,0.3333333333333333,1,19,19,2.995732273553991,1.0,19.0,2.995732273553991,False
14.0,10.0,-0.001623816965169,-0.001623816965169,-0.0013046711683273,-0.0035689317155629,2.1519883830478648e-06,0.0014752514440773,0.3333333333333333,1,17,17,2.8903717578961645,1.0,17.0,2.8903717578961645,False
15.0,-10.0,0.0061908851688106,0.0061908851688106,0.0087526617571711,0.0057693519629538,0.004050641786307,0.0019425954518514,1.0,0,86,86,4.465908118654584,1.0,86.0,4.465908118654584,True
15.0,-9.0,0.0040391802322119,0.0040391802322119,0.0045318445190787,0.0046411207877099,0.0029445753898471,0.0007752871065688,1.0,0,91,91,4.5217885770490405,1.0,91.0,4.5217885770490405,True
15.0,-8.0,-4.151322355028242e-05,-4.151322355028242e-05,0.000159438161063,0.0011257940204814,-0.0014097718521952,0.0010448475703515,0.6666666666666666,1,108,108,4.6913478822291435,1.0,108.0,4.6913478822291435,True
15.0,-7.0,0.0093207902585466,0.0093207902585466,0.0111021539196372,0.0095432205125689,0.0073169963434338,0.001553267713049,1.0,0,120,120,4.795790545596741,1.0,120.0,4.795790545596741,True
15.0,-6.0,0.0099977913002173,0.0099977913002173,0.0083423973992466,0.0122082876041531,0.009442688897252,0.0016263211608681,1.0,0,116,116,4.762173934797756,1.0,116.0,4.762173934797756,True
15.0,-5.0,0.0072735509214301,0.0072735509214301,0.0041603264398872,0.0111266234889626,0.0065337028354406,0.0028916955852631,1.0,0,136,136,4.919980925828125,1.0,136.0,4.919980925828125,True
15.0,-4.0,0.0018470476691921,0.0018470476691921,-0.0054232948459684,0.0059273540973663,0.0050370837561786,0.0051537401005427,0.6666666666666666,1,131,131,4.882801922586371,1.0,131.0,4.882801922586371,True
15.0,-3.0,2.711561198035876e-05,2.711561198035876e-05,-0.0088616963475942,0.0052471421658992,0.003695901017636,0.0063171629082747,0.6666666666666666,1,125,125,4.836281906951478,1.0,125.0,4.836281906951478,True
15.0,-2.0,0.0021756789647042,0.0021756789647042,-0.0054718754254281,0.0065362933091819,0.005462619010359,0.0054253731200421,0.6666666666666666,1,82,82,4.418840607796598,1.0,82.0,4.418840607796598,True
15.0,-1.0,0.009171060907344,0.009171060907344,0.0068273129872977,0.0044255941174924,0.0162602756172418,0.0051078232339989,1.0,0,104,104,4.653960350157523,1.0,104.0,4.653960350157523,True
15.0,0.0,0.0010740130286042,0.0010740130286042,0.0010714587988331,-0.0020055109634995,0.0041560912504792,0.0025154642187734,0.6666666666666666,1,46,46,3.8501476017100584,1.0,46.0,3.8501476017100584,False
15.0,1.0,0.0008843174340048,0.0008843174340048,0.0013839163584634,0.0009911330416798,0.0002779029018711,0.0004578017198694,1.0,0,58,58,4.07753744390572,1.0,58.0,4.07753744390572,True
15.0,2.0,-0.0019223072837727,-0.0019223072837727,-0.000658688484691,-0.0007117738132365,-0.0043964595533907,0.0017496240744739,0.0,0,57,57,4.060443010546419,1.0,57.0,4.060443010546419,True
15.0,3.0,-0.0037276592726508,-0.0037276592726508,-0.0032304199412465,-0.0036815954372286,-0.0042709624394774,0.0004260466174465,0.0,0,47,47,3.8712010109078907,1.0,47.0,3.8712010109078907,False
15.0,4.0,0.0005523997824639,0.0005523997824639,0.0024300061631947,-0.0001924802782014,-0.0005803265376016,0.0013370765300843,0.3333333333333333,1,31,31,3.4657359027997265,1.0,31.0,3.4657359027997265,False
15.0,5.0,7.867696695029736e-06,7.867696695029736e-06,0.001414269558154,-0.0016968903364613,0.0003062238683924,0.0012875276764295,0.6666666666666666,1,15,15,2.772588722239781,1.0,15.0,2.772588722239781,False
15.0,6.0,-0.0008565836663668,-0.0008565836663668,-0.0012319067027419,-0.0017012784956023,0.0003634341992437,0.0008837081585719,0.3333333333333333,1,13,13,2.639057329615259,1.0,13.0,2.639057329615259,False
15.0,7.0,-0.001328502689527,-0.001328502689527,-0.0014904061099514,-0.0026562472339719,0.0001611452753422,0.0011558790813471,0.3333333333333333,1,9,9,2.302585092994046,1.0,9.0,2.302585092994046,False
15.0,8.0,-0.0011936502208603,-0.0011936502208603,-0.0009791075717657,-0.0026562472339719,5.44041431567166e-05,0.0011169688546218,0.3333333333333333,1,17,17,2.8903717578961645,1.0,17.0,2.8903717578961645,False
15.0,9.0,-0.0011936502208603,-0.0011936502208603,-0.0009791075717657,-0.0026562472339719,5.44041431567166e-05,0.0011169688546218,0.3333333333333333,1,17,17,2.8903717578961645,1.0,17.0,2.8903717578961645,False
15.0,10.0,-0.0013021714197141,-0.0013021714197141,-0.0013046711683273,-0.0026562472339719,5.44041431567166e-05,0.0011066202024301,0.3333333333333333,1,22,22,3.1354942159291497,1.0,22.0,3.1354942159291497,False
16.0,-10.0,0.0057164385604361,0.0057164385604361,0.0076280930079519,0.0057693519629538,0.0037518707104027,0.001582903386424,1.0,0,80,80,4.394449154672439,1.0,80.0,4.394449154672439,True
16.0,-9.0,0.0035647333910067,0.0035647333910067,0.0034072748385369,0.0046411207877099,0.0026458045467734,0.0008221583878814,1.0,0,97,97,4.584967478670572,1.0,97.0,4.584967478670572,True
16.0,-8.0,-0.0006991288585898,-0.0006991288585898,-0.0009651312720961,0.0011257940204814,-0.0022580493241548,0.0013941943691018,0.3333333333333333,1,115,115,4.7535901911063645,1.0,115.0,4.7535901911063645,True
16.0,-7.0,0.0086631750067075,0.0086631750067075,0.0099775847047567,0.0095432205125689,0.0064687198027968,0.0015618137520933,1.0,0,118,118,4.77912349311153,1.0,118.0,4.77912349311153,True
16.0,-6.0,0.0098858764395117,0.0098858764395117,0.00800665281713,0.0122082876041531,0.009442688897252,0.0017437020233,1.0,0,123,123,4.820281565605037,1.0,123.0,4.820281565605037,True
16.0,-5.0,0.007467506142954,0.007467506142954,0.0047421921044588,0.0111266234889626,0.0065337028354406,0.0026887707834252,1.0,0,115,115,4.7535901911063645,1.0,115.0,4.7535901911063645,True
16.0,-4.0,0.0038633266376564,0.0038633266376564,-7.947285484988242e-05,0.0059273540973663,0.0057420986704528,0.0027890058888286,0.6666666666666666,1,113,113,4.736198448394496,1.0,113.0,4.736198448394496,True
16.0,-3.0,0.0020433942942569,0.0020433942942569,-0.0035178761463612,0.0052471421658992,0.0044009168632328,0.0039475579793916,0.6666666666666666,1,95,95,4.564348191467836,1.0,95.0,4.564348191467836,True
16.0,-2.0,0.0041919581611485,0.0041919581611485,-0.0001280536816921,0.0065362933091819,0.0061676348559558,0.0030584150585443,0.6666666666666666,1,74,74,4.31748811353631,1.0,74.0,4.31748811353631,True
16.0,-1.0,0.0106874948057035,0.0106874948057035,0.010671597905457,0.0044255941174924,0.0169652923941612,0.0051193227254556,1.0,0,70,70,4.2626798770413155,1.0,70.0,4.2626798770413155,True
16.0,0.0,0.0012489036501695,0.0012489036501695,0.001596130663529,-0.0020055109634995,0.0041560912504792,0.0025274177085096,0.6666666666666666,1,41,41,3.7376696182833684,1.0,41.0,3.7376696182833684,False
16.0,1.0,0.0010592084824262,0.0010592084824262,0.0019085895037278,0.0009911330416798,0.0002779029018711,0.0006674630564525,1.0,0,70,70,4.2626798770413155,1.0,70.0,4.2626798770413155,True
16.0,2.0,-0.002015929222883,-0.002015929222883,-0.0009395543020218,-0.0007117738132365,-0.0043964595533907,0.0016858557626357,0.0,0,67,67,4.219507705176107,1.0,67.0,4.219507705176107,True
16.0,3.0,-0.0039757274401684,-0.0039757274401684,-0.0039746244437992,-0.0036815954372286,-0.0042709624394774,0.0002406093352105,0.0,0,53,53,3.9889840465642745,1.0,53.0,3.9889840465642745,True
16.0,4.0,0.0004415161286791,0.0004415161286791,0.0020973552018404,-0.0001924802782014,-0.0005803265376016,0.0011815127189013,0.3333333333333333,1,28,28,3.367295829986474,1.0,28.0,3.367295829986474,False
16.0,5.0,-0.0001140540698543,-0.0001140540698543,0.001048504258506,-0.0016968903364613,0.0003062238683924,0.0011595323855048,0.6666666666666666,1,14,14,2.70805020110221,1.0,14.0,2.70805020110221,False
16.0,6.0,-0.0009785055493315,-0.0009785055493315,-0.0015976723516359,-0.0017012784956023,0.0003634341992437,0.0009498369245548,0.3333333333333333,1,16,16,2.833213344056216,1.0,16.0,2.833213344056216,False
16.0,7.0,-0.0014504246501019,-0.0014504246501019,-0.001856171991676,-0.0026562472339719,0.0001611452753422,0.0011854389670162,0.3333333333333333,1,8,8,2.1972245773362196,1.0,8.0,2.1972245773362196,False
16.0,8.0,-0.0013155721426301,-0.0013155721426301,-0.0013448733370751,-0.0026562472339719,5.44041431567166e-05,0.0011068127339585,0.3333333333333333,1,21,21,3.091042453358316,1.0,21.0,3.091042453358316,False
16.0,9.0,-0.0013155721426301,-0.0013155721426301,-0.0013448733370751,-0.0026562472339719,5.44041431567166e-05,0.0011068127339585,0.3333333333333333,1,26,26,3.295836866004329,1.0,26.0,3.295836866004329,False
16.0,10.0,-0.0014240932638737,-0.0014240932638737,-0.001670436700806,-0.0026562472339719,5.44041431567166e-05,0.0011202444789039,0.3333333333333333,1,20,20,3.044522437723423,1.0,20.0,3.044522437723423,False
17.0,-10.0,0.0059948197255531,0.0059948197255531,0.008463236503303,0.0057693519629538,0.0037518707104027,0.0019300032284267,1.0,0,85,85,4.454347296253507,1.0,85.0,4.454347296253507,True
17.0,-9.0,0.0038431148665646,0.0038431148665646,0.0042424192652106,0.0046411207877099,0.0026458045467734,0.0008621309751307,1.0,0,77,77,4.356708826689592,1.0,77.0,4.356708826689592,True
17.0,-8.0,-0.0004207475042979,-0.0004207475042979,-0.0001299872092204,0.0011257940204814,-0.0022580493241548,0.0013966639078305,0.3333333333333333,1,114,114,4.74493212836325,1.0,114.0,4.74493212836325,True
17.0,-7.0,0.0089415569479266,0.0089415569479266,0.0108127305284142,0.0095432205125689,0.0064687198027968,0.001823751916578,1.0,0,144,144,4.976733742420574,1.0,144.0,4.976733742420574,True
17.0,-6.0,0.0101642577598492,0.0101642577598492,0.0088417967781424,0.0122082876041531,0.009442688897252,0.0014660175847071,1.0,0,153,153,5.0369526024136295,1.0,153.0,5.0369526024136295,True
17.0,-5.0,0.0074786262897153,0.0074786262897153,0.0047755525447428,0.0111266234889626,0.0065337028354406,0.0026775219619961,1.0,0,133,133,4.897839799950911,1.0,133.0,4.897839799950911,True
17.0,-4.0,0.0038744468741545,0.0038744468741545,-4.611214535543695e-05,0.0059273540973663,0.0057420986704528,0.0027732853155774,0.6666666666666666,1,102,102,4.634728988229636,1.0,102.0,4.634728988229636,True
17.0,-3.0,0.0022186964439849,0.0022186964439849,-0.0029919696971774,0.0052471421658992,0.0044009168632328,0.0037006580983846,0.6666666666666666,1,93,93,4.543294782270004,1.0,93.0,4.543294782270004,True
17.0,-2.0,0.0043520356315032,0.0043520356315032,0.000352178729372,0.0065362933091819,0.0061676348559558,0.0028323275107148,1.0,0,71,71,4.276666119016055,1.0,71.0,4.276666119016055,True
17.0,-1.0,0.0105749382637441,0.0105749382637441,0.0103339282795786,0.0044255941174924,0.0169652923941612,0.0051221462023142,1.0,0,85,85,4.454347296253507,1.0,85.0,4.454347296253507,True
17.0,0.0,0.0011935687313477,0.0011935687313477,0.0014301259070634,-0.0020055109634995,0.0041560912504792,0.0025210189651361,0.6666666666666666,1,39,39,3.6888794541139363,1.0,39.0,3.6888794541139363,False
17.0,1.0,0.0010038729427227,0.0010038729427227,0.0017425828846171,0.0009911330416798,0.0002779029018711,0.0005980209537985,1.0,0,50,50,3.9318256327243257,1.0,50.0,3.9318256327243257,True
17.0,2.0,-0.0020712646073661,-0.0020712646073661,-0.0011055604554712,-0.0007117738132365,-0.0043964595533907,0.0016520019436357,0.0,0,56,56,4.04305126783455,1.0,56.0,4.04305126783455,True
17.0,3.0,-0.0040310627470413,-0.0040310627470413,-0.004140630364418,-0.0036815954372286,-0.0042709624394774,0.0002527741586451,0.0,0,73,73,4.304065093204169,1.0,73.0,4.304065093204169,True
17.0,4.0,0.0003861809770266,0.0003861809770266,0.0019313497468829,-0.0001924802782014,-0.0005803265376016,0.0011040127039538,0.3333333333333333,1,31,31,3.4657359027997265,1.0,31.0,3.4657359027997265,False
17.0,5.0,-0.0001693895319476,-0.0001693895319476,0.0008824978722259,-0.0016968903364613,0.0003062238683924,0.0011054311263683,0.6666666666666666,1,15,15,2.772588722239781,1.0,15.0,2.772588722239781,False
17.0,6.0,-0.0010338409726197,-0.0010338409726197,-0.0017636786215007,-0.0017012784956023,0.0003634341992437,0.0009883511094605,0.3333333333333333,1,11,11,2.4849066497880004,1.0,11.0,2.4849066497880004,False
17.0,7.0,-0.0015057598793646,-0.0015057598793646,-0.0020221776794642,-0.0026562472339719,0.0001611452753422,0.0012067699714747,0.3333333333333333,1,13,13,2.639057329615259,1.0,13.0,2.639057329615259,False
17.0,8.0,-0.0013709074883081,-0.0013709074883081,-0.0015108793741092,-0.0026562472339719,5.44041431567166e-05,0.0011110360986314,0.3333333333333333,1,14,14,2.70805020110221,1.0,14.0,2.70805020110221,False
17.0,9.0,-0.0013709074883081,-0.0013709074883081,-0.0015108793741092,-0.0026562472339719,5.44041431567166e-05,0.0011110360986314,0.3333333333333333,1,22,22,3.1354942159291497,1.0,22.0,3.1354942159291497,False
17.0,10.0,-0.0014794287259671,-0.0014794287259671,-0.001836443087086,-0.0026562472339719,5.44041431567166e-05,0.0011350483580348,0.3333333333333333,1,30,30,3.4339872044851463,1.0,30.0,3.4339872044851463,False
18.0,-10.0,0.006447445290784,0.006447445290784,0.008463236503303,0.0060062347911298,0.0048728645779192,0.0014985977155104,1.0,0,75,75,4.330733340286331,1.0,75.0,4.330733340286331,True
18.0,-9.0,0.0042957390348116,0.0042957390348116,0.0042424192652106,0.0048780003562569,0.0037667974829673,0.0004552107239323,1.0,0,98,98,4.59511985013459,1.0,98.0,4.59511985013459,True
18.0,-8.0,3.187534457538277e-05,3.187534457538277e-05,-0.0001299872092204,0.0013626692816615,-0.0011370560387149,0.0010269067741113,0.3333333333333333,1,94,94,4.553876891600541,1.0,94.0,4.553876891600541,True
18.0,-7.0,0.0096924634029467,0.0096924634029467,0.0108127305284142,0.0097800996154546,0.0084845600649714,0.0009524895471058,1.0,0,108,108,4.6913478822291435,1.0,108.0,4.6913478822291435,True
18.0,-6.0,0.0108398667847116,0.0108398667847116,0.0088417967781424,0.0129823498427867,0.0106954537332057,0.0016934552975829,1.0,0,138,138,4.9344739331306915,1.0,138.0,4.9344739331306915,True
18.0,-5.0,0.0078559525621434,0.0078559525621434,0.0047755525447428,0.0119006866589188,0.0068916184827685,0.0029876790544648,1.0,0,105,105,4.663439094112067,1.0,105.0,4.663439094112067,True
18.0,-4.0,0.0042550518677065,0.0042550518677065,-4.611214535543695e-05,0.0067014107480645,0.0061098570004105,0.0030509553541511,0.6666666666666666,1,115,115,4.7535901911063645,1.0,115.0,4.7535901911063645,True
18.0,-3.0,0.0025993015927573,0.0025993015927573,-0.0029919696971774,0.0060211992822587,0.0047686751931905,0.0039865557504074,0.6666666666666666,1,94,94,4.553876891600541,1.0,94.0,4.553876891600541,True
18.0,-2.0,0.0047326407802756,0.0047326407802756,0.000352178729372,0.0073103508912026,0.0065353927202522,0.0031135698564226,1.0,0,72,72,4.290459441148391,1.0,72.0,4.290459441148391,True
18.0,-1.0,0.0108465482480824,0.0108465482480824,0.0103339282795786,0.0051996507681906,0.0170060656964778,0.0048335592675103,1.0,0,73,73,4.304065093204169,1.0,73.0,4.304065093204169,True
18.0,0.0,0.0014651796082034,0.0014651796082034,0.0014301259070634,-0.001231450238265,0.004196863155812,0.0022162382765325,0.6666666666666666,1,62,62,4.143134726391533,1.0,62.0,4.143134726391533,True
18.0,1.0,0.0012754788913298,0.0012754788913298,0.0017425828846171,0.0017651794478297,0.0003186743415426,0.0006766258744867,1.0,0,57,57,4.060443010546419,1.0,57.0,4.060443010546419,True
18.0,2.0,-0.0017996534710012,-0.0017996534710012,-0.0011055604554712,6.228815618669614e-05,-0.0043556881137192,0.0018692159525709,0.3333333333333333,1,49,49,3.912023005428146,1.0,49.0,3.912023005428146,False
18.0,3.0,-0.0037594543149073,-0.0037594543149073,-0.004140630364418,-0.0029075415804982,-0.0042301909998059,0.0006035018680662,0.0,0,53,53,3.9889840465642745,1.0,53.0,3.9889840465642745,True
18.0,4.0,0.0006577916404542,0.0006577916404542,0.0019313497468829,0.0005815803888253,-0.0005395552143454,0.0010101811547149,0.6666666666666666,1,30,30,3.4339872044851463,1.0,30.0,3.4339872044851463,False
18.0,5.0,0.0001022205979097,0.0001022205979097,0.0008824978722259,-0.0009228313574567,0.00034699527896,0.0007570730437014,0.6666666666666666,1,28,28,3.367295829986474,1.0,28.0,3.367295829986474,False
18.0,6.0,-0.0007622303868023,-0.0007622303868023,-0.0017636786215007,-0.0009272181196138,0.0004042055807076,0.0008926911345401,0.3333333333333333,1,16,16,2.833213344056216,1.0,16.0,2.833213344056216,False
18.0,7.0,-0.0012341491625799,-0.0012341491625799,-0.0020221776794642,-0.0018821863923221,0.0002019165840465,0.0010170588352677,0.3333333333333333,1,20,20,3.044522437723423,1.0,20.0,3.044522437723423,False
18.0,8.0,-0.0010992967436322,-0.0010992967436322,-0.0015108793741092,-0.0018821863923221,9.517553553450853e-05,0.0008581143065726,0.3333333333333333,1,16,16,2.833213344056216,1.0,16.0,2.833213344056216,False
18.0,9.0,-0.0010992967436322,-0.0010992967436322,-0.0015108793741092,-0.0018821863923221,9.517553553450853e-05,0.0008581143065726,0.3333333333333333,1,22,22,3.1354942159291497,1.0,22.0,3.1354942159291497,False
18.0,10.0,-0.0012078179812912,-0.0012078179812912,-0.001836443087086,-0.0018821863923221,9.517553553450853e-05,0.0009215447868157,0.3333333333333333,1,33,33,3.5263605246161616,1.0,33.0,3.5263605246161616,False
19.0,-10.0,0.0065158600918948,0.0065158600918948,0.0086397500708699,0.0057517611421644,0.0051560690626502,0.0015213795812774,1.0,0,84,84,4.442651256490317,1.0,84.0,4.442651256490317,True
19.0,-9.0,0.0044654353211323,0.0044654353211323,0.0047227777540683,0.004623525775969,0.0040500024333596,0.0002965367902656,1.0,0,88,88,4.48863636973214,1.0,88.0,4.48863636973214,True
19.0,-8.0,0.0002015709275534,0.0002015709275534,0.0003503694024402,0.0011081943521276,-0.0008538509719073,0.0008078825009403,0.6666666666666666,1,122,122,4.812184355372417,1.0,122.0,4.812184355372417,True
19.0,-7.0,0.0098960250616073,0.0098960250616073,0.0115341674536466,0.0095256241038441,0.0086282836273312,0.0012148903531167,1.0,0,100,100,4.61512051684126,1.0,100.0,4.61512051684126,True
19.0,-6.0,0.0107457336659232,0.0107457336659232,0.0088138803839683,0.0127278668805956,0.0106954537332057,0.0015982737829026,1.0,0,139,139,4.941642422609304,1.0,139.0,4.941642422609304,True
19.0,-5.0,0.0079756340322395,0.0079756340322395,0.0047476352192461,0.0116462092846632,0.0075330575928092,0.0028336650546086,1.0,0,94,94,4.553876891600541,1.0,94.0,4.553876891600541,True
19.0,-4.0,0.0062098855463167,0.0062098855463167,0.0013698916882276,0.0064469347707927,0.0108128301799297,0.003858705835781,1.0,0,80,80,4.394449154672439,1.0,80.0,4.394449154672439,True
19.0,-3.0,0.0042208840604871,0.0042208840604871,-0.0028557057958096,0.0057667214423418,0.0097516365349292,0.0052617158208747,0.6666666666666666,1,81,81,4.406719247264253,1.0,81.0,4.406719247264253,True
19.0,-2.0,0.0059986905350039,0.0059986905350039,0.000488442601636,0.0070558753795921,0.0104517536237835,0.0041356274395172,1.0,0,76,76,4.343805421853684,1.0,76.0,4.343805421853684,True
19.0,-1.0,0.0120312757790088,0.0120312757790088,0.011232366785407,0.0049451738595962,0.0199162866920232,0.0061379826515101,1.0,0,84,84,4.442651256490317,1.0,84.0,4.442651256490317,True
19.0,0.0,0.0017368708116312,0.0017368708116312,0.002328565577045,-0.0014859267976135,0.0043679736554622,0.0024261924422427,0.6666666666666666,1,61,61,4.127134385045092,1.0,61.0,4.127134385045092,True
19.0,1.0,0.0012341388404214,0.0012341388404214,0.0018730397569015,0.00151070242282,0.0003186743415426,0.0006640173303199,1.0,0,59,59,4.0943445622221,1.0,59.0,4.0943445622221,True
19.0,2.0,-0.0017794322484405,-0.0017794322484405,-0.0007904209196567,-0.0001921877119457,-0.0043556881137192,0.0018379864807698,0.0,0,59,59,4.0943445622221,1.0,59.0,4.0943445622221,True
19.0,3.0,-0.0037392338272184,-0.0037392338272184,-0.0038254910614341,-0.0031620194204151,-0.0042301909998059,0.0004403240197819,0.0,0,46,46,3.8501476017100584,1.0,46.0,3.8501476017100584,False
19.0,4.0,0.00067801233187,0.00067801233187,0.0022464888170361,0.0003271033929195,-0.0005395552143454,0.0011641486585414,0.6666666666666666,1,53,53,3.9889840465642745,1.0,53.0,3.9889840465642745,True
19.0,5.0,0.0001177620433736,0.0001177620433736,0.0011835988843813,-0.0011773080332204,0.00034699527896,0.0009773710573499,0.6666666666666666,1,32,32,3.4965075614664802,1.0,32.0,3.4965075614664802,False
19.0,6.0,-0.0007466888637281,-0.0007466888637281,-0.0014625776093453,-0.0011816945625469,0.0004042055807076,0.000821844404645,0.3333333333333333,1,21,21,3.091042453358316,1.0,21.0,3.091042453358316,False
19.0,7.0,-0.0012186078335313,-0.0012186078335313,-0.0017210772493854,-0.0021366628352552,0.0002019165840465,0.0010186903554718,0.3333333333333333,1,14,14,2.70805020110221,1.0,14.0,2.70805020110221,False
19.0,8.0,-0.0011664341970269,-0.0011664341970269,-0.00145781529136,-0.0021366628352552,9.517553553450853e-05,0.0009341494651761,0.3333333333333333,1,13,13,2.639057329615259,1.0,13.0,2.639057329615259,False
19.0,9.0,-0.0011664341970269,-0.0011664341970269,-0.00145781529136,-0.0021366628352552,9.517553553450853e-05,0.0009341494651761,0.3333333333333333,1,24,24,3.2188758248682006,1.0,24.0,3.2188758248682006,False
19.0,10.0,-0.0012749553958807,-0.0012749553958807,-0.0017833788879215,-0.0021366628352552,9.517553553450853e-05,0.0009795054751511,0.3333333333333333,1,28,28,3.367295829986474,1.0,28.0,3.367295829986474,False
20.0,-10.0,0.0069290694470206,0.0069290694470206,0.0086397500708699,0.0068242689594626,0.0053231893107295,0.0013560066803105,1.0,0,68,68,4.23410650459726,1.0,68.0,4.23410650459726,True
20.0,-9.0,0.0048786448314785,0.0048786448314785,0.0047227777540683,0.0056960340589284,0.0042171226814389,0.0006137402409175,1.0,0,86,86,4.465908118654584,1.0,86.0,4.465908118654584,True
20.0,-8.0,0.0006147810587814,0.0006147810587814,0.0003503694024402,0.0021807048469781,-0.000686731073074,0.0011854625909768,0.6666666666666666,1,122,122,4.812184355372417,1.0,122.0,4.812184355372417,True
20.0,-7.0,0.0103092382972439,0.0103092382972439,0.0115341674536466,0.010598144493997,0.0087954029440879,0.0011366054292193,1.0,0,105,105,4.663439094112067,1.0,105.0,4.663439094112067,True
20.0,-6.0,0.0107919142271081,0.0107919142271081,0.0088138803839683,0.012699288316071,0.010862573981285,0.0015869978576664,1.0,0,117,117,4.770684624465665,1.0,117.0,4.770684624465665,True
20.0,-5.0,0.0074755737247566,0.0074755737247566,0.0047476352192461,0.0100479871034622,0.0076310988515615,0.0021666523445058,1.0,0,93,93,4.543294782270004,1.0,93.0,4.543294782270004,True
20.0,-4.0,0.00462095423912,0.00462095423912,0.0013698916882276,0.0048487116582691,0.0076442593708634,0.0025665576863065,1.0,0,80,80,4.394449154672439,1.0,80.0,4.394449154672439,True
20.0,-3.0,0.0001697045906136,0.0001697045906136,-0.0028557057958096,0.0041684997268021,-0.0008036801591515,0.0029490647341463,0.3333333333333333,1,83,83,4.430816798843313,1.0,83.0,4.430816798843313,True
20.0,-2.0,0.0017590241817136,0.0017590241817136,0.000488442601636,0.0048921941779553,-0.0001035642344504,0.0022286294282219,0.6666666666666666,1,61,61,4.127134385045092,1.0,61.0,4.127134385045092,True
20.0,-1.0,0.0079042964304486,0.0079042964304486,0.011232366785407,0.0027814926579594,0.0096990298479795,0.0036760594309207,1.0,0,75,75,4.330733340286331,1.0,75.0,4.330733340286331,True
20.0,0.0,-0.0005018894201687,-0.0005018894201687,0.002328565577045,-0.0036496038082987,-0.0001846300292527,0.0024508661653666,0.3333333333333333,1,64,64,4.174387269895637,1.0,64.0,4.174387269895637,True
20.0,1.0,0.0007958191175324,0.0007958191175324,0.0018730397569015,0.0010476856259629,-0.0005332680302672,0.0009983843098389,0.6666666666666666,1,64,64,4.174387269895637,1.0,64.0,4.174387269895637,True
20.0,2.0,-0.0018637521813313,-0.0018637521813313,-0.0007904209196567,-0.0006551868282258,-0.0041456487961113,0.0016144888118286,0.0,0,58,58,4.07753744390572,1.0,58.0,4.07753744390572,True
20.0,3.0,-0.0038378608102599,-0.0038378608102599,-0.0038254910614341,-0.0036250196862965,-0.0040630716830492,0.0001790477515064,0.0,0,54,54,4.007333185232471,1.0,54.0,4.007333185232471,True
20.0,4.0,0.0005793854021855,0.0005793854021855,0.0022464888170361,-0.000135897353175,-0.0003724352573044,0.0011827687550482,0.3333333333333333,1,31,31,3.4657359027997265,1.0,31.0,3.4657359027997265,False
20.0,5.0,1.91328387397031e-05,1.91328387397031e-05,0.0011835988843813,-0.0016403155168518,0.0005141151486895,0.0012048177598695,0.6666666666666666,1,19,19,2.995732273553991,1.0,19.0,2.995732273553991,False
20.0,6.0,-0.0008453174765842,-0.0008453174765842,-0.0014625776093453,-0.0016447002999484,0.0005713254795409,0.0010044733669814,0.3333333333333333,1,23,23,3.1780538303479458,1.0,23.0,3.1780538303479458,False
20.0,7.0,-0.0013172356799865,-0.0013172356799865,-0.0017210772493854,-0.0025996663607656,0.0003690365701913,0.0012451546846206,0.3333333333333333,1,13,13,2.639057329615259,1.0,13.0,2.639057329615259,False
20.0,8.0,-0.0012650620483327,-0.0012650620483327,-0.00145781529136,-0.0025996663607656,0.0002622955071274,0.0011763139583296,0.3333333333333333,1,12,12,2.5649493574615367,1.0,12.0,2.5649493574615367,False
20.0,9.0,-0.0012650620483327,-0.0012650620483327,-0.00145781529136,-0.0025996663607656,0.0002622955071274,0.0011763139583296,0.3333333333333333,1,20,20,3.044522437723423,1.0,20.0,3.044522437723423,False
20.0,10.0,-0.0013735832471866,-0.0013735832471866,-0.0017833788879215,-0.0025996663607656,0.0002622955071274,0.001203787296741,0.3333333333333333,1,27,27,3.332204510175204,1.0,27.0,3.332204510175204,False
21.0,-10.0,0.0065995844391485,0.0065995844391485,0.0081777665764093,0.0068242689594626,0.0047967177815735,0.0013894207638477,1.0,0,64,64,4.174387269895637,1.0,64.0,4.174387269895637,True
21.0,-9.0,0.0045491597459961,0.0045491597459961,0.0042607937939465,0.0056960340589284,0.0036906513851135,0.0008437045726379,1.0,0,90,90,4.51085950651685,1.0,90.0,4.51085950651685,True
21.0,-8.0,0.0005142433462121,0.0005142433462121,0.0001576212380314,0.0021807048469781,-0.0007955960463732,0.0012409609846065,0.6666666666666666,1,105,105,4.663439094112067,1.0,105.0,4.663439094112067,True
21.0,-7.0,0.0102086998522281,0.0102086998522281,0.011341419070959,0.010598144493997,0.0086865359917283,0.0011182877947554,1.0,0,111,111,4.718498871295094,1.0,111.0,4.718498871295094,True
21.0,-6.0,0.0106913760925332,0.0106913760925332,0.0086211320012807,0.012699288316071,0.0107537079602479,0.0016654836491272,1.0,0,115,115,4.7535901911063645,1.0,115.0,4.7535901911063645,True
21.0,-5.0,0.0076553610463937,0.0076553610463937,0.005395860876888,0.0100479871034622,0.0075222351588308,0.0019015540107062,1.0,0,101,101,4.624972813284271,1.0,101.0,4.624972813284271,True
21.0,-4.0,0.0055843058507889,0.0055843058507889,0.003207137575373,0.0048487116582691,0.0086970683187246,0.0023008199992974,1.0,0,87,87,4.477336814478207,1.0,87.0,4.477336814478207,True
21.0,-3.0,0.0012985493425124,0.0012985493425124,-0.0005219791200943,0.0041684997268021,0.0002491274208296,0.0020536329971665,0.6666666666666666,1,61,61,4.127134385045092,1.0,61.0,4.127134385045092,True
21.0,-2.0,0.0028878690791316,0.0028878690791316,0.002822169335559,0.0048921941779553,0.0009492437238804,0.0016103730236711,1.0,0,69,69,4.248495242049359,1.0,69.0,4.248495242049359,True
21.0,-1.0,0.0088733658194541,0.0088733658194541,0.0130867678672075,0.0027814926579594,0.0107518369331955,0.0044118147874736,1.0,0,68,68,4.23410650459726,1.0,68.0,4.23410650459726,True
21.0,0.0,-0.0002297516039106,-0.0002297516039106,0.0032538441009819,-0.0036496038082987,-0.0002934951044153,0.0028186812146144,0.3333333333333333,1,57,57,4.060443010546419,1.0,57.0,4.060443010546419,True
21.0,1.0,0.0005416650868331,0.0005416650868331,0.0012194428127259,0.0010476856259629,-0.0006421331781893,0.0008400035245973,0.6666666666666666,1,56,56,4.04305126783455,1.0,56.0,4.04305126783455,True
21.0,2.0,-0.0021179063090433,-0.0021179063090433,-0.001444017747417,-0.0006551868282258,-0.0042545143514871,0.0015447511126488,0.0,0,67,67,4.219507705176107,1.0,67.0,4.219507705176107,True
21.0,3.0,-0.0040920147827516,-0.0040920147827516,-0.0044790878891944,-0.0036250196862965,-0.0041719367727637,0.0003532220898773,0.0,0,64,64,4.174387269895637,1.0,64.0,4.174387269895637,True
21.0,4.0,0.0003252313229798,0.0003252313229798,0.0015928916400298,-0.000135897353175,-0.0004813003179151,0.0009073947364406,0.3333333333333333,1,41,41,3.7376696182833684,1.0,41.0,3.7376696182833684,False
21.0,5.0,-5.693326238542795e-05,-5.693326238542795e-05,0.0010642656125128,-0.0016403155168518,0.0004052501171827,0.0011514917509013,0.6666666666666666,1,24,24,3.2188758248682006,1.0,24.0,3.2188758248682006,False
21.0,6.0,-0.0009213836456183,-0.0009213836456183,-0.0015819109976291,-0.0016447002999484,0.0004624603607226,0.0009788611748815,0.3333333333333333,1,25,25,3.258096538021482,1.0,25.0,3.258096538021482,False
21.0,7.0,-0.0013933016646963,-0.0013933016646963,-0.0018404100555926,-0.0025996663607656,0.0002601714222691,0.0012095722305084,0.3333333333333333,1,16,16,2.833213344056216,1.0,16.0,2.833213344056216,False
21.0,8.0,-0.001341128173711,-0.001341128173711,-0.0015771485632285,-0.0025996663607656,0.0001534304028609,0.0011362701162645,0.3333333333333333,1,18,18,2.9444389791664403,1.0,18.0,2.9444389791664403,False
21.0,9.0,-0.001341128173711,-0.001341128173711,-0.0015771485632285,-0.0025996663607656,0.0001534304028609,0.0011362701162645,0.3333333333333333,1,19,19,2.995732273553991,1.0,19.0,2.995732273553991,False
21.0,10.0,-0.0014496492949547,-0.0014496492949547,-0.0019027119269594,-0.0025996663607656,0.0001534304028609,0.0011687128985518,0.3333333333333333,1,29,29,3.4011973816621555,1.0,29.0,3.4011973816621555,False
22.0,-10.0,0.0064501329325139,0.0064501329325139,0.0081777665764093,0.0064392024651169,0.0047334297560155,0.0014061658601597,1.0,0,91,91,4.5217885770490405,1.0,91.0,4.5217885770490405,True
22.0,-9.0,0.0043997083169718,0.0043997083169718,0.0042607937939465,0.0053109684959053,0.0036273626610636,0.0006943126506643,1.0,0,75,75,4.330733340286331,1.0,75.0,4.330733340286331,True
22.0,-8.0,0.0003647913157086,0.0003647913157086,0.0001576212380314,0.0017956370720639,-0.0008588843629695,0.0010935601166455,0.6666666666666666,1,87,87,4.477336814478207,1.0,87.0,4.477336814478207,True
22.0,-7.0,0.0105310920625925,0.0105310920625925,0.011341419070959,0.0116286091506481,0.0086232479661703,0.0013541347440728,1.0,0,112,112,4.727387818712341,1.0,112.0,4.727387818712341,True
22.0,-6.0,0.0109364738066991,0.0109364738066991,0.0086211320012807,0.0137297520413994,0.010458537377417,0.0021127891678066,1.0,0,125,125,4.836281906951478,1.0,125.0,4.836281906951478,True
22.0,-5.0,0.0067314050005127,0.0067314050005127,0.005395860876888,0.0110784526914358,0.0037199014332145,0.0031490557033899,1.0,0,93,93,4.543294782270004,1.0,93.0,4.543294782270004,True
22.0,-4.0,0.0058294032545139,0.0058294032545139,0.003207137575373,0.0058791753835976,0.0084018968045711,0.0021210435813469,1.0,0,84,84,4.442651256490317,1.0,84.0,4.442651256490317,True
22.0,-3.0,0.0015436482268948,0.0015436482268948,-0.0005219791200943,0.0051989667117595,-4.604291098075919e-05,0.002591993279072,0.3333333333333333,1,63,63,4.1588830833596715,1.0,63.0,4.1588830833596715,True
22.0,-2.0,0.0031329673559715,0.0031329673559715,0.002822169335559,0.0059226597659289,0.0006540729664266,0.0021620897719709,1.0,0,69,69,4.248495242049359,1.0,69.0,4.248495242049359,True
22.0,-1.0,0.0091184639216711,0.0091184639216711,0.0130867678672075,0.0038119566161185,0.0104566672816872,0.0039028726267029,1.0,0,72,72,4.290459441148391,1.0,72.0,4.290459441148391,True
22.0,0.0,1.5346061748762924e-05,1.5346061748762924e-05,0.0032538441009819,-0.0026191398501396,-0.000588666065596,0.0024353792463074,0.3333333333333333,1,64,64,4.174387269895637,1.0,64.0,4.174387269895637,True
22.0,1.0,0.0003578597679734,0.0003578597679734,0.0012194428127259,0.0005595580441877,-0.0007054215529933,0.0007986602751169,0.6666666666666666,1,51,51,3.9512437185814275,1.0,51.0,3.9512437185814275,True
22.0,2.0,-0.0023017113562673,-0.0023017113562673,-0.001444017747417,-0.0011433134786784,-0.0043178028427064,0.0014308679010956,0.0,0,64,64,4.174387269895637,1.0,64.0,4.174387269895637,True
22.0,3.0,-0.0042758195971449,-0.0042758195971449,-0.0044790878891944,-0.0041131456382572,-0.004235225263983,0.0001521279235137,0.0,0,64,64,4.174387269895637,1.0,64.0,4.174387269895637,True
22.0,4.0,0.0001414267268652,0.0001414267268652,0.0015928916400298,-0.0006240226794034,-0.0005445887800306,0.0010268528721951,0.3333333333333333,1,38,38,3.6635616461296463,1.0,38.0,3.6635616461296463,False
22.0,5.0,-0.0002407378633506,-0.0002407378633506,0.0010642656125128,-0.0021284408867359,0.0003419616841711,0.001366991287365,0.6666666666666666,1,29,29,3.4011973816621555,1.0,29.0,3.4011973816621555,False
22.0,6.0,-0.0011051882756873,-0.0011051882756873,-0.0015819109976291,-0.0021328257862478,0.0003991719568148,0.0010872600295943,0.3333333333333333,1,15,15,2.772588722239781,1.0,15.0,2.772588722239781,False
22.0,7.0,-0.0015771062947654,-0.0015771062947654,-0.0018404100555926,-0.003087791847065,0.0001968830183614,0.0013538264033817,0.3333333333333333,1,13,13,2.639057329615259,1.0,13.0,2.639057329615259,False
22.0,8.0,-0.0015249328231827,-0.0015249328231827,-0.0015771485632285,-0.003087791847065,9.014194074552506e-05,0.0012979113099023,0.3333333333333333,1,17,17,2.8903717578961645,1.0,17.0,2.8903717578961645,False
22.0,9.0,-0.0015249328231827,-0.0015249328231827,-0.0015771485632285,-0.003087791847065,9.014194074552506e-05,0.0012979113099023,0.3333333333333333,1,31,31,3.4657359027997265,1.0,31.0,3.4657359027997265,False
22.0,10.0,-0.0016334539444263,-0.0016334539444263,-0.0019027119269594,-0.003087791847065,9.014194074552506e-05,0.0013112819899613,0.3333333333333333,1,27,27,3.332204510175204,1.0,27.0,3.332204510175204,False
23.0,-10.0,0.006676613818854,0.006676613818854,0.0075131054036319,0.0074088452383875,0.0051078908145427,0.001110071001845,1.0,0,66,66,4.204692619390966,1.0,66.0,4.204692619390966,True
23.0,-9.0,0.0048912134952843,0.0048912134952843,0.004391198977828,0.0062806163914501,0.0040018251165747,0.0009952330738282,1.0,0,84,84,4.442651256490317,1.0,84.0,4.442651256490317,True
23.0,-8.0,0.000856303658414,0.000856303658414,0.0002880261454265,0.0027653069701045,-0.000484422140289,0.001386215308327,0.6666666666666666,1,107,107,4.68213122712422,1.0,107.0,4.68213122712422,True
23.0,-7.0,0.0108401821926236,0.0108401821926236,0.0114718247205019,0.0125982789322733,0.0084504429250955,0.0017512595653564,1.0,0,114,114,4.74493212836325,1.0,114.0,4.74493212836325,True
23.0,-6.0,0.0114971514170368,0.0114971514170368,0.008751536719501,0.0146994218230247,0.0110404957085847,0.002449589779021,1.0,0,91,91,4.5217885770490405,1.0,91.0,4.5217885770490405,True
23.0,-5.0,0.0065847622075428,0.0065847622075428,0.0037716368678957,0.0120481271296739,0.0039345226250588,0.0038637546632562,1.0,0,91,91,4.5217885770490405,1.0,91.0,4.5217885770490405,True
23.0,-4.0,0.0035175208856041,0.0035175208856041,-0.0015842277789488,0.0039481748826801,0.008188615553081,0.0040013509257914,0.6666666666666666,1,73,73,4.304065093204169,1.0,73.0,4.304065093204169,True
23.0,-3.0,-0.0007682346913497,-0.0007682346913497,-0.0053133452311158,0.0032679664436727,-0.0002593252866063,0.003521739068665,0.3333333333333333,1,86,86,4.465908118654584,1.0,86.0,4.465908118654584,True
23.0,-2.0,0.0008210849967629,0.0008210849967629,-0.0019691961351782,0.0039916601963341,0.000440790929133,0.0024483218381357,0.6666666666666666,1,72,72,4.290459441148391,1.0,72.0,4.290459441148391,True
23.0,-1.0,0.0077972197905182,0.0077972197905182,0.008366641588509,0.0047816317528486,0.0102433860301971,0.0022658141781052,1.0,0,81,81,4.406719247264253,1.0,81.0,4.406719247264253,True
23.0,0.0,-0.0005047021550126,-0.0005047021550126,0.0009373052744194,-0.0016494638985022,-0.0008019478409551,0.0010767574585619,0.3333333333333333,1,70,70,4.2626798770413155,1.0,70.0,4.2626798770413155,True
23.0,1.0,0.00067153776763,0.00067153776763,0.0009762030094861,0.001529210130684,-0.00049079983728,0.0008523402098008,0.6666666666666666,1,56,56,4.04305126783455,1.0,56.0,4.04305126783455,True
23.0,2.0,-0.0016831652804588,-0.0016831652804588,-0.0007726713665761,-0.0001736444537527,-0.0041031800210475,0.0017285951558171,0.0,0,63,63,4.1588830833596715,1.0,63.0,4.1588830833596715,True
23.0,3.0,-0.0036572717751065,-0.0036572717751065,-0.0038077412173151,-0.0031434712000191,-0.0040206029079854,0.0003735601674508,0.0,0,53,53,3.9889840465642745,1.0,53.0,3.9889840465642745,True
23.0,4.0,0.000759974180255,0.000759974180255,0.0022642381954938,0.0003456513222772,-0.0003299669770058,0.0010988547651193,0.6666666666666666,1,36,36,3.6109179126442243,1.0,36.0,3.6109179126442243,False
23.0,5.0,0.0003351510774033,0.0003351510774033,0.001822262071073,-0.001158770523034,0.0003419616841711,0.0012170109887358,0.6666666666666666,1,31,31,3.4657359027997265,1.0,31.0,3.4657359027997265,False
23.0,6.0,-0.0005418166789847,-0.0005418166789847,-0.0008614740218035,-0.0011631479719653,0.0003991719568148,0.000676681364001,0.3333333333333333,1,19,19,2.995732273553991,1.0,19.0,2.995732273553991,False
23.0,7.0,-0.0010137346786602,-0.0010137346786602,-0.0011199733708053,-0.0021181136835366,0.0001968830183614,0.0009480743385871,0.3333333333333333,1,21,21,3.091042453358316,1.0,21.0,3.091042453358316,False
23.0,8.0,-0.0009615611100646,-0.0009615611100646,-0.0008567115874029,-0.0021181136835366,9.014194074552506e-05,0.0009045600375671,0.3333333333333333,1,18,18,2.9444389791664403,1.0,18.0,2.9444389791664403,False
23.0,9.0,-0.0009615611100646,-0.0009615611100646,-0.0008567115874029,-0.0021181136835366,9.014194074552506e-05,0.0009045600375671,0.3333333333333333,1,26,26,3.295836866004329,1.0,26.0,3.295836866004329,False
23.0,10.0,-0.0010700822507108,-0.0010700822507108,-0.0011822750093415,-0.0021181136835366,9.014194074552506e-05,0.0009050004187329,0.3333333333333333,1,28,28,3.367295829986474,1.0,28.0,3.367295829986474,False
24.0,-10.0,0.0071286675520241,0.0071286675520241,0.0075131054036319,0.0083754574880003,0.00549743976444,0.001205982545643,1.0,0,83,83,4.430816798843313,1.0,83.0,4.430816798843313,True
24.0,-9.0,0.005343266762793,0.005343266762793,0.004391198977828,0.0072472291067242,0.0043913722038269,0.0013463046863749,1.0,0,62,62,4.143134726391533,1.0,62.0,4.143134726391533,True
24.0,-8.0,0.0013083672262534,0.0013083672262534,0.0002880261454265,0.0037319499533623,-9.487442002864556e-05,0.0017208463299806,0.6666666666666666,1,110,110,4.709530201312334,1.0,110.0,4.709530201312334,True
24.0,-7.0,0.0112922458599011,0.0112922458599011,0.0114718247205019,0.0135649209842085,0.0088399918749928,0.0019331192750163,1.0,0,126,126,4.844187086458591,1.0,126.0,4.844187086458591,True
24.0,-6.0,0.0122044337913393,0.0122044337913393,0.008751536719501,0.0156660638749599,0.0121957007795572,0.0028228506448878,1.0,0,95,95,4.564348191467836,1.0,95.0,4.564348191467836,True
24.0,-5.0,0.006726034451276,0.006726034451276,0.0037716368678957,0.0130147682502865,0.0033916982356458,0.0044495106800023,1.0,0,84,84,4.442651256490317,1.0,84.0,4.442651256490317,True
24.0,-4.0,0.0042848100808138,0.0042848100808138,-0.0015842277789488,0.0049148183315992,0.0095238396897912,0.0045566781408948,0.6666666666666666,1,58,58,4.07753744390572,1.0,58.0,4.07753744390572,True
24.0,-3.0,0.0017753560096025,0.0017753560096025,-0.0053133452311158,0.004709935747087,0.0059294775128364,0.0050371344029268,0.6666666666666666,1,66,66,4.204692619390966,1.0,66.0,4.204692619390966,True
24.0,-2.0,0.0033646756007025,0.0033646756007025,-0.0019691961351782,0.0054336297325789,0.0066295932047069,0.003803088475418,0.6666666666666666,1,65,65,4.189654742026425,1.0,65.0,4.189654742026425,True
24.0,-1.0,0.0080009641436239,0.0080009641436239,0.008366641588509,0.004878640640527,0.0107576102018356,0.0024139677947274,1.0,0,74,74,4.31748811353631,1.0,74.0,4.31748811353631,True
24.0,0.0,-0.0004304015698532,-0.0004304015698532,0.0009373052744194,-0.0015524607151746,-0.0006760492688044,0.0010311775678756,0.3333333333333333,1,72,72,4.290459441148391,1.0,72.0,4.290459441148391,True
24.0,1.0,0.0007458390803852,0.0007458390803852,0.0009762030094861,0.0016262154094874,-0.0003649011778179,0.0008290303456182,0.6666666666666666,1,70,70,4.2626798770413155,1.0,70.0,4.2626798770413155,True
24.0,2.0,-0.0016088629611961,-0.0016088629611961,-0.0007726713665761,-7.663507858524099e-05,-0.0039772824384272,0.001698661187258,0.0,0,63,63,4.1588830833596715,1.0,63.0,4.1588830833596715,True
24.0,3.0,-0.0035829709377139,-0.0035829709377139,-0.0038077412173151,-0.0030464669689536,-0.0038947046268731,0.0003810232189094,0.0,0,65,65,4.189654742026425,1.0,65.0,4.189654742026425,True
24.0,4.0,0.0008342771955843,0.0008342771955843,0.0022642381954938,0.0004426617815624,-0.0002040683903032,0.0010450379019432,0.6666666666666666,1,45,45,3.828641396489095,1.0,45.0,3.828641396489095,False
24.0,5.0,0.0002844973738926,0.0002844973738926,0.001822262071073,-0.0014366302639245,0.0004678603145293,0.0013367401364952,0.6666666666666666,1,29,29,3.4011973816621555,1.0,29.0,3.4011973816621555,False
24.0,6.0,-0.0005418112462696,-0.0005418112462696,-0.0008614740218035,-0.0012890304205939,0.0005250707035884,0.0007743293613342,0.3333333333333333,1,25,25,3.258096538021482,1.0,25.0,3.258096538021482,False
24.0,7.0,-0.0010137293720617,-0.0010137293720617,-0.0011199733708053,-0.0022439963649958,0.0003227816196158,0.0010505722713593,0.3333333333333333,1,23,23,3.1780538303479458,1.0,23.0,3.1780538303479458,False
24.0,8.0,-0.000961555793765,-0.000961555793765,-0.0008567115874029,-0.0022439963649958,0.0002160405711038,0.0010070384509207,0.3333333333333333,1,28,28,3.367295829986474,1.0,28.0,3.367295829986474,False
24.0,9.0,-0.000961555793765,-0.000961555793765,-0.0008567115874029,-0.0022439963649958,0.0002160405711038,0.0010070384509207,0.3333333333333333,1,27,27,3.332204510175204,1.0,27.0,3.332204510175204,False
24.0,10.0,-0.0010700769344111,-0.0010700769344111,-0.0011822750093415,-0.0022439963649958,0.0002160405711038,0.0010074346092119,0.3333333333333333,1,24,24,3.2188758248682006,1.0,24.0,3.2188758248682006,False
25.0,-10.0,0.0070294759546717,0.0070294759546717,0.0070034749805927,0.0083754574880003,0.0057094953954219,0.001088529744734,1.0,0,68,68,4.23410650459726,1.0,68.0,4.23410650459726,True
25.0,-9.0,0.0052440757863223,0.0052440757863223,0.0038815699517726,0.0072472291067242,0.0046034283004701,0.0014467751006229,1.0,0,84,84,4.442651256490317,1.0,84.0,4.442651256490317,True
25.0,-8.0,0.0013937158073531,0.0013937158073531,0.0003320162650197,0.0037319499533623,0.0001171812036773,0.0016557058347963,1.0,0,104,104,4.653960350157523,1.0,104.0,4.653960350157523,True
25.0,-7.0,0.0111847110092639,0.0111847110092639,0.0115158129483461,0.0131983282044529,0.0088399918749928,0.0017946207140082,1.0,0,111,111,4.718498871295094,1.0,111.0,4.718498871295094,True
25.0,-6.0,0.0117106977850198,0.0117106977850198,0.0079683801159262,0.0152994729578495,0.0118642402812838,0.0029948747372629,1.0,0,107,107,4.68213122712422,1.0,107.0,4.68213122712422,True
25.0,-5.0,0.0048622679557108,0.0048622679557108,0.0019903068896383,0.0126481717452406,-5.167476774659008e-05,0.0055682220763385,0.6666666666666666,1,84,84,4.442651256490317,1.0,84.0,4.442651256490317,True
25.0,-4.0,0.002758423720176,0.002758423720176,-0.0033655588049441,0.0045482274144887,0.0070926025509834,0.0044531511453341,0.6666666666666666,1,53,53,3.9889840465642745,1.0,53.0,3.9889840465642745,True
25.0,-3.0,-0.0001826707351331,-0.0001826707351331,-0.0066686221398413,0.0043433448299765,0.0017772651044651,0.0047043855785565,0.6666666666666666,1,85,85,4.454347296253507,1.0,85.0,4.454347296253507,True
25.0,-2.0,0.0012170881964266,0.0012170881964266,-0.0033244742080569,0.0050670388154685,0.0019086999818682,0.0034605508089821,0.6666666666666666,1,87,87,4.477336814478207,1.0,87.0,4.477336814478207,True
25.0,-1.0,0.0058939970719317,0.0058939970719317,0.0066164103336632,0.0045120497234165,0.0065535311587154,0.0009775214586601,1.0,0,73,73,4.304065093204169,1.0,73.0,4.304065093204169,True
25.0,0.0,-0.0018936212096984,-0.0018936212096984,-0.0013551422161981,-0.0019190537277609,-0.0024066676851361,0.0004296599916892,0.0,0,70,70,4.2626798770413155,1.0,70.0,4.2626798770413155,True
25.0,1.0,0.000232799314593,0.000232799314593,5.278895332594402e-05,0.0012596104061231,-0.0006140014156699,0.0007754173552839,0.6666666666666666,1,66,66,4.204692619390966,1.0,66.0,4.204692619390966,True
25.0,2.0,-0.0017480626799321,-0.0017480626799321,-0.0008236772264353,-0.0004432283749338,-0.0039772824384272,0.0015839298976282,0.0,0,63,63,4.1588830833596715,1.0,63.0,4.1588830833596715,True
25.0,3.0,-0.0037468574009835,-0.0037468574009835,-0.0039328061975538,-0.0034130613785237,-0.0038947046268731,0.0002365414281961,0.0,0,63,63,4.1588830833596715,1.0,63.0,4.1588830833596715,True
25.0,4.0,0.0006703904994841,0.0006703904994841,0.002139173913747,7.60659750085324e-05,-0.0002040683903032,0.0010448643784937,0.6666666666666666,1,49,49,3.912023005428146,1.0,49.0,3.912023005428146,False
25.0,5.0,0.0002428090859514,0.0002428090859514,0.0016971972072497,-0.0014366302639245,0.0004678603145293,0.0012892387150007,0.6666666666666666,1,32,32,3.4965075614664802,1.0,32.0,3.4965075614664802,False
25.0,6.0,-0.0005834993595878,-0.0005834993595878,-0.0009865383617579,-0.0012890304205939,0.0005250707035884,0.0007935452308649,0.3333333333333333,1,27,27,3.332204510175204,1.0,27.0,3.332204510175204,False
25.0,7.0,-0.0009984526162346,-0.0009984526162346,-0.0010741431033238,-0.0022439963649958,0.0003227816196158,0.0010492486495738,0.3333333333333333,1,12,12,2.5649493574615367,1.0,12.0,2.5649493574615367,False
25.0,8.0,-0.0009462790573403,-0.0009462790573403,-0.0008108813781291,-0.0022439963649958,0.0002160405711038,0.0010088590355431,0.3333333333333333,1,19,19,2.995732273553991,1.0,19.0,2.995732273553991,False
25.0,9.0,-0.0009462790573403,-0.0009462790573403,-0.0008108813781291,-0.0022439963649958,0.0002160405711038,0.0010088590355431,0.3333333333333333,1,24,24,3.2188758248682006,1.0,24.0,3.2188758248682006,False
25.0,10.0,-0.0010548002561942,-0.0010548002561942,-0.0011364449746906,-0.0022439963649958,0.0002160405711038,0.0010059638253228,0.3333333333333333,1,30,30,3.4339872044851463,1.0,30.0,3.4339872044851463,False
26.0,-10.0,0.0070104512075583,0.0070104512075583,0.0070034749805927,0.0083183832466602,0.0057094953954219,0.0010650854287776,1.0,0,76,76,4.343805421853684,1.0,76.0,4.343805421853684,True
26.0,-9.0,0.0052250510392089,0.0052250510392089,0.0038815699517726,0.0071901548653841,0.0046034283004701,0.00142044468498,1.0,0,80,80,4.394449154672439,1.0,80.0,4.394449154672439,True
26.0,-8.0,0.0013746914482908,0.0013746914482908,0.0003320162650197,0.0036748768761754,0.0001171812036773,0.0016288397256707,1.0,0,102,102,4.634728988229636,1.0,102.0,4.634728988229636,True
26.0,-7.0,0.0111656862621506,0.0111656862621506,0.0115158129483461,0.0131412539631128,0.0088399918749928,0.0017733500143258,1.0,0,102,102,4.634728988229636,1.0,102.0,4.634728988229636,True
26.0,-6.0,0.0118067866812149,0.0118067866812149,0.0079683801159262,0.0152423977851867,0.0122095821425318,0.0029832327432861,1.0,0,85,85,4.454347296253507,1.0,85.0,4.454347296253507,True
26.0,-5.0,0.0049583609603966,0.0049583609603966,0.0019903068896383,0.0125911058858037,0.0002936701057478,0.0054414299846246,1.0,0,72,72,4.290459441148391,1.0,72.0,4.290459441148391,True
26.0,-4.0,0.0019636064923057,0.0019636064923057,-0.0033655588049441,0.0033388710580766,0.0059175072237849,0.0039125731680344,0.6666666666666666,1,84,84,4.442651256490317,1.0,84.0,4.442651256490317,True
26.0,-3.0,-0.0005415868169317,-0.0005415868169317,-0.0066686221398413,0.0031339908018708,0.0019098708871752,0.0043611954613022,0.6666666666666666,1,65,65,4.189654742026425,1.0,65.0,4.189654742026425,True
26.0,-2.0,0.0005781189150487,0.0005781189150487,-0.0033244742080569,0.0038576843217015,0.0012011466315016,0.0029650152262955,0.6666666666666666,1,85,85,4.454347296253507,1.0,85.0,4.454347296253507,True
26.0,-1.0,0.0052550276741385,0.0052550276741385,0.0066164103336632,0.0033026952296495,0.0058459774591028,0.0014158844547735,1.0,0,72,72,4.290459441148391,1.0,72.0,4.290459441148391,True
26.0,0.0,-0.0021053405556206,-0.0021053405556206,-0.0013551422161981,-0.0025542117655277,-0.0024066676851361,0.0005338791843784,0.0,0,68,68,4.23410650459726,1.0,68.0,4.23410650459726,True
26.0,1.0,9.779590012234014e-05,9.779590012234014e-05,5.278895332594402e-05,0.0008546001627109,-0.0006140014156699,0.0006003981278844,0.6666666666666666,1,58,58,4.07753744390572,1.0,58.0,4.07753744390572,True
26.0,2.0,-0.0018830656966504,-0.0018830656966504,-0.0008236772264353,-0.0008482374250888,-0.0039772824384272,0.0014808688040005,0.0,0,67,67,4.219507705176107,1.0,67.0,4.219507705176107,True
26.0,3.0,-0.0038818605244159,-0.0038818605244159,-0.0039328061975538,-0.0038180707488209,-0.0038947046268731,4.771291945889672e-05,0.0,0,64,64,4.174387269895637,1.0,64.0,4.174387269895637,True
26.0,4.0,0.0005353881327512,0.0005353881327512,0.002139173913747,-0.0003289411251898,-0.0002040683903032,0.0011351930594903,0.3333333333333333,1,50,50,3.9318256327243257,1.0,50.0,3.9318256327243257,True
26.0,5.0,0.0001078070878672,0.0001078070878672,0.0016971972072497,-0.0018416362581774,0.0004678603145293,0.0014669842804268,0.6666666666666666,1,38,38,3.6635616461296463,1.0,38.0,3.6635616461296463,False
26.0,6.0,-0.000718501706918,-0.000718501706918,-0.0009865383617579,-0.0016940374625846,0.0005250707035884,0.0009255603706394,0.3333333333333333,1,26,26,3.295836866004329,1.0,26.0,3.295836866004329,False
26.0,7.0,-0.0011334548859546,-0.0011334548859546,-0.0010741431033238,-0.0026490031741559,0.0003227816196158,0.0012139507488066,0.3333333333333333,1,24,24,3.2188758248682006,1.0,24.0,3.2188758248682006,False
26.0,8.0,-0.0010812813270604,-0.0010812813270604,-0.0008108813781291,-0.0026490031741559,0.0002160405711038,0.0011851739717159,0.3333333333333333,1,22,22,3.1354942159291497,1.0,22.0,3.1354942159291497,False
26.0,9.0,-0.0010812813270604,-0.0010812813270604,-0.0008108813781291,-0.0026490031741559,0.0002160405711038,0.0011851739717159,0.3333333333333333,1,27,27,3.332204510175204,1.0,27.0,3.332204510175204,False
26.0,10.0,-0.0011898025259142,-0.0011898025259142,-0.0011364449746906,-0.0026490031741559,0.0002160405711038,0.0011702575747151,0.3333333333333333,1,23,23,3.1780538303479458,1.0,23.0,3.1780538303479458,False
27.0,-10.0,0.0074759810231626,0.0074759810231626,0.0075706075876951,0.0086073940619826,0.00624994141981,0.0009647491487628,1.0,0,52,52,3.970291913552122,1.0,52.0,3.970291913552122,True
27.0,-9.0,0.0057858818521102,0.0057858818521102,0.0047346060164272,0.0074791652150452,0.0051438743248581,0.0012089338408878,1.0,0,84,84,4.442651256490317,1.0,84.0,4.442651256490317,True
27.0,-8.0,0.001935528339042,0.001935528339042,0.0011850552400574,0.0039639021269977,0.0006576276500709,0.0014503494138583,1.0,0,85,85,4.454347296253507,1.0,85.0,4.454347296253507,True
27.0,-7.0,0.0121292431528369,0.0121292431528369,0.0123688550665974,0.0134302815422415,0.0105885928496718,0.0011724217268206,1.0,0,98,98,4.59511985013459,1.0,98.0,4.59511985013459,True
27.0,-6.0,0.0123884140824278,0.0123884140824278,0.0085637094452977,0.015531426295638,0.0130701065063476,0.0028851109680855,1.0,0,90,90,4.51085950651685,1.0,90.0,4.51085950651685,True
27.0,-5.0,0.0063829381251707,0.0063829381251707,0.0052587459795176,0.0128801297396421,0.0010099386563524,0.0049107511356012,1.0,0,73,73,4.304065093204169,1.0,73.0,4.304065093204169,True
27.0,-4.0,0.0046295793921065,0.0046295793921065,0.0009745709248818,0.0049893273971974,0.0079248398542404,0.0028488153699361,1.0,0,72,72,4.290459441148391,1.0,72.0,4.290459441148391,True
27.0,-3.0,0.0023508745556076,0.0023508745556076,-0.0008588971104472,0.0047844466753304,0.0031270741019397,0.0023683604135792,0.6666666666666666,1,78,78,4.3694478524670215,1.0,78.0,4.3694478524670215,True
27.0,-2.0,0.0034705806368341,0.0034705806368341,0.002485251519829,0.0055081406608223,0.0024183497298508,0.0014410313669711,1.0,0,67,67,4.219507705176107,1.0,67.0,4.219507705176107,True
27.0,-1.0,0.007013686466962,0.007013686466962,0.0094151673838496,0.0045627118088305,0.0070631802082061,0.0019813158085306,1.0,0,65,65,4.189654742026425,1.0,65.0,4.189654742026425,True
27.0,0.0,-0.001513041856621,-0.001513041856621,0.0002994865935761,-0.0026556227821856,-0.0021829893812537,0.0012960941632458,0.3333333333333333,1,86,86,4.465908118654584,1.0,86.0,4.465908118654584,True
27.0,1.0,9.696035219045976e-05,9.696035219045976e-05,0.0001516951306257,0.0007531873416155,-0.0006140014156699,0.0005594927443614,0.6666666666666666,1,81,81,4.406719247264253,1.0,81.0,4.406719247264253,True
27.0,2.0,-0.0018895531150822,-0.0018895531150822,-0.0007417254964821,-0.0009496514103375,-0.0039772824384272,0.0014786860365605,0.0,0,58,58,4.07753744390572,1.0,58.0,4.07753744390572,True
27.0,3.0,-0.003888347496589,-0.003888347496589,-0.0038508537691086,-0.0039194840937852,-0.0038947046268731,2.837651840744244e-05,0.0,0,60,60,4.110873864173311,1.0,60.0,4.110873864173311,True
27.0,4.0,0.0004697797946088,0.0004697797946088,0.002043763641268,-0.0004303558671381,-0.0002040683903032,0.0011168020915993,0.3333333333333333,1,41,41,3.7376696182833684,1.0,41.0,3.7376696182833684,False
27.0,5.0,0.000100255497576,0.000100255497576,0.0017759557813405,-0.0019430496031418,0.0004678603145293,0.0015403679730371,0.6666666666666666,1,44,44,3.8066624897703196,1.0,44.0,3.8066624897703196,False
27.0,6.0,-0.0007260538016756,-0.0007260538016756,-0.000907779787667,-0.0017954523209482,0.0005250707035884,0.0009560247651393,0.3333333333333333,1,32,32,3.4965075614664802,1.0,32.0,3.4965075614664802,False
27.0,7.0,-0.0011397688649594,-0.0011397688649594,-0.00099167029839,-0.0027504179161041,0.0003227816196158,0.0012589913252686,0.3333333333333333,1,20,20,3.044522437723423,1.0,20.0,3.044522437723423,False
27.0,8.0,-0.0010875952866626,-0.0010875952866626,-0.0007284085149876,-0.0027504179161041,0.0002160405711038,0.001237397899301,0.3333333333333333,1,17,17,2.8903717578961645,1.0,17.0,2.8903717578961645,False
27.0,9.0,-0.0010875952866626,-0.0010875952866626,-0.0007284085149876,-0.0027504179161041,0.0002160405711038,0.001237397899301,0.3333333333333333,1,25,25,3.258096538021482,1.0,25.0,3.258096538021482,False
27.0,10.0,-0.0011961164661139,-0.0011961164661139,-0.0010539720533415,-0.0027504179161041,0.0002160405711038,0.0012152154170197,0.3333333333333333,1,36,36,3.6109179126442243,1.0,36.0,3.6109179126442243,False
28.0,-10.0,0.0077863895955185,0.0077863895955185,0.0075706075876951,0.0086073940619826,0.0071811671368777,0.0006019148426196,1.0,0,65,65,4.189654742026425,1.0,65.0,4.189654742026425,True
28.0,-9.0,0.0062564330485959,0.0062564330485959,0.0047346060164272,0.0074791652150452,0.0065555279143154,0.0011402469331112,1.0,0,84,84,4.442651256490317,1.0,84.0,4.442651256490317,True
28.0,-8.0,0.0021122437125692,0.0021122437125692,0.0011850552400574,0.0039639021269977,0.0011877737706527,0.0013093206916552,1.0,0,85,85,4.454347296253507,1.0,85.0,4.454347296253507,True
28.0,-7.0,0.0122131326546271,0.0122131326546271,0.0123688550665974,0.0134302815422415,0.0108402613550424,0.0010630892859075,1.0,0,107,107,4.68213122712422,1.0,107.0,4.68213122712422,True
28.0,-6.0,0.0126694437737266,0.0126694437737266,0.0085637094452977,0.015531426295638,0.013913195580244,0.0029774103338069,1.0,0,87,87,4.477336814478207,1.0,87.0,4.477336814478207,True
28.0,-5.0,0.0084812439357241,0.0084812439357241,0.0052587459795176,0.0128801297396421,0.0073048560880124,0.0032206923563063,1.0,0,71,71,4.276666119016055,1.0,71.0,4.276666119016055,True
28.0,-4.0,0.0055257547840786,0.0055257547840786,0.0009745709248818,0.0049893273971974,0.0106133660301566,0.003953260976832,1.0,0,64,64,4.174387269895637,1.0,64.0,4.174387269895637,True
28.0,-3.0,0.0026271533376226,0.0026271533376226,-0.0008588971104472,0.0047844466753304,0.0039559104479849,0.0024881089023423,0.6666666666666666,1,75,75,4.330733340286331,1.0,75.0,4.330733340286331,True
28.0,-2.0,0.0040896561307211,0.0040896561307211,0.002485251519829,0.0055081406608223,0.004275576211512,0.0012410719552104,1.0,0,84,84,4.442651256490317,1.0,84.0,4.442651256490317,True
28.0,-1.0,0.0071595703872541,0.0071595703872541,0.0094151673838496,0.0045627118088305,0.0075008319690823,0.0019956495813489,1.0,0,84,84,4.442651256490317,1.0,84.0,4.442651256490317,True
28.0,0.0,-0.0013012677178873,-0.0013012677178873,0.0002994865935761,-0.0026556227821856,-0.0015476669650524,0.0012189345887376,0.3333333333333333,1,84,84,4.442651256490317,1.0,84.0,4.442651256490317,True
28.0,1.0,0.0003087344393861,0.0003087344393861,0.0001516951306257,0.0007531873416155,2.1320845917216506e-05,0.0003187508434011,1.0,0,63,63,4.1588830833596715,1.0,63.0,4.1588830833596715,True
28.0,2.0,-0.0014986268167073,-0.0014986268167073,-0.0007417254964821,-0.0009496514103375,-0.0028045035433024,0.0009272877349956,0.0,0,58,58,4.07753744390572,1.0,58.0,4.07753744390572,True
28.0,3.0,-0.003514599132662,-0.003514599132662,-0.0038508537691086,-0.0039194840937852,-0.0027734595350921,0.0005248132732574,0.0,0,54,54,4.007333185232471,1.0,54.0,4.007333185232471,True
28.0,4.0,0.0008435280663737,0.0008435280663737,0.002043763641268,-0.0004303558671381,0.0009171764249913,0.0010113966897362,0.6666666666666666,1,37,37,3.6375861597263857,1.0,37.0,3.6375861597263857,False
28.0,5.0,0.0002174971547598,0.0002174971547598,0.0017759557813405,-0.0019430496031418,0.0008195852860808,0.0015768392120231,0.6666666666666666,1,36,36,3.6109179126442243,1.0,36.0,3.6109179126442243,False
28.0,6.0,-0.0007260538016756,-0.0007260538016756,-0.000907779787667,-0.0017954523209482,0.0005250707035884,0.0009560247651393,0.3333333333333333,1,44,44,3.8066624897703196,1.0,44.0,3.8066624897703196,False
28.0,7.0,-0.0011397688649594,-0.0011397688649594,-0.00099167029839,-0.0027504179161041,0.0003227816196158,0.0012589913252686,0.3333333333333333,1,25,25,3.258096538021482,1.0,25.0,3.258096538021482,False
28.0,8.0,-0.0010875952866626,-0.0010875952866626,-0.0007284085149876,-0.0027504179161041,0.0002160405711038,0.001237397899301,0.3333333333333333,1,28,28,3.367295829986474,1.0,28.0,3.367295829986474,False
28.0,9.0,-0.0010875952866626,-0.0010875952866626,-0.0007284085149876,-0.0027504179161041,0.0002160405711038,0.001237397899301,0.3333333333333333,1,17,17,2.8903717578961645,1.0,17.0,2.8903717578961645,False
28.0,10.0,-0.0011961164661139,-0.0011961164661139,-0.0010539720533415,-0.0027504179161041,0.0002160405711038,0.0012152154170197,0.3333333333333333,1,32,32,3.4965075614664802,1.0,32.0,3.4965075614664802,False
29.0,-10.0,0.0087559584838648,0.0087559584838648,0.0083551071584224,0.0108349816873669,0.0070777866058051,0.0015598376110052,1.0,0,67,67,4.219507705176107,1.0,67.0,4.219507705176107,True
29.0,-9.0,0.0076281440754731,0.0076281440754731,0.0067255366593599,0.0097067458555102,0.0064521497115492,0.0014740249038575,1.0,0,89,89,4.499809670330265,1.0,89.0,4.499809670330265,True
29.0,-8.0,0.0039014290086925,0.0039014290086925,0.0033360093366354,0.006490692961961,0.001877584727481,0.0019252647350288,1.0,0,82,82,4.418840607796598,1.0,82.0,4.418840607796598,True
29.0,-7.0,0.0138648614908258,0.0138648614908258,0.014107440598309,0.0159570705145597,0.0115300733596086,0.001815435562067,1.0,0,71,71,4.276666119016055,1.0,71.0,4.276666119016055,True
29.0,-6.0,0.0146501918012897,0.0146501918012897,0.0114005245268344,0.0180582962930202,0.0144917545840144,0.0027203318408506,1.0,0,84,84,4.442651256490317,1.0,84.0,4.442651256490317,True
29.0,-5.0,0.0144655763482054,0.0144655763482054,0.0121175460517406,0.016380475834012,0.0148987071588635,0.0017670774943391,1.0,0,64,64,4.174387269895637,1.0,64.0,4.174387269895637,True
29.0,-4.0,0.0097629623487591,0.0097629623487591,0.0078333709388971,0.0069871777668595,0.0144683383405208,0.0033450892503276,1.0,0,94,94,4.553876891600541,1.0,94.0,4.553876891600541,True
29.0,-3.0,0.0065206428989768,0.0065206428989768,0.0066833393648266,0.0067822970449924,0.0060962922871112,0.0003027685991632,1.0,0,68,68,4.23410650459726,1.0,68.0,4.23410650459726,True
29.0,-2.0,0.0079637489592035,0.0079637489592035,0.0099692977964878,0.0075059900991618,0.006415958981961,0.0014863179478531,1.0,0,82,82,4.418840607796598,1.0,82.0,4.418840607796598,True
29.0,-1.0,0.010021137073636,0.010021137073636,0.0148513512685894,0.0065605649724602,0.0086514949798583,0.0035205325308165,1.0,0,85,85,4.454347296253507,1.0,85.0,4.454347296253507,True
29.0,0.0,0.000767880056325,0.000767880056325,0.0017470434540882,0.0002150196960428,0.0003415770188439,0.0006942981629569,1.0,0,95,95,4.564348191467836,1.0,95.0,4.564348191467836,True
29.0,1.0,0.0014687427343839,0.0014687427343839,0.002064264845103,0.0022239245008677,0.000118038857181,0.0009573134367725,1.0,0,57,57,4.060443010546419,1.0,57.0,4.060443010546419,True
29.0,2.0,-0.0001445769885322,-0.0001445769885322,-0.0002315419405931,0.0005211110110394,-0.0007233000360429,0.0005117368403716,0.3333333333333333,1,65,65,4.189654742026425,1.0,65.0,4.189654742026425,True
29.0,3.0,-0.0025393454901253,-0.0025393454901253,-0.0038038792554289,-0.0027925020549446,-0.0010216551600024,0.0011498576474289,0.0,0,51,51,3.9512437185814275,1.0,51.0,3.9512437185814275,True
29.0,4.0,0.0016747905950372,0.0016747905950372,0.0016587685095146,0.0006966216024011,0.0026689816731959,0.0008052923248257,1.0,0,57,57,4.060443010546419,1.0,57.0,4.060443010546419,True
29.0,5.0,0.0007837974505188,0.0007837974505188,0.0013909606495872,-0.0008160634315572,0.0017764951335266,0.0011421690887881,0.6666666666666666,1,35,35,3.58351893845611,1.0,35.0,3.58351893845611,False
29.0,6.0,-0.0004231968196108,-0.0004231968196108,-0.0012927752686664,-0.0007288478082045,0.0007520326180383,0.000862313445913,0.3333333333333333,1,31,31,3.4657359027997265,1.0,31.0,3.4657359027997265,False
29.0,7.0,-0.0008369119411023,-0.0008369119411023,-0.0013766655465587,-0.0016838138690218,0.0005497435922734,0.0009884989290769,0.3333333333333333,1,29,29,3.4011973816621555,1.0,29.0,3.4011973816621555,False
29.0,8.0,-0.0007847383094485,-0.0007847383094485,-0.0011134035885334,-0.0016838138690218,0.0004430025292094,0.0008988335578972,0.3333333333333333,1,21,21,3.091042453358316,1.0,21.0,3.091042453358316,False
29.0,9.0,-0.0007847383094485,-0.0007847383094485,-0.0011134035885334,-0.0016838138690218,0.0004430025292094,0.0008988335578972,0.3333333333333333,1,22,22,3.1354942159291497,1.0,22.0,3.1354942159291497,False
29.0,10.0,-0.0008932595471075,-0.0008932595471075,-0.0014389673015102,-0.0016838138690218,0.0004430025292094,0.0009501525185842,0.3333333333333333,1,25,25,3.258096538021482,1.0,25.0,3.258096538021482,False
30.0,-10.0,0.0087636311848958,0.0087636311848958,0.0083551071584224,0.0107721323147416,0.0071636540815234,0.001501210111889,1.0,0,68,68,4.23410650459726,0.5,136.0,4.919980925828125,True
30.0,-9.0,0.0076358153795202,0.0076358153795202,0.0067255366593599,0.0096438946202397,0.0065380148589611,0.0014219886976021,1.0,0,83,83,4.430816798843313,0.5,166.0,5.117993812416755,True
30.0,-8.0,0.0039849244834234,0.0039849244834234,0.0033360093366354,0.00665531354025,0.0019634505733847,0.0019696383214114,1.0,0,83,83,4.430816798843313,0.5,166.0,5.117993812416755,True
30.0,-7.0,0.0139483558014035,0.0139483558014035,0.014107440598309,0.0161216910928487,0.0116159357130527,0.001842903300971,1.0,0,84,84,4.442651256490317,0.5,168.0,5.1298987149230735,True
30.0,-6.0,0.0147336864223082,0.0147336864223082,0.0114005245268344,0.0182229131460189,0.0145776215940713,0.0027874138301484,1.0,0,98,98,4.59511985013459,0.5,196.0,5.2832037287379885,True
30.0,-5.0,0.0152970651785532,0.0152970651785532,0.0121175460517406,0.0165450982749462,0.0172285512089729,0.0022655070641518,1.0,0,87,87,4.477336814478207,0.5,174.0,5.1647859739235145,True
30.0,-4.0,0.0105004777821401,0.0105004777821401,0.0078333709388971,0.0071517997421324,0.0165162626653909,0.0042628930430891,1.0,0,79,79,4.382026634673881,0.5,158.0,5.0689042022202315,True
30.0,-3.0,0.0073004635050892,0.0073004635050892,0.0066833393648266,0.007965694181621,0.00725235696882,0.0005246231334096,1.0,0,91,91,4.5217885770490405,0.5,182.0,5.209486152841421,True
30.0,-2.0,0.0087435694100956,0.0087435694100956,0.0099692977964878,0.0086893858388066,0.0075720245949923,0.0009794323509735,1.0,0,66,66,4.204692619390966,0.5,132.0,4.890349128221754,True
30.0,-1.0,0.0103766163811087,0.0103766163811087,0.0148513512685894,0.0064977155998349,0.0097807822749018,0.0034362839359945,1.0,0,92,92,4.532599493153256,0.5,184.0,5.220355825078325,True
30.0,0.0,0.0008883676103626,0.0008883676103626,0.0017470434540882,0.0001521704834885,0.0007658888935111,0.0006568387550221,1.0,0,91,91,4.5217885770490405,0.5,182.0,5.209486152841421,True
30.0,1.0,0.0014973646078336,0.0014973646078336,0.002064264845103,0.0022239245008677,0.0002039044775301,0.0009169340699429,1.0,0,54,54,4.007333185232471,0.5,108.0,4.6913478822291435,True
30.0,2.0,-0.0001159550981052,-0.0001159550981052,-0.0002315419405931,0.0005211110110394,-0.0006374343647621,0.0004799840869341,0.3333333333333333,1,59,59,4.0943445622221,0.5,118.0,4.77912349311153,True
30.0,3.0,-0.0025107235802958,-0.0025107235802958,-0.0038038792554289,-0.0027925020549446,-0.0009357894305139,0.0011877244749314,0.0,0,60,60,4.110873864173311,0.5,120.0,4.795790545596741,True
30.0,4.0,0.0017034123108411,0.0017034123108411,0.0016587685095146,0.0006966216024011,0.0027548468206077,0.0008408597044942,1.0,0,43,43,3.784189633918261,0.5,86.0,4.465908118654584,False
30.0,5.0,0.000812419243933,0.000812419243933,0.0013909606495872,-0.0008160634315572,0.001862360513769,0.0011674819987953,0.6666666666666666,1,31,31,3.4657359027997265,0.5,62.0,4.143134726391533,False
30.0,6.0,-0.0003945748903788,-0.0003945748903788,-0.0012927752686664,-0.0007288478082045,0.0008378984057344,0.0009013864744159,0.3333333333333333,1,26,26,3.295836866004329,0.5,52.0,3.970291913552122,False
30.0,7.0,-0.0008082900312729,-0.0008082900312729,-0.0013766655465587,-0.0016838138690218,0.0006356093217618,0.0010286622475392,0.3333333333333333,1,24,24,3.2188758248682006,0.5,48.0,3.8918202981106265,False
30.0,8.0,-0.0007561163899178,-0.0007561163899178,-0.0011134035885334,-0.0016838138690218,0.0005288682878017,0.0009379876290947,0.3333333333333333,1,25,25,3.258096538021482,0.5,50.0,3.9318256327243257,False
30.0,9.0,-0.0007561163899178,-0.0007561163899178,-0.0011134035885334,-0.0016838138690218,0.0005288682878017,0.0009379876290947,0.3333333333333333,1,31,31,3.4657359027997265,0.5,62.0,4.143134726391533,False
30.0,10.0,-0.0008646376275767,-0.0008646376275767,-0.0014389673015102,-0.0016838138690218,0.0005288682878017,0.0009904145638912,0.3333333333333333,1,23,23,3.1780538303479458,0.5,46.0,3.8501476017100584,False
