time_left_game,score_diff,cate_value,tau_mean_ensemble,tau_catboost,tau_xgb,tau_lgbm,tau_std_across_models,tau_sign_agree_ratio,tau_sign_disagree,n_in_cell,cell_count,cell_count_log1p,time_cell_width,cell_density,cell_density_log1p,shown_in_figure
30.0,-10.0,0.0087886868665615,0.0087886868665615,0.0083551071584224,0.0108472993597388,0.0071636540815234,0.001534775587594,1.0,0,395,395,5.981414211254481,5.625,70.22222222222223,4.265804879584451,True
30.0,-9.0,0.0076601980254054,0.0076601980254054,0.0067255366593599,0.0097170425578951,0.0065380148589611,0.0014564221410774,1.0,0,436,436,6.07993319509559,5.625,77.5111111111111,4.363240157588826,True
30.0,-8.0,0.0040093911035607,0.0040093911035607,0.0033360093366354,0.0067287134006619,0.0019634505733847,0.0020028337768069,1.0,0,514,514,6.244166900663736,5.625,91.37777777777778,4.525886449482318,True
30.0,-7.0,0.0139806422715385,0.0139806422715385,0.014107440598309,0.0162185505032539,0.0116159357130527,0.0018811475378074,1.0,0,448,448,6.1070228877422545,5.625,79.64444444444445,4.3900499174427505,True
30.0,-6.0,0.0147644498695929,0.0147644498695929,0.0114005245268344,0.018315203487873,0.0145776215940713,0.0028259953865211,1.0,0,469,469,6.152732694704104,5.625,83.37777777777778,4.435304070461482,True
30.0,-5.0,0.0153282390286525,0.0153282390286525,0.0121175460517406,0.0166386198252439,0.0172285512089729,0.0022830413638201,1.0,0,447,447,6.104793232414985,5.625,79.46666666666667,4.387843019995321,True
30.0,-4.0,0.0105281436505417,0.0105281436505417,0.0078333709388971,0.007234797347337,0.0165162626653909,0.0042412851502131,1.0,0,418,418,6.037870919922137,5.625,74.31111111111112,4.321627681836731,True
30.0,-3.0,0.0073303903142611,0.0073303903142611,0.0066833393648266,0.0080554746091365,0.00725235696882,0.0005628828678744,1.0,0,462,462,6.137727054086234,5.625,82.13333333333334,4.420445744577826,True
30.0,-2.0,0.0087719225945572,0.0087719225945572,0.0099692977964878,0.0087744453921914,0.0075720245949923,0.0009786843120683,1.0,0,450,450,6.111467339502679,5.625,80.0,4.394449154672439,True
30.0,-1.0,0.0103982475896676,0.0103982475896676,0.0148513512685894,0.0065626092255115,0.0097807822749018,0.0034119162480318,1.0,0,477,477,6.169610732491456,5.625,84.8,4.4520190064939165,True
30.0,0.0,0.0009027698154871,0.0009027698154871,0.0017470434540882,0.000195377098862,0.0007658888935111,0.000640816879504,1.0,0,526,526,6.267200548541362,5.625,93.5111111111111,4.5487174054833135,True
30.0,1.0,0.0015061926145184,0.0015061926145184,0.002064264845103,0.002250408520922,0.0002039044775301,0.0009239870709113,1.0,0,376,376,5.932245187448011,5.625,66.84444444444445,4.217217502964558,True
30.0,2.0,-0.0001132464240072,-0.0001132464240072,-0.0002315419405931,0.0005292370333336,-0.0006374343647621,0.000483581023695,0.3333333333333333,1,375,375,5.929589143389895,5.625,66.66666666666667,4.214593690373678,True
30.0,3.0,-0.0025094936136156,-0.0025094936136156,-0.0038038792554289,-0.002788812154904,-0.0009357894305139,0.0011874339129893,0.0,0,334,334,5.814130531825066,5.625,59.37777777777778,4.100621119656028,True
30.0,4.0,0.0017035175502921,0.0017035175502921,0.0016587685095146,0.0006969373207539,0.0027548468206077,0.0008407337013525,1.0,0,288,288,5.666426688112432,5.625,51.2,3.955082494888593,True
30.0,5.0,0.0008109186116295,0.0008109186116295,0.0013909606495872,-0.0008205653284676,0.001862360513769,0.0011695752343148,0.6666666666666666,1,244,244,5.501258210544727,5.625,43.37777777777778,3.7927388436454956,True
30.0,6.0,-0.0003966115376291,-0.0003966115376291,-0.0012927752686664,-0.0007349577499553,0.0008378984057344,0.0009021460326144,0.3333333333333333,1,199,199,5.298317366548036,5.625,35.37777777777778,3.5939580876008153,True
30.0,7.0,-0.0008103266785231,-0.0008103266785231,-0.0013766655465587,-0.0016899238107725,0.0006356093217618,0.0010303982636873,0.3333333333333333,1,159,159,5.075173815233827,5.625,28.266666666666666,3.3764492119729614,True
30.0,8.0,-0.000758153037168,-0.000758153037168,-0.0011134035885334,-0.0016899238107725,0.0005288682878017,0.0009400041878835,0.3333333333333333,1,139,139,4.941642422609304,5.625,24.711111111111112,3.2469232374233568,True
30.0,9.0,-0.000758153037168,-0.000758153037168,-0.0011134035885334,-0.0016899238107725,0.0005288682878017,0.0009400041878835,0.3333333333333333,1,177,177,5.181783550292085,5.625,31.466666666666665,3.4802139219803796,True
30.0,10.0,-0.000866674274827,-0.000866674274827,-0.0014389673015102,-0.0016899238107725,0.0005288682878017,0.0009921018346475,0.3333333333333333,1,190,190,5.25227342804663,5.625,33.77777777777778,3.548978613203934,True
41.25,-10.0,0.0059532669062415,0.0059532669062415,0.0055166194215416,0.0081911096349358,0.0041520716622471,0.0016775880912044,1.0,0,653,653,6.483107351457199,11.25,58.044444444444444,4.078290455989494,True
41.25,-9.0,0.0044285790839542,0.0044285790839542,0.003754393896088,0.007060850970447,0.0024704923853278,0.001933691156941,1.0,0,691,691,6.539585955617669,11.25,61.422222222222224,4.133921337333924,True
41.25,-8.0,0.0013461233659957,0.0013461233659957,0.0016192217590287,0.0038281264714896,-0.001408978132531,0.0021467422151672,0.6666666666666666,1,713,713,6.570882962339584,11.25,63.37777777777778,4.164768507999031,True
41.25,-7.0,0.007701223095258,0.007701223095258,0.0076913060620427,0.0102219777181744,0.005190385505557,0.0020541508885147,1.0,0,696,696,6.546785410760524,11.25,61.86666666666667,4.141016081531247,True
41.25,-6.0,0.0070179801744719,0.0070179801744719,0.007115782238543,0.0107527589425444,0.0031853993423283,0.0030901355701164,1.0,0,707,707,6.56244409369372,11.25,62.84444444444444,4.15644956920897,True
41.25,-5.0,0.0067299008369445,0.0067299008369445,0.0069530075415968,0.007409272249788,0.0058274227194488,0.000664777875386,1.0,0,685,685,6.530877627725885,11.25,60.888888888888886,4.125340662591064,True
41.25,-4.0,0.0059489292713503,0.0059489292713503,0.004958985839039,0.0075205899775028,0.005367211997509,0.0011237586278682,1.0,0,753,753,6.625392368007956,11.25,66.93333333333334,4.2185268321205145,True
41.25,-3.0,0.0048058038034165,0.0048058038034165,0.0035244273021817,0.0092276884242892,0.0016652956837788,0.0032175446429297,1.0,0,687,687,6.5337888379333435,11.25,61.06666666666667,4.128209076174857,True
41.25,-2.0,0.0050369884896402,0.0050369884896402,0.0042179813608527,0.0092276884242892,0.0016652956837788,0.0031411808287314,1.0,0,776,776,6.655440350367647,11.25,68.97777777777777,4.2481777313307045,True
41.25,-1.0,0.0063021647899101,0.0063021647899101,0.0062058381736278,0.0098518738523125,0.0028487823437899,0.0028598113902771,1.0,0,772,772,6.650279048587422,11.25,68.62222222222222,4.243083801181872,True
41.25,0.0,0.0021352355446045,0.0021352355446045,0.003330367617309,-0.0011750705307349,0.0042504095472395,0.0023706840113533,0.6666666666666666,1,805,805,6.692083742506628,11.25,71.55555555555556,4.284352551940212,True
41.25,1.0,-0.0010091837417955,-0.0010091837417955,-0.0008901537512429,-0.0006985200452618,-0.0014388774288818,0.0003137497600088,0.0,0,680,680,6.523562306149512,11.25,60.44444444444444,4.118133424186116,True
41.25,2.0,-0.0023444244870916,-0.0023444244870916,-0.0029171768110245,-0.002419643336907,-0.0016964533133432,0.0005011885014466,0.0,0,650,650,6.478509642208569,11.25,57.77777777777778,4.07376385452208,True
41.25,3.0,-0.003674020525068,-0.003674020525068,-0.0043757469393312,-0.0047125741839408,-0.0019337404519319,0.0012382229734297,0.0,0,678,678,6.520621127558696,11.25,60.266666666666666,4.115235921253477,True
41.25,4.0,0.0004796207843658,0.0004796207843658,0.0009087826474569,-0.0012268157443031,0.0017568954499438,0.0012553267970844,0.6666666666666666,1,548,548,6.3080984415095305,11.25,48.71111111111111,3.90622847171981,True
41.25,5.0,-0.0004801492129142,-0.0004801492129142,0.0002928226022049,-0.0024999321904033,0.0007666619494557,0.0014412433032783,0.6666666666666666,1,509,509,6.234410725718371,11.25,45.24444444444445,3.833941336623315,True
41.25,6.0,-0.0011279341803553,-0.0011279341803553,-0.0007116781198419,-0.0024143240880221,-0.0002578003332018,0.0009282961119569,0.0,0,450,450,6.111467339502679,11.25,40.0,3.713572066704308,True
41.25,7.0,-0.0015416501555591,-0.0015416501555591,-0.0007955683977343,-0.0033692927099764,-0.0004600893589667,0.0012995754502658,0.0,0,348,348,5.855071922202427,11.25,30.933333333333334,3.4636503963087053,True
41.25,8.0,-0.0016322697047144,-0.0016322697047144,-0.0009606860112398,-0.0033692927099764,-0.0005668303929269,0.0012387405573474,0.0,0,337,337,5.823045895483019,11.25,29.955555555555556,3.432552484009486,True
41.25,9.0,-0.0016322697047144,-0.0016322697047144,-0.0009606860112398,-0.0033692927099764,-0.0005668303929269,0.0012387405573474,0.0,0,318,318,5.765191102784844,11.25,28.266666666666666,3.3764492119729614,True
41.25,10.0,-0.001740790825958,-0.001740790825958,-0.0012862493749707,-0.0033692927099764,-0.0005668303929269,0.0011883895847237,0.0,0,309,309,5.736572297479192,11.25,27.466666666666665,3.3487338121264143,True
52.5,-10.0,0.0043446579948067,0.0043446579948067,0.0067497426643967,0.0035916620399802,0.0026925692800432,0.0017398115125237,1.0,0,594,594,6.38856140554563,11.25,52.8,3.9852734671677386,True
52.5,-9.0,0.0029748222247386,0.0029748222247386,0.0049875169061124,0.0024614052381366,0.001475544529967,0.0014790053514216,1.0,0,637,637,6.45833828334479,11.25,56.62222222222222,4.053908295768345,True
52.5,-8.0,0.0007993262455177,0.0007993262455177,0.0022449612151831,-0.0007713584927842,0.0009243760141544,0.0012345779923102,0.6666666666666666,1,615,615,6.423246963533519,11.25,54.666666666666664,4.019381523748645,True
52.5,-7.0,0.0061350874602794,0.0061350874602794,0.0083170440047979,0.0056224470026791,0.0044657713733613,0.0016135210771249,1.0,0,650,650,6.478509642208569,11.25,57.77777777777778,4.07376385452208,True
52.5,-6.0,0.0062309894710779,0.0062309894710779,0.0084504950791597,0.0051262830384075,0.0051161902956664,0.0015694328750844,1.0,0,693,693,6.542471960506805,11.25,61.6,4.136765278106052,True
52.5,-5.0,0.0078060881545146,0.0078060881545146,0.0082407798618078,0.0096687078475952,0.0055087767541408,0.0017258764605969,1.0,0,737,737,6.6039438246004725,11.25,65.5111111111111,4.197369018082379,True
52.5,-4.0,0.0062868578825145,0.0062868578825145,0.0068834624253213,0.0092930765822529,0.0026840346399694,0.0027309109083587,1.0,0,735,735,6.601230118728877,11.25,65.33333333333333,4.194692536056382,True
52.5,-3.0,0.0069041320433219,0.0069041320433219,0.0072184484452009,0.0099449921399354,0.0035489555448293,0.0026206127949841,1.0,0,741,741,6.60934924316738,11.25,65.86666666666666,4.202700586859725,True
52.5,-2.0,0.006868389279892,0.006868389279892,0.0071112201549112,0.0099449921399354,0.0035489555448293,0.0026168105468147,1.0,0,803,803,6.6895992691789665,11.25,71.37777777777778,4.281899315505914,True
52.5,-1.0,0.0073728514059136,0.0073728514059136,0.0086875269189476,0.0105691822245717,0.0028618450742214,0.0032809592363332,1.0,0,775,775,6.654152520183219,11.25,68.88888888888889,4.246906679364221,True
52.5,0.0,0.0026438440351436,0.0026438440351436,0.001478336052969,0.0047899330966174,0.0016632629558444,0.0015193909272435,1.0,0,820,820,6.710523109452428,11.25,72.88888888888889,4.302562463319635,True
52.5,1.0,-0.0001037598509962,-0.0001037598509962,-0.0012557810405269,0.0023984434083104,-0.0014539419207721,0.0017711733957612,0.3333333333333333,1,702,702,6.555356891810665,11.25,62.4,4.14946386144318,True
52.5,2.0,-0.0019528651221965,-0.0019528651221965,-0.0034072797279804,-0.0017530645709484,-0.0006982510676607,0.0011149437252817,0.0,0,669,669,6.507277712385012,11.25,59.46666666666667,4.102092249012927,True
52.5,3.0,-0.0040690802658597,-0.0040690802658597,-0.0049381610006093,-0.0046000364236533,-0.0026690433733165,0.0009995530777125,0.0,0,690,690,6.53813982376767,11.25,61.333333333333336,4.132496328186477,True
52.5,4.0,-2.26816015735191e-05,-2.26816015735191e-05,2.4644608856760897e-05,-0.0011142819421365,0.0010215925285592,0.0008726090251988,0.6666666666666666,1,603,603,6.403574197934815,11.25,53.6,4.000033882750859,True
52.5,5.0,-0.0008397092121109,-0.0008397092121109,-0.0003584423684515,-0.0023874079342931,0.0002267226664116,0.0011201586287932,0.3333333333333333,1,544,544,6.300785794663244,11.25,48.355555555555554,3.899050334124108,True
52.5,6.0,-0.0011249847254172,-0.0011249847254172,-0.00089741992997,-0.0023017972707748,-0.0001757369755068,0.0008827503976677,0.0,0,541,541,6.295266001439646,11.25,48.08888888888889,3.8936327136497972,True
52.5,7.0,-0.0018853506383796,-0.0018853506383796,-0.00098131026607,-0.0038753976114094,-0.0007993440376594,0.0014091352296637,0.0,0,487,487,6.1903154058531475,11.25,43.28888888888889,3.790733830442475,True
52.5,8.0,-0.0020728807430714,-0.0020728807430714,-0.0012915473198518,-0.0038753976114094,-0.001051697297953,0.0012783276324253,0.0,0,434,434,6.075346031088684,11.25,38.577777777777776,3.6782677935193417,True
52.5,9.0,-0.0020728807430714,-0.0020728807430714,-0.0012915473198518,-0.0038753976114094,-0.001051697297953,0.0012783276324253,0.0,0,412,412,6.023447592961033,11.25,36.62222222222222,3.6275948923628154,True
52.5,10.0,-0.0021785216716428,-0.0021785216716428,-0.001608470105566,-0.0038753976114094,-0.001051697297953,0.0012212125002208,0.0,0,380,380,5.942799375126701,11.25,33.77777777777778,3.548978613203934,True
63.75,-10.0,0.0042677620270599,0.0042677620270599,0.0054453825578093,0.0041338130831718,0.0032240904401987,0.0009117716847311,1.0,0,474,474,6.163314804034641,11.25,42.13333333333333,3.7642960933986904,True
63.75,-9.0,0.0028979267614583,0.0028979267614583,0.0036831574980169,0.0030035567469894,0.0020070660393685,0.000688325947412,1.0,0,532,532,6.278521424165844,11.25,47.28888888888889,3.87720149048611,True
63.75,-8.0,0.0008602445838429,0.0008602445838429,0.0013013434363529,-0.0002291900891577,0.0015085804043337,0.0007749785890705,0.6666666666666666,1,542,542,6.297109319933935,11.25,48.17777777777778,3.8954418502807298,True
63.75,-7.0,0.0061094206757843,0.0061094206757843,0.0073734279721975,0.0061646150425076,0.0047902190126478,0.0010553125747893,1.0,0,533,533,6.280395838960195,11.25,47.37777777777778,3.8790405714642278,True
63.75,-6.0,0.0058385677014787,0.0058385677014787,0.0062421578913927,0.0056684343144297,0.0056051108986139,0.000286549873255,1.0,0,586,586,6.375024819828097,11.25,52.08888888888889,3.97196765755549,True
63.75,-5.0,0.0074021522887051,0.0074021522887051,0.0062586963176727,0.0102108614519238,0.0057368990965187,0.0019974489493122,1.0,0,655,655,6.486160788944089,11.25,58.22222222222222,4.081296846829625,True
63.75,-4.0,0.0062719870669146,0.0062719870669146,0.0049758604727685,0.0098352264612913,0.004004874266684,0.0025505829123725,1.0,0,603,603,6.403574197934815,11.25,53.6,4.000033882750859,True
63.75,-3.0,0.0069482180600365,0.0069482180600365,0.0054877144284546,0.0104871448129415,0.0048697949387133,0.0025150822446155,1.0,0,690,690,6.53813982376767,11.25,61.333333333333336,4.132496328186477,True
63.75,-2.0,0.0069124757622679,0.0069124757622679,0.0053804875351488,0.0104871448129415,0.0048697949387133,0.0025362565391269,1.0,0,686,686,6.532334292222349,11.25,60.977777777777774,4.126775897857169,True
63.75,-1.0,0.0072529648120204,0.0072529648120204,0.0064648753032088,0.0111113339662551,0.0041826851665973,0.0028829796337208,1.0,0,668,668,6.505784060128229,11.25,59.37777777777778,4.100621119656028,True
63.75,0.0,0.0020384836388984,0.0020384836388984,-0.0001955749030457,0.0050446726381778,0.0012663531815633,0.0022078930613722,0.6666666666666666,1,726,726,6.588926477533519,11.25,64.53333333333333,4.182558919044957,True
63.75,1.0,0.0001955937865811,0.0001955937865811,-0.0006111476686783,0.0026531829498708,-0.0014552539214491,0.0017716164395133,0.3333333333333333,1,661,661,6.495265555937008,11.25,58.75555555555555,4.090262166498545,True
63.75,2.0,-0.0018113960589592,-0.0018113960589592,-0.0032131939660757,-0.0014983251458033,-0.0007226690649986,0.0010405731171553,0.0,0,649,649,6.476972362889683,11.25,57.68888888888889,4.072250422526812,True
63.75,3.0,-0.003989413458233,-0.003989413458233,-0.0050549409352242,-0.0043452968820929,-0.0025680025573819,0.0010460100006946,0.0,0,648,648,6.47543271670409,11.25,57.6,4.070734696582967,True
63.75,4.0,2.330543308441217e-05,2.330543308441217e-05,-9.213604062097148e-05,-0.000859540188685,0.0010215925285592,0.0007722953344242,0.3333333333333333,1,575,575,6.3561076606958915,11.25,51.111111111111114,3.95337819111006,True
63.75,5.0,-0.0006725757023862,-0.0006725757023862,-0.000111781846499,-0.0021326679270714,0.0002267226664116,0.0010416487907014,0.3333333333333333,1,510,510,6.236369590203704,11.25,45.333333333333336,3.835861644462582,True
63.75,6.0,-0.0009578513418091,-0.0009578513418091,-0.0006507593207061,-0.0020470577292144,-0.0001757369755068,0.000794224767885,0.0,0,524,524,6.263398262591624,11.25,46.577777777777776,3.862365798819363,True
63.75,7.0,-0.0017182172935766,-0.0017182172935766,-0.0007346497732214,-0.003620658069849,-0.0007993440376594,0.0013454880198601,0.0,0,431,431,6.068425588244111,11.25,38.31111111111111,3.6715072043894654,True
63.75,8.0,-0.0019057474176709,-0.0019057474176709,-0.0010448868852108,-0.003620658069849,-0.001051697297953,0.0012126281386986,0.0,0,414,414,6.028278520230698,11.25,36.8,3.632309102625542,True
63.75,9.0,-0.0019057474176709,-0.0019057474176709,-0.0010448868852108,-0.003620658069849,-0.001051697297953,0.0012126281386986,0.0,0,362,362,5.8944028342648505,11.25,32.17777777777778,3.5018803077688707,True
63.75,10.0,-0.0020113883074373,-0.0020113883074373,-0.0013618095545098,-0.003620658069849,-0.001051697297953,0.0011449466593328,0.0,0,344,344,5.84354441703136,11.25,30.57777777777778,3.452453638326781,True
75.0,-10.0,0.0025504454194257,0.0025504454194257,0.0039766798727214,0.002337503246963,0.0013371531385928,0.0010880513534616,1.0,0,501,501,6.218600119691729,11.25,44.53333333333333,3.81844465846858,True
75.0,-9.0,0.001386916594735,0.001386916594735,0.0022144543472677,0.0014592370716854,0.0004870583652518,0.0007070581815809,1.0,0,481,481,6.1779441140506,11.25,42.75555555555555,3.778618588868806,True
75.0,-8.0,-0.0005931269115535,-0.0005931269115535,-0.0001673597289482,-0.0011578579433262,-0.0004541630623862,0.0004161369099251,0.0,0,488,488,6.192362489474872,11.25,43.37777777777778,3.7927388436454956,True
75.0,-7.0,0.0049937676327923,0.0049937676327923,0.0054729832336306,0.0057644168846309,0.0037439027801156,0.0008917604333382,1.0,0,534,534,6.282266746896006,11.25,47.46666666666667,3.880876276431309,True
75.0,-6.0,0.0035087568685412,0.0035087568685412,0.0040453462861478,0.0035100937820971,0.0029708305373787,0.0004386702361239,1.0,0,614,614,6.421622267806518,11.25,54.577777777777776,4.0177834411073,True
75.0,-5.0,0.0041527152837564,0.0041527152837564,0.0036217577289789,0.0056540193036198,0.0031823688186705,0.0010766308478053,1.0,0,593,593,6.386879319362645,11.25,52.71111111111111,3.9836198909331633,True
75.0,-4.0,0.0024861977435648,0.0024861977435648,0.0023625732865184,0.002640705788508,0.002455314155668,0.0001156280507108,1.0,0,587,587,6.376726947898627,11.25,52.17777777777778,3.9736405981380534,True
75.0,-3.0,0.002958473128577,0.002958473128577,0.002256715670228,0.0037866439670324,0.0028320597484707,0.0006309545178236,1.0,0,661,661,6.495265555937008,11.25,58.75555555555555,4.090262166498545,True
75.0,-2.0,0.0029227312188595,0.0029227312188595,0.0021494899410754,0.0037866439670324,0.0028320597484707,0.0006714334480962,1.0,0,661,661,6.495265555937008,11.25,58.75555555555555,4.090262166498545,True
75.0,-1.0,0.0029402811390658,0.0029402811390658,0.0023478886578232,0.0044108303263783,0.0020621244329959,0.0010463592379538,1.0,0,712,712,6.569481420414296,11.25,63.28888888888889,4.163386815205816,True
75.0,0.0,0.0001736726844683,0.0001736726844683,-0.0010199714452028,0.0010477530304342,0.0004932364681735,0.0008738656974154,0.6666666666666666,1,685,685,6.530877627725885,11.25,60.888888888888886,4.125340662591064,True
75.0,1.0,-0.0007835121262663,-0.0007835121262663,-0.0015163519419729,0.0001038983173202,-0.0009380827541463,0.0006704335835548,0.3333333333333333,1,634,634,6.453624998892692,11.25,56.355555555555554,4.049269709948294,True
75.0,2.0,-0.0022412179969251,-0.0022412179969251,-0.0039867139421403,-0.001753322314471,-0.0009836177341639,0.0012736243183159,0.0,0,719,719,6.579251212010101,11.25,63.91111111111111,4.173018812617421,True
75.0,3.0,-0.0043581433904667,-0.0043581433904667,-0.0049892677925527,-0.0050334450788795,-0.003051717299968,0.0009239587853754,0.0,0,630,630,6.447305862541213,11.25,56.0,4.04305126783455,True
75.0,4.0,-0.0003454244773214,-0.0003454244773214,-2.6462716050446037e-05,-0.0015476886183023,0.0005378779023885,0.0008807948614448,0.3333333333333333,1,567,567,6.342121418721152,11.25,50.4,3.9396381724611196,True
75.0,5.0,-0.000977308533038,-0.000977308533038,0.0001458791521145,-0.0028208126313984,-0.0002569921198301,0.0013138890962693,0.3333333333333333,1,491,491,6.198478716492308,11.25,43.644444444444446,3.798729875044615,True
75.0,6.0,-0.0012625838668706,-0.0012625838668706,-0.0003930983366444,-0.0027352015022188,-0.0006594517617486,0.0010469600634599,0.0,0,483,483,6.182084906716632,11.25,42.93333333333333,3.782673333400297,True
75.0,7.0,-0.0020229498428913,-0.0020229498428913,-0.0004769886727444,-0.004308802075684,-0.0012830587802454,0.0016495004450184,0.0,0,436,436,6.07993319509559,11.25,38.75555555555555,3.682749593738399,True
75.0,8.0,-0.0022104799669856,-0.0022104799669856,-0.0007872256683185,-0.004308802075684,-0.0015354121569544,0.0015148514799221,0.0,0,388,388,5.963579343618446,11.25,34.48888888888889,3.5692196584446925,True
75.0,9.0,-0.0022104799669856,-0.0022104799669856,-0.0007872256683185,-0.004308802075684,-0.0015354121569544,0.0015148514799221,0.0,0,388,388,5.963579343618446,11.25,34.48888888888889,3.5692196584446925,True
75.0,10.0,-0.0023161209343622,-0.0023161209343622,-0.0011041485704481,-0.004308802075684,-0.0015354121569544,0.0014199954620811,0.0,0,361,361,5.891644211825771,11.25,32.08888888888889,3.4991975429136892,True
86.25,-10.0,0.002745707364132,0.002745707364132,0.003828054992482,0.0029837482143193,0.0014253188855946,0.0009952496452661,1.0,0,410,410,6.018593214496234,11.25,36.44444444444444,3.6228583530161425,True
86.25,-9.0,0.0015821778021442,0.0015821778021442,0.0020658280700445,0.0021054814569652,0.0005752238794229,0.0007122079516715,1.0,0,496,496,6.208590026096629,11.25,44.08888888888889,3.808635850055495,True
86.25,-8.0,-0.0003978637105319,-0.0003978637105319,-0.0003159862244501,-0.0005116073880344,-0.0003659975191112,8.297991936713282e-05,0.0,0,527,527,6.269096283706261,11.25,46.84444444444444,3.867955007594043,True
86.25,-7.0,0.0050120311789214,0.0050120311789214,0.0047933575697243,0.006410667207092,0.003832068759948,0.0010640037902259,1.0,0,499,499,6.214608098422191,11.25,44.355555555555554,3.8145326730395253,True
86.25,-6.0,0.003707408827419,0.003707408827419,0.0033657210879027,0.0046975095756351,0.0030589958187192,0.0007112171334655,1.0,0,584,584,6.371611847231857,11.25,51.91111111111111,3.968613356716543,True
86.25,-5.0,0.0045681699799994,0.0045681699799994,0.002942131832242,0.0068414262495934,0.0039209518581628,0.0016563600074102,1.0,0,608,608,6.411818267709897,11.25,54.044444444444444,4.0081409397190395,True
86.25,-4.0,0.0032739234156906,0.0032739234156906,0.0016829476226121,0.0047433674335479,0.0033954551909118,0.0012523630554764,1.0,0,645,645,6.470799503782602,11.25,57.333333333333336,4.0661736852554045,True
86.25,-3.0,0.003959064061443,0.003959064061443,0.0022156867198646,0.0058893049135804,0.003772200550884,0.0015055577343039,1.0,0,660,660,6.493753839851687,11.25,58.666666666666664,4.088773517172645,True
86.25,-2.0,0.003923321996505,0.003923321996505,0.0021084605250507,0.0058893049135804,0.003772200550884,0.0015472177914058,1.0,0,996,996,6.904750769961838,11.25,88.53333333333333,4.494610995421027,True
86.25,-1.0,0.0038505461222181,0.0038505461222181,0.0020359177142381,0.0065134544856846,0.0030022661667317,0.0019238447697382,1.0,0,658,658,6.490723534502507,11.25,58.48888888888889,4.085789553750033,True
86.25,0.0,0.0007076162146404,0.0007076162146404,-0.0006410581991076,0.0019809470977634,0.0007829597452655,0.0010717541477752,0.6666666666666666,1,780,780,6.660575149839686,11.25,69.33333333333333,4.253245844807957,True
86.25,1.0,-0.0011436561083731,-0.0011436561083731,-0.0019795726984739,-0.0005133128724992,-0.0009380827541463,0.0006159950066317,0.0,0,649,649,6.476972362889683,11.25,57.68888888888889,4.072250422526812,True
86.25,2.0,-0.0023956250709791,-0.0023956250709791,-0.0044499351643025,-0.001753322314471,-0.0009836177341639,0.0014862152726268,0.0,0,644,644,6.4692503167957724,11.25,57.24444444444445,4.064648713553087,True
86.25,3.0,-0.0043539421943326,-0.0043539421943326,-0.0049766642041504,-0.0050334450788795,-0.003051717299968,0.0009211037848006,0.0,0,613,613,6.419994928147142,11.25,54.48888888888889,4.016182800509453,True
86.25,4.0,-0.0003412231911473,-0.0003412231911473,-1.3858857528248336e-05,-0.0015476886183023,0.0005378779023885,0.0008823349640777,0.3333333333333333,1,568,568,6.343880434126331,11.25,50.48888888888889,3.9413660346620563,True
86.25,5.0,-0.0009731072253392,-0.0009731072253392,0.0001584830752108,-0.0028208126313984,-0.0002569921198301,0.0013174891169971,0.3333333333333333,1,571,571,6.349138991379798,11.25,50.75555555555555,3.946531780114021,True
86.25,6.0,-0.0012583826028276,-0.0012583826028276,-0.0003804945445153,-0.0027352015022188,-0.0006594517617486,0.0010504601621705,0.0,0,500,500,6.2166061010848646,11.25,44.44444444444444,3.816490578706582,True
86.25,7.0,-0.0020187485982508,-0.0020187485982508,-0.000464384938823,-0.004308802075684,-0.0012830587802454,0.0016534439637284,0.0,0,433,433,6.073044534100405,11.25,38.48888888888889,3.6760193383843314,True
86.25,8.0,-0.0022062787126439,-0.0022062787126439,-0.0007746219052933,-0.004308802075684,-0.0015354121569544,0.0015188051928742,0.0,0,447,447,6.104793232414985,11.25,39.733333333333334,3.707046758069385,True
86.25,9.0,-0.0022062787126439,-0.0022062787126439,-0.0007746219052933,-0.004308802075684,-0.0015354121569544,0.0015188051928742,0.0,0,393,393,5.976350909297934,11.25,34.93333333333333,3.581665369806787,True
86.25,10.0,-0.0023119196606179,-0.0023119196606179,-0.0010915447492152,-0.004308802075684,-0.0015354121569544,0.0014235891503786,0.0,0,364,364,5.8998973535824915,11.25,32.355555555555554,3.507224341863142,True
97.5,-10.0,0.002245823193031,0.002245823193031,0.0034943397622555,0.002287358045578,0.0009557717712596,0.0010367821112169,1.0,0,483,483,6.182084906716632,11.25,42.93333333333333,3.782673333400297,True
97.5,-9.0,0.0010822938905524,0.0010822938905524,0.0017321138875558,0.0014090909389778,0.0001056768451235,0.0007030512529414,1.0,0,460,460,6.133398042996649,11.25,40.888888888888886,3.7350206101117913,True
97.5,-8.0,-0.0009427430535045,-0.0009427430535045,-0.0005775224999524,-0.0012079975567758,-0.0010427091037854,0.0002669202224456,0.0,0,530,530,6.274762021241939,11.25,47.111111111111114,3.8735131506662706,True
97.5,-7.0,0.0045882429306705,0.0045882429306705,0.0043096696026623,0.0059440708719193,0.00351098831743,0.0010126450525063,1.0,0,517,517,6.249975242259483,11.25,45.955555555555556,3.8492015278457368,True
97.5,-6.0,0.0030519580468535,0.0030519580468535,0.0028657633811235,0.0036200250033289,0.0026700857561081,0.0004095505532591,1.0,0,598,598,6.395261598115449,11.25,53.15555555555556,3.9918605638548863,True
97.5,-5.0,0.0032693604007363,0.0032693604007363,0.0031494440045207,0.0043422849848866,0.0023163522128015,0.0008314188097515,1.0,0,657,657,6.489204931325317,11.25,58.4,4.084294226368599,True
97.5,-4.0,0.002321859394821,0.002321859394821,0.001402266905643,0.0035234005190432,0.0020399107597768,0.0008886031082834,1.0,0,703,703,6.556778356158042,11.25,62.48888888888889,4.150864912460453,True
97.5,-3.0,0.0027856058441102,0.0027856058441102,0.0012708236463367,0.0046693379990756,0.0024166558869183,0.0014117525762037,1.0,0,727,727,6.590301048196686,11.25,64.62222222222222,4.183914391973603,True
97.5,-2.0,0.0027498640120029,0.0027498640120029,0.0011635981500148,0.0046693379990756,0.0024166558869183,0.0014504766373598,1.0,0,754,754,6.626717749249025,11.25,67.02222222222223,4.219834449175093,True
97.5,-1.0,0.0026770922510574,0.0026770922510574,0.001091054524295,0.0052935010753571,0.00164672115352,0.0018639362833555,1.0,0,747,747,6.617402977974478,11.25,66.4,4.210645017918261,True
97.5,0.0,-0.000608856556937,-0.000608856556937,-0.0018393433419987,0.0007334894035011,-0.0007207157323136,0.0010533285148885,0.3333333333333333,1,812,812,6.70073110954781,11.25,72.17777777777778,4.292891792606045,True
97.5,1.0,-0.0012141154729761,-0.0012141154729761,-0.0012121206382289,-0.0014969366602599,-0.0009332891204394,0.0002301124678799,0.0,0,658,658,6.490723534502507,11.25,58.48888888888889,4.085789553750033,True
97.5,2.0,-0.0019290790272255,-0.0019290790272255,-0.0036731646396219,-0.0011493434431031,-0.0009647289989516,0.0012355556350008,0.0,0,742,742,6.610696044717759,11.25,65.95555555555555,4.204029049359981,True
97.5,3.0,-0.0040168362514426,-0.0040168362514426,-0.0047283861786127,-0.0045851645991206,-0.0027369579765945,0.0009068974230966,0.0,0,678,678,6.520621127558696,11.25,60.266666666666666,4.115235921253477,True
97.5,4.0,-0.0001662203818947,-0.0001662203818947,0.0002344187087146,-0.001420046086423,0.0006869662320241,0.0009056338436753,0.6666666666666666,1,602,602,6.401917196727186,11.25,53.51111111111111,3.9984045544881694,True
97.5,5.0,-0.0007782574151254,-0.0007782574151254,0.0004663030267693,-0.0026931713800877,-0.0001079038920579,0.0013741906748611,0.3333333333333333,1,542,542,6.297109319933935,11.25,48.17777777777778,3.8954418502807298,True
97.5,6.0,-0.0012532905287419,-0.0012532905287419,-7.26745929569006e-05,-0.0026075586210936,-0.0010796383721753,0.001042121414115,0.0,0,568,568,6.343880434126331,11.25,50.48888888888889,3.9413660346620563,True
97.5,7.0,-0.0020136549283051,-0.0020136549283051,-0.0001565650309203,-0.0041811545379459,-0.0017032452160492,0.0016576279874391,0.0,0,467,467,6.148468295917647,11.25,41.51111111111111,3.749765479669933,True
97.5,8.0,-0.0022578687348868,-0.0022578687348868,-0.0004668019537348,-0.0041811545379459,-0.0021256497129797,0.0015192575340769,0.0,0,510,510,6.236369590203704,11.25,45.333333333333336,3.835861644462582,True
97.5,9.0,-0.0022578687348868,-0.0022578687348868,-0.0004668019537348,-0.0041811545379459,-0.0021256497129797,0.0015192575340769,0.0,0,439,439,6.0867747269123065,11.25,39.022222222222226,3.6894348554056364,True
97.5,10.0,-0.0023635096731595,-0.0023635096731595,-0.0007837247685529,-0.0041811545379459,-0.0021256497129797,0.0013971555103094,0.0,0,397,397,5.986452005284438,11.25,35.28888888888889,3.5915116032001455,True
108.75,-10.0,0.002434871198299,0.002434871198299,0.0039166403003036,0.0020285088103264,0.0013594644842669,0.0010827849374952,1.0,0,483,483,6.182084906716632,11.25,42.93333333333333,3.782673333400297,True
108.75,-9.0,0.0012713413452729,0.0012713413452729,0.00215441477485,0.0011502396082505,0.0005093696527183,0.0006770241682021,1.0,0,484,484,6.184148890937483,11.25,43.022222222222226,3.784694556928231,True
108.75,-8.0,-0.0005246844569531,-0.0005246844569531,0.000168909842614,-0.001103947055526,-0.0006390161579474,0.0005258928751339,0.3333333333333333,1,508,508,6.2324480165505225,11.25,45.15555555555556,3.8320173341057924,True
108.75,-7.0,0.0050063016824424,0.0050063016824424,0.0050561018288135,0.0060481214895844,0.0039146817289292,0.0008716847075328,1.0,0,773,773,6.651571873589727,11.25,68.71111111111111,4.244359718420358,True
108.75,-6.0,0.0035062027939905,0.0035062027939905,0.0036121956072747,0.0037240772508084,0.0031823355238884,0.0002335192811775,1.0,0,556,556,6.322565239927284,11.25,49.422222222222224,3.920431995009522,True
108.75,-5.0,0.0046052958350628,0.0046052958350628,0.0044758864678442,0.0055418871343135,0.0037981139030307,0.0007177494264609,1.0,0,604,604,6.405228458030842,11.25,53.68888888888889,4.001660560620736,True
108.75,-4.0,0.0050960985633234,0.0050960985633234,0.0039504757151007,0.0062602180987596,0.0050776018761098,0.0009430390820094,1.0,0,644,644,6.4692503167957724,11.25,57.24444444444445,4.064648713553087,True
108.75,-3.0,0.0055598448185871,0.0055598448185871,0.0038190332707017,0.0074061546474695,0.00545434653759,0.0014663349681856,1.0,0,621,621,6.432940092739179,11.25,55.2,4.028916756899646,True
108.75,-2.0,0.0055241025984287,0.0055241025984287,0.0037118066102266,0.0074061546474695,0.00545434653759,0.0015090176243918,1.0,0,733,733,6.598509028614515,11.25,65.15555555555555,4.192008871245457,True
108.75,-1.0,0.0049528936700274,0.0049528936700274,0.003327656770125,0.0068466109223663,0.0046844133175909,0.0014490964670275,1.0,0,645,645,6.470799503782602,11.25,57.333333333333336,4.0661736852554045,True
108.75,0.0,0.0009403160317257,0.0009403160317257,-0.0001258904085261,0.0022866441868245,0.0006601943168789,0.0010046332414659,0.6666666666666666,1,690,690,6.53813982376767,11.25,61.333333333333336,4.132496328186477,True
108.75,1.0,-0.0001931812621478,-0.0001931812621478,-0.000294846628094,5.622260869131424e-05,-0.0003409197670407,0.0001773553901544,0.3333333333333333,1,611,611,6.416732282512326,11.25,54.31111111111111,4.012973812597272,True
108.75,2.0,-0.0013809203131434,-0.0013809203131434,-0.0027558910660445,-0.0007864536019042,-0.0006004162714816,0.0009752131051135,0.0,0,644,644,6.4692503167957724,11.25,57.24444444444445,4.064648713553087,True
108.75,3.0,-0.0037247360063095,-0.0037247360063095,-0.0047546518035233,-0.0038195000961422,-0.0026000561192631,0.0008821586460493,0.0,0,622,622,6.434546518787453,11.25,55.28888888888889,4.030497160231356,True
108.75,4.0,-0.0002003223829281,-0.0002003223829281,-0.000407563871704,-0.001017271541059,0.0008238682639785,0.0007657940199235,0.3333333333333333,1,580,580,6.364750756851911,11.25,51.55555555555556,3.9618708111557135,True
108.75,5.0,-0.0008123608076857,-0.0008123608076857,-0.0001756796264089,-0.0022904011420905,2.899834544223268e-05,0.0010484673546454,0.3333333333333333,1,466,466,6.1463292576688975,11.25,41.422222222222224,3.747672333955428,True
108.75,6.0,-0.0012873936017664,-0.0012873936017664,-0.0007146571879275,-0.0022047876846045,-0.0009427359327673,0.0006553441365072,0.0,0,448,448,6.1070228877422545,11.25,39.82222222222222,3.709226595444806,True
108.75,7.0,-0.0020477582390109,-0.0020477582390109,-0.0007985476404428,-0.0037783838342875,-0.0015663432423025,0.0012632435064358,0.0,0,461,461,6.135564891081739,11.25,40.977777777777774,3.7371403777311896,True
108.75,8.0,-0.0022690784729396,-0.0022690784729396,-0.0010401041945442,-0.0037783838342875,-0.0019887473899871,0.0011353363623203,0.0,0,417,417,6.035481432524756,11.25,37.06666666666667,3.6393390085538004,True
108.75,9.0,-0.0022690784729396,-0.0022690784729396,-0.0010401041945442,-0.0037783838342875,-0.0019887473899871,0.0011353363623203,0.0,0,366,366,5.905361848054571,11.25,32.53333333333333,3.512539968997529,True
108.75,10.0,-0.0023747193627059,-0.0023747193627059,-0.0013570268638432,-0.0037783838342875,-0.0019887473899871,0.0010254992824223,0.0,0,345,345,5.846438775057724,11.25,30.666666666666668,3.455264602932431,True
120.0,-10.0,0.0023786615347489,0.0023786615347489,0.0037480113096535,0.0020285088103264,0.0013594644842669,0.001006063013958,1.0,0,432,432,6.07073772800249,11.25,38.4,3.673765816303888,True
120.0,-9.0,0.0012151318369433,0.0012151318369433,0.0019857862498611,0.0011502396082505,0.0005093696527183,0.000604488623046,1.0,0,436,436,6.07993319509559,11.25,38.75555555555555,3.682749593738399,True
120.0,-8.0,-0.000580894010928,-0.000580894010928,2.811806893987523e-07,-0.001103947055526,-0.0006390161579474,0.0004526688542371,0.3333333333333333,1,468,468,6.150602768446279,11.25,41.6,3.751854253275325,True
120.0,-7.0,0.004950092639774,0.004950092639774,0.0048874747008085,0.0060481214895844,0.0039146817289292,0.0008720978759276,1.0,0,484,484,6.184148890937483,11.25,43.022222222222226,3.784694556928231,True
120.0,-6.0,0.0034499928976098,0.0034499928976098,0.0034435659181326,0.0037240772508084,0.0031823355238884,0.0002212118203901,1.0,0,488,488,6.192362489474872,11.25,43.37777777777778,3.7927388436454956,True
120.0,-5.0,0.0043818284757435,0.0043818284757435,0.0038054843898862,0.0055418871343135,0.0037981139030307,0.0008202908628495,1.0,0,534,534,6.282266746896006,11.25,47.46666666666667,3.880876276431309,True
120.0,-4.0,0.0046276014763861,0.0046276014763861,0.002544984454289,0.0062602180987596,0.0050776018761098,0.001549756008337,1.0,0,590,590,6.3818160174060985,11.25,52.44444444444444,3.978642692769542,True
120.0,-3.0,0.0050913474988192,0.0050913474988192,0.0024135413113981,0.0074061546474695,0.00545434653759,0.0020543244157128,1.0,0,611,611,6.416732282512326,11.25,54.31111111111111,4.012973812597272,True
120.0,-2.0,0.0050556056667119,0.0050556056667119,0.0023063158150762,0.0074061546474695,0.00545434653759,0.0021010052737801,1.0,0,692,692,6.541029999189903,11.25,61.51111111111111,4.135344318719537,True
120.0,-1.0,0.0044843962726493,0.0044843962726493,0.0019221645779907,0.0068466109223663,0.0046844133175909,0.0020153656514156,1.0,0,646,646,6.472346294500901,11.25,57.422222222222224,4.067696334959561,True
120.0,0.0,0.0006296039015675,0.0006296039015675,-0.0010580267990007,0.0022866441868245,0.0006601943168789,0.0013656275312073,0.6666666666666666,1,686,686,6.532334292222349,11.25,60.977777777777774,4.126775897857169,True
120.0,1.0,-0.0002534165008304,-0.0002534165008304,-0.0007654970977455,0.000346167362295,-0.0003409197670407,0.0004580335388938,0.3333333333333333,1,600,600,6.398594934535208,11.25,53.333333333333336,3.9951379121386528,True
120.0,2.0,-0.0012474038715784,-0.0012474038715784,-0.0026452871970832,-0.0004965081461705,-0.0006004162714816,0.0009893626124664,0.0,0,633,633,6.452048954437226,11.25,56.266666666666666,4.047718720882045,True
120.0,3.0,-0.0025867829487348,-0.0025867829487348,-0.0043530617840588,-0.002242841059342,-0.0011644460028037,0.0013242707848917,0.0,0,591,591,6.3835066348840055,11.25,52.53333333333333,3.9803045128445516,True
120.0,4.0,0.0005430483027642,0.0005430483027642,-5.97342113906052e-06,0.000559385807719,0.0010757325217127,0.0004417556807794,0.6666666666666666,1,566,566,6.340359303727752,11.25,50.31111111111111,3.9379073195841756,True
120.0,5.0,0.0004749829240608,0.0004749829240608,0.0002259108296129,0.0001247161417268,0.0010743218008428,0.0004258054392409,1.0,0,496,496,6.208590026096629,11.25,44.08888888888889,3.808635850055495,True
120.0,6.0,-4.37528263622274e-05,-4.37528263622274e-05,-0.0003130666736979,-0.0002648117078933,0.0004466199025046,0.000347305048762,0.3333333333333333,1,441,441,6.091309882077698,11.25,39.2,3.6938669956249752,True
120.0,7.0,-0.000804115984162,-0.000804115984162,-0.0003969571262132,-0.0018384036375209,-0.0001769871887518,0.0007368445814257,0.0,0,413,413,6.025865973825314,11.25,36.71111111111111,3.6299547754639065,True
120.0,8.0,-0.0010266468549768,-0.0010266468549768,-0.0006385135930031,-0.0018384036375209,-0.0006030233344063,0.0005741815596241,0.0,0,407,407,6.0112671744041615,11.25,36.17777777777778,3.615711211216504,True
120.0,9.0,-0.0010266468549768,-0.0010266468549768,-0.0006385135930031,-0.0018384036375209,-0.0006030233344063,0.0005741815596241,0.0,0,368,368,5.910796644040527,11.25,32.71111111111111,3.5178274895782122,True
120.0,10.0,-0.0011322878029507,-0.0011322878029507,-0.000955436436925,-0.0018384036375209,-0.0006030233344063,0.0005196142335616,0.0,0,324,324,5.783825182329737,11.25,28.8,3.3945083935113587,True
131.25,-10.0,0.0023474805445099,0.0023474805445099,0.0035717685241252,0.0020285088103264,0.0014421642990782,0.000898187346545,1.0,0,386,386,5.958424693029782,11.25,34.31111111111111,3.5641976767663963,True
131.25,-9.0,0.0011839504198481,0.0011839504198481,0.0018095420673489,0.0011502396082505,0.0005920695839449,0.000497602335254,1.0,0,399,399,5.991464547107982,11.25,35.46666666666667,3.596398601319771,True
131.25,-8.0,-0.0006120754696894,-0.0006120754696894,-0.0001759630104061,-0.001103947055526,-0.0005563163431361,0.0003808940422609,0.0,0,450,450,6.111467339502679,11.25,40.0,3.713572066704308,True
131.25,-7.0,0.0047986718515555,0.0047986718515555,0.0048894518986344,0.0055664009414613,0.0039401627145707,0.0006670049751742,1.0,0,458,458,6.129050210060545,11.25,40.71111111111111,3.730767546816189,True
131.25,-6.0,0.0028566747593382,0.0028566747593382,0.0030073674861341,0.0025571435689926,0.0030055132228881,0.0002118018886687,1.0,0,528,528,6.270988431858299,11.25,46.93333333333333,3.8698111566188365,True
131.25,-5.0,0.0021721891049916,0.0021721891049916,0.0019808444194495,0.0028596487827599,0.0016760741127654,0.0005017780660657,1.0,0,531,531,6.2766434893416445,11.25,47.2,3.8753590210565547,True
131.25,-4.0,0.0020435127080418,0.0020435127080418,0.0006085179629735,0.0035779878962785,0.0019440322648733,0.0012143201637487,1.0,0,599,599,6.396929655216146,11.25,53.24444444444445,3.9935005806226402,True
131.25,-3.0,0.0025072597394076,0.0025072597394076,0.0004770745872519,0.0047239270061254,0.0023207776248455,0.0017387774538856,1.0,0,615,615,6.423246963533519,11.25,54.666666666666664,4.019381523748645,True
131.25,-2.0,0.002273079221292,0.002273079221292,-0.0002254669670946,0.0047239270061254,0.0023207776248455,0.0020208631041897,0.6666666666666666,1,686,686,6.532334292222349,11.25,60.977777777777774,4.126775897857169,True
131.25,-1.0,0.0018435789000553,0.0018435789000553,-0.0001844755024649,0.0041643697768449,0.0015508424257859,0.001787434809696,0.6666666666666666,1,637,637,6.45833828334479,11.25,56.62222222222222,4.053908295768345,True
131.25,0.0,-0.0002677237692599,-0.0002677237692599,-0.0020386206451803,0.0016014364082366,-0.0003659870708361,0.0014876705718135,0.3333333333333333,1,700,700,6.55250788703459,11.25,62.22222222222222,4.146655856790112,True
131.25,1.0,-0.0009959608820887,-0.0009959608820887,-0.0018291703891009,-0.0003390397178009,-0.0008196725393645,0.0006209833810028,0.0,0,607,607,6.410174881966167,11.25,53.955555555555556,4.006524777751096,True
131.25,2.0,-0.0012946198015318,-0.0012946198015318,-0.0022681204136461,-0.0011817169142886,-0.0004340220766607,0.0007530114978732,0.0,0,603,603,6.403574197934815,11.25,53.6,4.000033882750859,True
131.25,3.0,-0.0020090059842914,-0.0020090059842914,-0.0029766540974378,-0.0018859178526327,-0.0011644460028037,0.0007449329100354,0.0,0,542,542,6.297109319933935,11.25,48.17777777777778,3.8954418502807298,True
131.25,4.0,0.0007294114911928,0.0007294114911928,0.0005036094225943,0.0009163101785816,0.0007683148724026,0.0001707153250302,1.0,0,517,517,6.249975242259483,11.25,45.955555555555556,3.8492015278457368,True
131.25,5.0,0.0006613442868304,0.0006613442868304,0.0007354937843047,0.0004816347500309,0.0007669043261557,0.0001277192069799,1.0,0,438,438,6.0844994130751715,11.25,38.93333333333333,3.687211397013239,True
131.25,6.0,0.0001426076366139,0.0001426076366139,0.000196516077267,9.2104404757265e-05,0.0001392024278175,4.2693839713950574e-05,1.0,0,433,433,6.073044534100405,11.25,38.48888888888889,3.6760193383843314,True
131.25,7.0,-0.0006177558680064,-0.0006177558680064,0.0001126257120631,-0.0014814886962994,-0.0004844046197831,0.0006575900968888,0.3333333333333333,1,439,439,6.0867747269123065,11.25,39.022222222222226,3.6894348554056364,True
131.25,8.0,-0.0008402868503859,-0.0008402868503859,-0.0001289308129344,-0.0014814886962994,-0.000910441041924,0.000554403231656,0.0,0,382,382,5.948034989180646,11.25,33.955555555555556,3.554077413287958,True
131.25,9.0,-0.0008402868503859,-0.0008402868503859,-0.0001289308129344,-0.0014814886962994,-0.000910441041924,0.000554403231656,0.0,0,328,328,5.796057750765372,11.25,29.155555555555555,3.4063691700645493,True
131.25,10.0,-0.0009459277401523,-0.0009459277401523,-0.0004458534822333,-0.0014814886962994,-0.000910441041924,0.0004235402802306,0.0,0,334,334,5.814130531825066,11.25,29.68888888888889,3.4239006636389724,True
142.5,-10.0,0.0027030530618503,0.0027030530618503,0.0038651551585644,0.0024987610522657,0.0017452429747208,0.0008774236284665,1.0,0,419,419,6.040254711277414,11.25,37.24444444444445,3.64399830644122,True
142.5,-9.0,0.0015395235968753,0.0015395235968753,0.0021029296331107,0.0016204931307584,0.0008951480267569,0.0004963877189083,1.0,0,431,431,6.068425588244111,11.25,38.31111111111111,3.6715072043894654,True
142.5,-8.0,-0.0002085714368149,-0.0002085714368149,0.0003581318014767,-0.0006336942897178,-0.0003501518222037,0.0004171039062701,0.3333333333333333,1,463,463,6.139884552226255,11.25,41.15555555555556,3.7413664801646944,True
142.5,-7.0,0.0050880680792033,0.0050880680792033,0.005423545371741,0.005694331601262,0.0041463272646069,0.000675024995553,1.0,0,488,488,6.192362489474872,11.25,43.37777777777778,3.7927388436454956,True
142.5,-6.0,0.0034402826956162,0.0034402826956162,0.004303753376007,0.003297776216641,0.0027193184942007,0.0006546447108081,1.0,0,529,529,6.272877006546167,11.25,47.022222222222226,3.8716638667365664,True
142.5,-5.0,0.0031433422894527,0.0031433422894527,0.0032772296108305,0.0044453251175582,0.0017074721399694,0.0011217260785183,1.0,0,603,603,6.403574197934815,11.25,53.6,4.000033882750859,True
142.5,-4.0,0.003882478767385,0.003882478767385,0.0029575866647064,0.0050992458127439,0.0035906038247048,0.0008983574690201,1.0,0,642,642,6.466144724237619,11.25,57.06666666666667,4.061591775750292,True
142.5,-3.0,0.0042591132223606,0.0042591132223606,0.0025647981092333,0.0062451921403408,0.0039673494175076,0.0015166123750911,1.0,0,676,676,6.517671272912275,11.25,60.08888888888889,4.112329998394926,True
142.5,-2.0,0.0039707676429922,0.0039707676429922,0.0018622569041326,0.0062451921403408,0.0038048538845032,0.0017931677468734,1.0,0,739,739,6.606650186198215,11.25,65.68888888888888,4.200038355670047,True
142.5,-1.0,0.0033022682958592,0.0033022682958592,0.0019032484851777,0.0050858240574598,0.0029177323449403,0.0013274280247866,1.0,0,702,702,6.555356891810665,11.25,62.4,4.14946386144318,True
142.5,0.0,0.0008552718403128,0.0008552718403128,0.0002279763721162,0.0025701620616018,-0.0002323229127796,0.0012270846782037,0.6666666666666666,1,766,766,6.642486801367256,11.25,68.08888888888889,4.235393920288434,True
142.5,1.0,-0.000319336017128,-0.000319336017128,-0.0005256590084172,0.0004378795274533,-0.0008702285704202,0.000553602493661,0.3333333333333333,1,654,654,6.484635235635252,11.25,58.13333333333333,4.07979478120737,True
142.5,2.0,-0.0008713982921714,-0.0008713982921714,-0.0017019937513396,-0.0006608028197661,-0.0002513983054086,0.0006106388057802,0.0,0,640,640,6.46302945692067,11.25,56.888888888888886,4.058525464417148,True
142.5,3.0,-0.0020387148639808,-0.0020387148639808,-0.0029719823505729,-0.0018859178526327,-0.0012582443887367,0.0007079240286298,0.0,0,599,599,6.396929655216146,11.25,53.24444444444445,3.9935005806226402,True
142.5,4.0,0.0005727727111661,0.0005727727111661,0.0001464423112338,0.0009163101785816,0.000655565643683,0.0003197031284902,1.0,0,576,576,6.3578422665081,11.25,51.2,3.955082494888593,True
142.5,5.0,0.0005047054534467,0.0005047054534467,0.0003783265710808,0.0004816347500309,0.0006541550392284,0.0001137820401095,1.0,0,498,498,6.212606095751519,11.25,44.266666666666666,3.812570926456486,True
142.5,6.0,-3.868346660359142e-05,-3.868346660359142e-05,-0.0002346080436836,9.2104404757265e-05,2.645323911565356e-05,0.0001411083480061,0.6666666666666666,1,487,487,6.1903154058531475,11.25,43.28888888888889,3.790733830442475,True
142.5,7.0,-0.0007990470233683,-0.0007990470233683,-0.0003184984670951,-0.0014814886962994,-0.0005971539067104,0.0004957870451592,0.0,0,436,436,6.07993319509559,11.25,38.75555555555555,3.682749593738399,True
142.5,8.0,-0.0010215779572414,-0.0010215779572414,-0.0005600549629889,-0.0014814886962994,-0.001023190212436,0.0003761754738999,0.0,0,455,455,6.1224928095143865,11.25,40.44444444444444,3.724353842307596,True
142.5,9.0,-0.0010215779572414,-0.0010215779572414,-0.0005600549629889,-0.0014814886962994,-0.001023190212436,0.0003761754738999,0.0,0,399,399,5.991464547107982,11.25,35.46666666666667,3.596398601319771,True
142.5,10.0,-0.0011272188470078,-0.0011272188470078,-0.0008769776322878,-0.0014814886962994,-0.001023190212436,0.0002575200629546,0.0,0,391,391,5.971261839790462,11.25,34.75555555555555,3.5767056572220635,True
153.75,-10.0,0.0027566701561833,0.0027566701561833,0.0041149440221488,0.0024987610522657,0.0016563053941354,0.0010201678963787,1.0,0,398,398,5.988961416889864,11.25,35.37777777777778,3.5939580876008153,True
153.75,-9.0,0.0015931404971828,0.0015931404971828,0.0023527180310338,0.0016204931307584,0.0008062103297561,0.0006316553081391,1.0,0,392,392,5.973809611869261,11.25,34.84444444444444,3.579188588354889,True
153.75,-8.0,-0.0001549546044164,-0.0001549546044164,0.0006079201120883,-0.0006336942897178,-0.0004390896356198,0.0005452529184765,0.3333333333333333,1,425,425,6.054439346269371,11.25,37.77777777777778,3.657847344866208,True
153.75,-7.0,0.0051696891896426,0.0051696891896426,0.0056733349338173,0.005694331601262,0.0041414010338485,0.0007271600527718,1.0,0,744,744,6.61338421837956,11.25,66.13333333333334,4.206680691616352,True
153.75,-6.0,0.0034371135601152,0.0034371135601152,0.0042991726659238,0.003297776216641,0.0027143917977809,0.0006544431584549,1.0,0,498,498,6.212606095751519,11.25,44.266666666666666,3.812570926456486,True
153.75,-5.0,0.0032098669325932,0.0032098669325932,0.0039908718317747,0.0044453251175582,0.0011934038484469,0.0014378744670597,1.0,0,529,529,6.272877006546167,11.25,47.022222222222226,3.8716638667365664,True
153.75,-4.0,0.0039206449097643,0.0039206449097643,0.0036712286528199,0.0055978144519031,0.0024928916245698,0.0012797897725394,1.0,0,587,587,6.376726947898627,11.25,52.17777777777778,3.9736405981380534,True
153.75,-3.0,0.0039607851455609,0.0039607851455609,0.0032784400973469,0.0060180188156664,0.0025858965236693,0.0014819046146592,1.0,0,595,595,6.39024066706535,11.25,52.888888888888886,3.9869243136012638,True
153.75,-2.0,0.0036724398378282,0.0036724398378282,0.0025758994743227,0.0060180188156664,0.0024234012234956,0.0016597428485729,1.0,0,665,665,6.501289670540389,11.25,59.111111111111114,4.096194701510262,True
153.75,-1.0,0.0031639629354079,0.0031639629354079,0.0026168914046138,0.0048586511984467,0.0020163462031632,0.0012231489051916,1.0,0,622,622,6.434546518787453,11.25,55.28888888888889,4.030497160231356,True
153.75,0.0,0.0008551374388237,0.0008551374388237,0.000828334945254,0.0025701620616018,-0.0008330846903845,0.001389498925026,0.6666666666666666,1,735,735,6.601230118728877,11.25,65.33333333333333,4.194692536056382,True
153.75,1.0,-0.0002570545232932,-0.0002570545232932,7.46996229281649e-05,0.0004378795274533,-0.0012837427202612,0.0007409639672335,0.6666666666666666,1,654,654,6.484635235635252,11.25,58.13333333333333,4.07979478120737,True
153.75,2.0,-0.0009270947581777,-0.0009270947581777,-0.0018690831493586,-0.0006608028197661,-0.0002513983054086,0.0006867360535817,0.0,0,619,619,6.429719478039138,11.25,55.022222222222226,4.0257484374176,True
153.75,3.0,-0.0020445031501973,-0.0020445031501973,-0.0031390716321766,-0.0018859178526327,-0.0011085199657827,0.0008365193721313,0.0,0,571,571,6.349138991379798,11.25,50.75555555555555,3.946531780114021,True
153.75,4.0,0.0005669844485964,0.0005669844485964,-2.0646841221605428e-05,0.0009163101785816,0.0008052900084294,0.0004179826703944,0.6666666666666666,1,523,523,6.261491684321042,11.25,46.48888888888889,3.8604957655488277,True
153.75,5.0,0.0004989172060353,0.0004989172060353,0.0002112374058924,0.0004816347500309,0.0008038794621825,0.0002422535368645,1.0,0,527,527,6.269096283706261,11.25,46.84444444444444,3.867955007594043,True
153.75,6.0,-4.4471790412596114e-05,-4.4471790412596114e-05,-0.0004016971797682,9.2104404757265e-05,0.0001761774037731,0.000254917700956,0.6666666666666666,1,435,435,6.077642243349034,11.25,38.666666666666664,3.6805112044434196,True
153.75,7.0,-0.0008048352998836,-0.0008048352998836,-0.0004855875158682,-0.0014814886962994,-0.0004474296874832,0.000478719729506,0.0,0,391,391,5.971261839790462,11.25,34.75555555555555,3.5767056572220635,True
153.75,8.0,-0.0010273662240554,-0.0010273662240554,-0.0007271440699696,-0.0014814886962994,-0.0008734659058973,0.0003266220392288,0.0,0,400,400,5.993961427306569,11.25,35.55555555555556,3.5988331734291528,True
153.75,9.0,-0.0010273662240554,-0.0010273662240554,-0.0007271440699696,-0.0014814886962994,-0.0008734659058973,0.0003266220392288,0.0,0,354,354,5.872117789475416,11.25,31.466666666666665,3.4802139219803796,True
153.75,10.0,-0.0011330070750166,-0.0011330070750166,-0.0010440666228532,-0.0014814886962994,-0.0008734659058973,0.0002560673497804,0.0,0,318,318,5.765191102784844,11.25,28.266666666666666,3.3764492119729614,True
165.0,-10.0,0.0031314244649062,0.0031314244649062,0.004207641351968,0.0029284467454999,0.0022581852972507,0.0008087004774121,1.0,0,395,395,5.981414211254481,11.25,35.111111111111114,3.586600604993518,True
165.0,-9.0,0.001967891662692,0.001967891662692,0.0024454151280224,0.0020501697435975,0.0014080901164561,0.0004274638829603,1.0,0,408,408,6.013715156042802,11.25,36.266666666666666,3.618099272052889,True
165.0,-8.0,0.0002538089029258,0.0002538089029258,0.0007006174419075,-0.0002040175750153,0.0002648268418852,0.0003693978656272,0.6666666666666666,1,396,396,5.983936280687191,11.25,35.2,3.5890591188317256,True
165.0,-7.0,0.0056642863589028,0.0056642863589028,0.0057660317979753,0.0061240093782544,0.0051028179004788,0.0004230619413666,1.0,0,479,479,6.173786103901937,11.25,42.577777777777776,3.7745473364260267,True
165.0,-6.0,0.003898500620077,0.003898500620077,0.0052364622242748,0.0042950864881277,0.0021639531478285,0.0012853114458538,1.0,0,488,488,6.192362489474872,11.25,43.37777777777778,3.7927388436454956,True
165.0,-5.0,0.00438100247023,0.00438100247023,0.0049281623214483,0.0046848603524267,0.003529984736815,0.00060990291521,1.0,0,526,526,6.267200548541362,11.25,46.75555555555555,3.8660954068721907,True
165.0,-4.0,0.0050917789340019,0.0050917789340019,0.0046085189096629,0.0058373459614813,0.0048294719308614,0.0005348568055985,1.0,0,575,575,6.3561076606958915,11.25,51.111111111111114,3.95337819111006,True
165.0,-3.0,0.005238931470861,0.005238931470861,0.0045367693528532,0.0062575470656156,0.0049224779941141,0.0007372815321136,1.0,0,596,596,6.391917113392602,11.25,52.977777777777774,3.9885724392318527,True
165.0,-2.0,0.0050781715350846,0.0050781715350846,0.0042169857770204,0.0062575470656156,0.0047599817626178,0.0008629044526501,1.0,0,730,730,6.594413459749778,11.25,64.88888888888889,4.187969821661506,True
165.0,-1.0,0.0046559019635121,0.0046559019635121,0.0045165936462581,0.0050981850363314,0.0043529272079467,0.0003197993257593,1.0,0,631,631,6.448889394146858,11.25,56.08888888888889,4.044609507339564,True
165.0,0.0,0.0020735669143808,0.0020735669143808,0.0025481283664703,0.0028096961323171,0.0008628762443549,0.0008627217967565,1.0,0,702,702,6.555356891810665,11.25,62.4,4.14946386144318,True
165.0,1.0,0.0006083836002896,0.0006083836002896,0.0008763052755966,0.0005366276018321,0.00041221792344,0.0001961393383862,1.0,0,600,600,6.398594934535208,11.25,53.333333333333336,3.9951379121386528,True
165.0,2.0,-0.0009104160932717,-0.0009104160932717,-0.0014168099733069,-0.001333464635536,1.9026329027838077e-05,0.0006580952431624,0.3333333333333333,1,624,624,6.437751649736401,11.25,55.46666666666667,4.033650493549844,True
165.0,3.0,-0.0018475798812384,-0.0018475798812384,-0.0026867981068789,-0.0018859178526327,-0.0009700236842036,0.0007013943040478,0.0,0,556,556,6.322565239927284,11.25,49.422222222222224,3.920431995009522,True
165.0,4.0,0.0005775720346719,0.0005775720346719,-0.0001273803063668,0.0009163101785816,0.0009437862318009,0.0004986027715707,0.6666666666666666,1,535,535,6.284134161070802,11.25,47.55555555555556,3.882708617759371,True
165.0,5.0,0.0004017541359644,0.0004017541359644,-0.0002187481441069,0.0004816347500309,0.0009423758019693,0.0004773802739365,0.6666666666666666,1,464,464,6.142037405587356,11.25,41.24444444444445,3.7434728527181096,True
165.0,6.0,-0.0001416348168277,-0.0001416348168277,-0.0008316828170791,9.2104404757265e-05,0.0003146739618387,0.000496325823039,0.6666666666666666,1,440,440,6.089044875446846,11.25,39.111111111111114,3.6916533809966614,True
165.0,7.0,-0.0009019983020455,-0.0009019983020455,-0.0009155730367638,-0.0014814886962994,-0.0003089331730734,0.000478790015789,0.0,0,403,403,6.0014148779611505,11.25,35.82222222222222,3.6061015276562434,True
165.0,8.0,-0.0011245292262174,-0.0011245292262174,-0.0011571296490728,-0.0014814886962994,-0.0007349693332798,0.0003056358187108,0.0,0,413,413,6.025865973825314,11.25,36.71111111111111,3.6299547754639065,True
165.0,9.0,-0.0011245292262174,-0.0011245292262174,-0.0011571296490728,-0.0014814886962994,-0.0007349693332798,0.0003056358187108,0.0,0,343,343,5.840641657373398,11.25,30.488888888888887,3.4496347499203606,True
165.0,10.0,-0.0012301701159837,-0.0012301701159837,-0.0014740523183718,-0.0014814886962994,-0.0007349693332798,0.0003501729918407,0.0,0,338,338,5.82600010738045,11.25,30.044444444444444,3.4354198694866422,True
176.25,-10.0,0.0028947429576267,0.0028947429576267,0.004207641351968,0.002071171067655,0.0024054164532572,0.0009383342119049,1.0,0,395,395,5.981414211254481,11.25,35.111111111111114,3.586600604993518,True
176.25,-9.0,0.0017312103106329,0.0017312103106329,0.0024454151280224,0.0011928941821679,0.0015553216217085,0.0005262475989618,1.0,0,384,384,5.953243334287785,11.25,34.13333333333333,3.5591503474391524,True
176.25,-8.0,1.7125091593091685e-05,1.7125091593091685e-05,0.0007006174419075,-0.0010613002814352,0.000412058114307,0.0007716076659718,0.6666666666666666,1,447,447,6.104793232414985,11.25,39.733333333333334,3.707046758069385,True
176.25,-7.0,0.0054276020576556,0.0054276020576556,0.0057660317979753,0.0052667260169982,0.0052500483579933,0.0002394028027225,1.0,0,468,468,6.150602768446279,11.25,41.6,3.751854253275325,True
176.25,-6.0,0.0038918529947598,0.0038918529947598,0.0052364622242748,0.004127912223339,0.0023111845366656,0.001205848347832,1.0,0,473,473,6.161207321695077,11.25,42.044444444444444,3.762233173636676,True
176.25,-5.0,0.0043743551553537,0.0043743551553537,0.0049281623214483,0.0045176870189607,0.0036772161256521,0.0005206563892741,1.0,0,546,546,6.304448802421981,11.25,48.53333333333333,3.902645843615549,True
176.25,-4.0,0.005085127428174,0.005085127428174,0.0046085189096629,0.0056701586581766,0.0049767047166824,0.0004401411532538,1.0,0,578,578,6.361302477572996,11.25,51.37777777777778,3.9584824131658114,True
176.25,-3.0,0.0052322791889309,0.0052322791889309,0.0045367693528532,0.0060903592966496,0.0050697089172899,0.0006445837149056,1.0,0,597,597,6.393590753950631,11.25,53.06666666666667,3.990217853013203,True
176.25,-2.0,0.005071519408375,0.005071519408375,0.0042169857770204,0.0060903592966496,0.0049072131514549,0.0007735758939536,1.0,0,684,684,6.529418838262226,11.25,60.8,4.123903364463645,True
176.25,-1.0,0.0046492510785659,0.0046492510785659,0.0045165936462581,0.0049310005269944,0.0045001590624451,0.0001993398900598,1.0,0,662,662,6.4967749901858625,11.25,58.84444444444444,4.091748603041279,True
176.25,0.0,0.0020669190368304,0.0020669190368304,0.0025481283664703,0.0026425214018672,0.0010101073421537,0.000748271666258,1.0,0,718,718,6.577861357721047,11.25,63.82222222222222,4.171648480097402,True
176.25,1.0,0.0003716995900807,0.0003716995900807,0.0008763052755966,-0.0003206556430086,0.0005594491376541,0.0005063702727106,0.6666666666666666,1,593,593,6.386879319362645,11.25,52.71111111111111,3.9836198909331633,True
176.25,2.0,-0.0008613389994328,-0.0008613389994328,-0.0014168099733069,-0.001333464635536,0.0001662576105445,0.0007274167562728,0.3333333333333333,1,668,668,6.505784060128229,11.25,59.37777777777778,4.100621119656028,True
176.25,3.0,-0.0017985028098337,-0.0017985028098337,-0.0026867981068789,-0.0018859178526327,-0.0008227924699895,0.0007634833750076,0.0,0,569,569,6.345636360828596,11.25,50.577777777777776,3.9430909165041172,True
176.25,4.0,0.000626649086674,0.000626649086674,-0.0001273803063668,0.0009163101785816,0.0010910173878073,0.0005379286795453,0.6666666666666666,1,489,489,6.194405391104672,11.25,43.46666666666667,3.7947398448134138,True
176.25,5.0,0.0004508312849793,0.0004508312849793,-0.0002187481441069,0.0004816347500309,0.001089607249014,0.0005345777765499,0.6666666666666666,1,482,482,6.180016653652572,11.25,42.84444444444444,3.7806480162522957,True
176.25,6.0,-9.255771631918226e-05,-9.255771631918226e-05,-0.0008316828170791,9.2104404757265e-05,0.0004619052633643,0.0005440083361412,0.6666666666666666,1,414,414,6.028278520230698,11.25,36.8,3.632309102625542,True
176.25,7.0,-0.0008529212160889,-0.0008529212160889,-0.0009155730367638,-0.0014814886962994,-0.0001617019152035,0.0005406189199206,0.0,0,434,434,6.075346031088684,11.25,38.577777777777776,3.6782677935193417,True
176.25,8.0,-0.0010754521742152,-0.0010754521742152,-0.0011571296490728,-0.0014814886962994,-0.0005877381772734,0.0003694147668851,0.0,0,362,362,5.8944028342648505,11.25,32.17777777777778,3.5018803077688707,True
176.25,9.0,-0.0010754521742152,-0.0010754521742152,-0.0011571296490728,-0.0014814886962994,-0.0005877381772734,0.0003694147668851,0.0,0,345,345,5.846438775057724,11.25,30.666666666666668,3.455264602932431,True
176.25,10.0,-0.0011810930639815,-0.0011810930639815,-0.0014740523183718,-0.0014814886962994,-0.0005877381772734,0.0004195762474326,0.0,0,350,350,5.860786223465865,11.25,31.11111111111111,3.4692021107762128,True
187.5,-10.0,0.002749504482684,0.002749504482684,0.0036922306753695,0.001815085648559,0.0027411971241235,0.0007663637613537,1.0,0,438,438,6.0844994130751715,11.25,38.93333333333333,3.687211397013239,True
187.5,-9.0,0.0016619463373596,0.0016619463373596,0.002157928654924,0.0009368085302412,0.0018911018269136,0.0005241932013554,1.0,0,454,454,6.12029741895095,11.25,40.355555555555554,3.722206766871931,True
187.5,-8.0,7.988537739341457e-05,7.988537739341457e-05,0.0006896561826579,-0.0013174013001844,0.0008674012497067,0.0009906919708693,0.6666666666666666,1,440,440,6.089044875446846,11.25,39.111111111111114,3.6916533809966614,True
187.5,-7.0,0.005353277704368,0.005353277704368,0.0057550710625946,0.0050106164999306,0.0052941455505788,0.0003067850579549,1.0,0,484,484,6.184148890937483,11.25,43.022222222222226,3.784694556928231,True
187.5,-6.0,0.0041675919201225,0.0041675919201225,0.0049645649269223,0.0045651490800082,0.0029730617534369,0.0008602557736057,1.0,0,551,551,6.313548046277095,11.25,48.977777777777774,3.911578462188996,True
187.5,-5.0,0.0034440447731564,0.0034440447731564,0.0040146503597497,0.0036337769124656,0.0026837070472538,0.0005596732610994,1.0,0,548,548,6.3080984415095305,11.25,48.71111111111111,3.90622847171981,True
187.5,-4.0,0.0040789818546424,0.0040789818546424,0.0042248461395502,0.0045783868990838,0.0034337125252932,0.0004785583543045,1.0,0,623,623,6.436150368369428,11.25,55.37777777777778,4.032075069828962,True
187.5,-3.0,0.0042261323736359,0.0042261323736359,0.0041530965827405,0.0049985842779278,0.0035267162602394,0.0006031028300587,1.0,0,664,664,6.499787040655854,11.25,59.022222222222226,4.094714864022296,True
187.5,-2.0,0.0040653728259106,0.0040653728259106,0.0038333130069077,0.0049985842779278,0.0033642211928963,0.000687107217798,1.0,0,788,788,6.670766320845874,11.25,70.04444444444445,4.2633056592895215,True
187.5,-1.0,0.0034394361233959,0.0034394361233959,0.0036897365935146,0.0038392345886677,0.0027893371880054,0.0004637232522281,1.0,0,723,723,6.584791392385716,11.25,64.26666666666667,4.178481441428301,True
187.5,0.0,0.0013889394273671,0.0013889394273671,0.0018632365390658,0.0005301596247591,0.0017734221182763,0.0006083550057715,1.0,0,801,801,6.687108607866515,11.25,71.2,4.279440045898781,True
187.5,1.0,0.000641488256709,0.000641488256709,0.0004977799835614,-0.0003083983901888,0.0017350831767544,0.0008404138978057,0.6666666666666666,1,691,691,6.539585955617669,11.25,61.422222222222224,4.133921337333924,True
187.5,2.0,-0.0005189494307463,-0.0005189494307463,-0.0005907224840484,-0.0015274926554411,0.0005613668472506,0.0008542821680146,0.3333333333333333,1,713,713,6.570882962339584,11.25,63.37777777777778,4.164768507999031,True
187.5,3.0,-0.0011344435236727,-0.0011344435236727,-0.0012019100831821,-0.0016549611464142,-0.0005464593414217,0.0004550515468288,0.0,0,614,614,6.421622267806518,11.25,54.577777777777776,4.0177834411073,True
187.5,4.0,0.0010302616477323,0.0010302616477323,0.0005761631182394,0.0011472713667899,0.0013673504581674,0.0003334294602871,1.0,0,609,609,6.413458957167357,11.25,54.13333333333333,4.0097544939214815,True
187.5,5.0,0.0008340130152646,0.0008340130152646,0.0004234998195897,0.0007125992560759,0.0013659399701282,0.0003942117324712,1.0,0,471,471,6.156978985585555,11.25,41.86666666666667,3.7580945231354095,True
187.5,6.0,0.0003790618211496,0.0003790618211496,-0.0005237684235908,0.0003230691945645,0.0013378846924751,0.0007610472879804,0.6666666666666666,1,483,483,6.182084906716632,11.25,42.93333333333333,3.782673333400297,True
187.5,7.0,-0.0003813018362658,-0.0003813018362658,-0.0006076588761061,-0.0012505239574238,0.0007142773247323,0.0008179401574298,0.3333333333333333,1,474,474,6.163314804034641,11.25,42.13333333333333,3.7642960933986904,True
187.5,8.0,-0.00060383270223,-0.00060383270223,-0.0008492152555845,-0.0012505239574238,0.0002882411063183,0.0006517202510619,0.3333333333333333,1,486,486,6.18826412308259,11.25,43.2,3.7887247890836524,True
187.5,9.0,-0.00060383270223,-0.00060383270223,-0.0008492152555845,-0.0012505239574238,0.0002882411063183,0.0006517202510619,0.3333333333333333,1,443,443,6.095824562432225,11.25,39.37777777777778,3.6982795786258515,True
187.5,10.0,-0.0007094736113989,-0.0007094736113989,-0.0011661379830911,-0.0012505239574238,0.0002882411063183,0.0007063314810239,0.3333333333333333,1,397,397,5.986452005284438,11.25,35.28888888888889,3.5915116032001455,True
198.75,-10.0,0.0026078818288321,0.0026078818288321,0.0036773888859897,0.0013827519724145,0.002763504628092,0.0009432226612426,1.0,0,400,400,5.993961427306569,11.25,35.55555555555556,3.5988331734291528,True
198.75,-9.0,0.0015841203664119,0.0015841203664119,0.0023344764485955,0.0005044748540967,0.0019134097965434,0.0007825386489131,1.0,0,384,384,5.953243334287785,11.25,34.13333333333333,3.5591503474391524,True
198.75,-8.0,-8.143441906819741e-05,-8.143441906819741e-05,0.0006157218595035,-0.001749733579345,0.0008897084626369,0.0011849567448672,0.6666666666666666,1,415,415,6.030685260261263,11.25,36.888888888888886,3.6346578999472974,True
198.75,-7.0,0.0043500030102829,0.0043500030102829,0.004302654415369,0.0045782858505845,0.0041690687648952,0.0001703840228919,1.0,0,466,466,6.1463292576688975,11.25,41.422222222222224,3.747672333955428,True
198.75,-6.0,0.0028948921632642,0.0028948921632642,0.0034525832161307,0.0034224987030029,0.0018095945706591,0.0007675195623428,1.0,0,489,489,6.194405391104672,11.25,43.46666666666667,3.7947398448134138,True
198.75,-5.0,0.001648871654955,0.001648871654955,0.0022771928925067,0.0018539122538641,0.0008155098184943,0.0006140904317847,1.0,0,546,546,6.304448802421981,11.25,48.53333333333333,3.902645843615549,True
198.75,-4.0,0.0015387272190613,0.0015387272190613,0.001336149056442,0.002798520727083,0.0004815118736587,0.0009566995141942,1.0,0,588,588,6.3784261836515865,11.25,52.266666666666666,3.9753107446640645,True
198.75,-3.0,0.0015742518783857,0.0015742518783857,0.0009295230847783,0.0032187160104513,0.0005745165399275,0.0011718088931105,1.0,0,580,580,6.364750756851911,11.25,51.55555555555556,3.9618708111557135,True
198.75,-2.0,0.0013520982077655,0.0013520982077655,0.0006097384612075,0.0032187160104513,0.0002278401516377,0.0013290743886105,1.0,0,723,723,6.584791392385716,11.25,64.26666666666667,4.178481441428301,True
198.75,-1.0,0.00058021042787,0.00058021042787,0.0001853134453995,0.0020593684166669,-0.0005040505784563,0.0010831241714635,0.6666666666666666,1,675,675,6.516193076042964,11.25,60.0,4.110873864173311,True
198.75,0.0,0.0002587418809222,0.0002587418809222,-0.0003660226939246,0.0007152528269216,0.0004269955097697,0.0004571805994065,0.6666666666666666,1,768,768,6.645090969505644,11.25,68.26666666666667,4.237963789997018,True
198.75,1.0,-6.67821877868846e-05,-6.67821877868846e-05,-0.00046570689301,-0.0001232959766639,0.0003886563063133,0.0003510740428451,0.3333333333333333,1,640,640,6.46302945692067,11.25,56.888888888888886,4.058525464417148,True
198.75,2.0,-0.0006677643589985,-0.0006677643589985,-0.0010427307570353,-0.0013423992786556,0.0003818369586952,0.0007521956750256,0.3333333333333333,1,648,648,6.47543271670409,11.25,57.6,4.070734696582967,True
198.75,3.0,-0.0012444733292795,-0.0012444733292795,-0.0011369762942194,-0.0018704545218497,-0.0007259891717694,0.0004733687384366,0.0,0,576,576,6.3578422665081,11.25,51.2,3.955082494888593,True
198.75,4.0,0.0008902633368658,0.0008902633368658,0.0005511910421773,0.0009317780495621,0.001187820918858,0.0002615556072148,1.0,0,543,543,6.298949246855942,11.25,48.266666666666666,3.897247719845992,True
198.75,5.0,0.0008569751904966,0.0008569751904966,0.0008874084451235,0.000497106811963,0.0011864103144034,0.000282228591582,1.0,0,463,463,6.139884552226255,11.25,41.15555555555556,3.7413664801646944,True
198.75,6.0,0.0004020245833089,0.0004020245833089,-5.985952157061547e-05,0.0001075787004083,0.0011583545710891,0.0005391568586577,0.6666666666666666,1,448,448,6.1070228877422545,11.25,39.82222222222222,3.709226595444806,True
198.75,7.0,-0.0002644249713436,-0.0002644249713436,0.0001379918394377,-0.0014660143060609,0.0005347475525923,0.0008649533594208,0.6666666666666666,1,410,410,6.018593214496234,11.25,36.44444444444444,3.6228583530161425,True
198.75,8.0,-0.0004869559294699,-0.0004869559294699,-0.0001035647510434,-0.0014660143060609,0.0001087112686946,0.0006977018253851,0.3333333333333333,1,377,377,5.934894195619588,11.25,33.51111111111111,3.5412813333783673,True
198.75,9.0,-0.0004869559294699,-0.0004869559294699,-0.0001035647510434,-0.0014660143060609,0.0001087112686946,0.0006977018253851,0.3333333333333333,1,337,337,5.823045895483019,11.25,29.955555555555556,3.432552484009486,True
198.75,10.0,-0.0005925968119602,-0.0005925968119602,-0.0004204873985145,-0.0014660143060609,0.0001087112686946,0.0006542967708895,0.3333333333333333,1,347,347,5.8522024797744745,11.25,30.844444444444445,3.460862938057852,True
210.0,-10.0,0.0027168674472098,0.0027168674472098,0.003933401312679,0.0014536964008584,0.002763504628092,0.001012872279677,1.0,0,366,366,5.905361848054571,11.25,32.53333333333333,3.512539968997529,True
210.0,-9.0,0.0016931068385019,0.0016931068385019,0.0025904881767928,0.0005754225421696,0.0019134097965434,0.0008372663546531,1.0,0,401,401,5.996452088619021,11.25,35.644444444444446,3.6012618327892794,True
210.0,-8.0,1.8595135770738125e-05,1.8595135770738125e-05,0.000987377949059,-0.0016787825152277,0.0007471899734809,0.0012042260954613,0.6666666666666666,1,439,439,6.0867747269123065,11.25,39.022222222222226,3.6894348554056364,True
210.0,-7.0,0.0040012210762749,0.0040012210762749,0.0035602438729256,0.0046492321416735,0.0037941872142255,0.0004680606281198,1.0,0,449,449,6.1092475827643655,11.25,39.91111111111111,3.711401691462758,True
210.0,-6.0,0.0027489435936634,0.0027489435936634,0.0032247649505734,0.0035873537417501,0.0014347120886668,0.0009410175323963,1.0,0,479,479,6.173786103901937,11.25,42.577777777777776,3.7745473364260267,True
210.0,-5.0,0.0014331413355345,0.0014331413355345,0.00204937485978,0.0016550569562241,0.0005949921905994,0.0006141346997376,1.0,0,514,514,6.244166900663736,11.25,45.68888888888889,3.843506211074681,True
210.0,-4.0,0.0016961708897724,0.0016961708897724,0.0019640838727355,0.0025996644981205,0.0005247642984613,0.0008679998980286,1.0,0,587,587,6.376726947898627,11.25,52.17777777777778,3.9736405981380534,True
210.0,-3.0,0.0017316953356688,0.0017316953356688,0.001557457842864,0.0030198593158274,0.0006177688483148,0.0009883584644762,1.0,0,647,647,6.473890696352274,11.25,57.51111111111111,4.069216669725989,True
210.0,-2.0,0.0015095416553473,0.0015095416553473,0.0012376732192933,0.0030198593158274,0.0002710924309212,0.0011385265863624,1.0,0,719,719,6.579251212010101,11.25,63.91111111111111,4.173018812617421,True
210.0,-1.0,0.000706501576739,0.000706501576739,0.000542078516446,0.0018605128861963,-0.0002830866724252,0.0008828102755774,0.6666666666666666,1,651,651,6.480044561926653,11.25,57.86666666666667,4.07527499950175,True
210.0,0.0,0.0006869852853318,0.0006869852853318,0.0010321660665795,0.0006039212457835,0.0004248685436323,0.0002547904973947,1.0,0,799,799,6.684611727667927,11.25,71.02222222222223,4.276974713371228,True
210.0,1.0,0.0002376948444483,0.0002376948444483,0.0001001942582661,0.0002263611095258,0.0003865291655529,0.0001171701325514,1.0,0,620,620,6.431331081933479,11.25,55.111111111111114,4.02733385193914,True
210.0,2.0,-0.0003796700135959,-0.0003796700135959,-0.000476829620311,-0.0010440173791721,0.0003818369586952,0.0005861428381583,0.3333333333333333,1,656,656,6.487684018484611,11.25,58.31111111111111,4.082796659634204,True
210.0,3.0,-0.0010558396267394,-0.0010558396267394,-0.000571075186599,-0.0018704545218497,-0.0007259891717694,0.0005794811795632,0.0,0,504,504,6.22455842927536,11.25,44.8,3.8242840911201395,True
210.0,4.0,0.0010788970976136,0.0010788970976136,0.0011170923244208,0.0009317780495621,0.001187820918858,0.0001079618582106,1.0,0,503,503,6.222576268071369,11.25,44.71111111111111,3.8223413998826374,True
210.0,5.0,0.0008493548763605,0.0008493548763605,0.0008645475027151,0.000497106811963,0.0011864103144034,0.0002816119570624,1.0,0,440,440,6.089044875446846,11.25,39.111111111111114,3.6916533809966614,True
210.0,6.0,0.00039440417216,0.00039440417216,-8.272075501736253e-05,0.0001075787004083,0.0011583545710891,0.0005457524650741,0.6666666666666666,1,436,436,6.07993319509559,11.25,38.75555555555555,3.682749593738399,True
210.0,7.0,-0.0002720453994697,-0.0002720453994697,0.0001151305550592,-0.0014660143060609,0.0005347475525923,0.0008614680952051,0.6666666666666666,1,426,426,6.056784013228625,11.25,37.86666666666667,3.660136985248282,True
210.0,8.0,-0.0004945763333428,-0.0004945763333428,-0.0001264259626623,-0.0014660143060609,0.0001087112686946,0.0006935854576145,0.3333333333333333,1,403,403,6.0014148779611505,11.25,35.82222222222222,3.6061015276562434,True
210.0,9.0,-0.0004945763333428,-0.0004945763333428,-0.0001264259626623,-0.0014660143060609,0.0001087112686946,0.0006935854576145,0.3333333333333333,1,382,382,5.948034989180646,11.25,33.955555555555556,3.554077413287958,True
210.0,10.0,-0.0006002172425117,-0.0006002172425117,-0.0004433486901689,-0.0014660143060609,0.0001087112686946,0.0006523781960299,0.3333333333333333,1,344,344,5.84354441703136,11.25,30.57777777777778,3.452453638326781,True
221.25,-10.0,0.0028503261661777,0.0028503261661777,0.0037307736929506,0.0020060671959072,0.0028141376096755,0.0007045733148282,1.0,0,382,382,5.948034989180646,11.25,33.955555555555556,3.554077413287958,True
221.25,-9.0,0.0019007441199695,0.0019007441199695,0.0026103984564542,0.0011277914745733,0.0019640424288809,0.0006069244173776,1.0,0,396,396,5.983936280687191,11.25,35.2,3.5890591188317256,True
221.25,-8.0,0.0001355912730408,0.0001355912730408,0.0010072877630591,-0.0011264062486588,0.0005258923047222,0.0009137518647163,0.6666666666666666,1,438,438,6.0844994130751715,11.25,38.93333333333333,3.687211397013239,True
221.25,-7.0,0.0041068556408087,0.0041068556408087,0.0035801532212644,0.0052016088739037,0.0035388048272579,0.0007742914625431,1.0,0,459,459,6.131226489483141,11.25,40.8,3.7328963395307104,True
221.25,-6.0,0.0033307954824219,0.0033307954824219,0.0037257971707731,0.0041397176682949,0.0021268716081976,0.0008679120791733,1.0,0,498,498,6.212606095751519,11.25,44.266666666666666,3.812570926456486,True
221.25,-5.0,0.0022538288030773,0.0022538288030773,0.0027194467838853,0.0022074212320148,0.0018346183933317,0.0003627171231794,1.0,0,512,512,6.240275845170769,11.25,45.51111111111111,3.83969123267568,True
221.25,-4.0,0.002680990146473,0.002680990146473,0.0029183579608798,0.0031520291231572,0.001972583355382,0.0005099220131666,1.0,0,545,545,6.302618975744905,11.25,48.44444444444444,3.900849704830021,True
221.25,-3.0,0.0027165142043183,0.0027165142043183,0.0025117313489317,0.0035722234752029,0.0020655877888202,0.0006318965032691,1.0,0,626,626,6.440946540632921,11.25,55.644444444444446,4.036793914605796,True
221.25,-2.0,0.0024943606307109,0.0024943606307109,0.0021919468417763,0.0035722234752029,0.0017189115751534,0.0007862492499284,1.0,0,774,774,6.652863029353347,11.25,68.8,4.2456340097683265,True
221.25,-1.0,0.0018430279257396,0.0018430279257396,0.0017430016305297,0.0024128768127411,0.0013732053339481,0.0004302969058328,1.0,0,661,661,6.495265555937008,11.25,58.75555555555555,4.090262166498545,True
221.25,0.0,0.0020159780591105,0.0020159780591105,0.0018293674802407,0.0021157208830118,0.002102845814079,0.0001320582521959,1.0,0,855,855,6.752270376141742,11.25,76.0,4.343805421853684,True
221.25,1.0,0.0013677654011795,0.0013677654011795,0.0008973963558673,0.0014805744867771,0.0017253253608942,0.0003472856909291,1.0,0,652,652,6.481577129276431,11.25,57.955555555555556,4.07678386436742,True
221.25,2.0,0.0003670406149467,0.0003670406149467,0.0003203721425961,-8.458552474621683e-05,0.0008653352269902,0.000389205017421,0.6666666666666666,1,649,649,6.476972362889683,11.25,57.68888888888889,4.072250422526812,True
221.25,3.0,-0.0008582631829388,-0.0008582631829388,-8.275555592263117e-05,-0.0018704545218497,-0.0006215794710442,0.0007487684478757,0.0,0,556,556,6.322565239927284,11.25,49.422222222222224,3.920431995009522,True
221.25,4.0,0.0012764735341382,0.0012764735341382,0.0016054122243076,0.0009317780495621,0.0012922303285449,0.0002752356054652,1.0,0,525,525,6.26530121273771,11.25,46.666666666666664,3.8642323415917974,True
221.25,5.0,0.0008147541472377,0.0008147541472377,0.0007715278188697,0.000497106811963,0.0011756278108805,0.0002786862908853,1.0,0,482,482,6.180016653652572,11.25,42.84444444444444,3.7806480162522957,True
221.25,6.0,0.0003598034963943,0.0003598034963943,-0.0001757402787916,0.0001075787004083,0.0011475720675662,0.0005689182145607,0.6666666666666666,1,488,488,6.192362489474872,11.25,43.37777777777778,3.7927388436454956,True
221.25,7.0,-0.0003066461207102,-0.0003066461207102,2.211106948379893e-05,-0.0014660143060609,0.0005239648744463,0.0008450109475785,0.6666666666666666,1,394,394,5.978885764901122,11.25,35.022222222222226,3.5841360319653566,True
221.25,8.0,-0.0005291770285111,-0.0005291770285111,-0.0002194454573327,-0.0014660143060609,9.792867786018178e-05,0.0006749961228913,0.3333333333333333,1,371,371,5.918893854273146,11.25,32.977777777777774,3.5257067161587425,True
221.25,9.0,-0.0005291770285111,-0.0005291770285111,-0.0002194454573327,-0.0014660143060609,9.792867786018178e-05,0.0006749961228913,0.3333333333333333,1,378,378,5.937536205082426,11.25,33.6,3.543853682063679,True
221.25,10.0,-0.0006348179328294,-0.0006348179328294,-0.0005363681702874,-0.0014660143060609,9.792867786018178e-05,0.0006422609443974,0.3333333333333333,1,368,368,5.910796644040527,11.25,32.71111111111111,3.5178274895782122,True
232.5,-10.0,0.0029068511600295,0.0029068511600295,0.0039072944782674,0.0020060671959072,0.002807191805914,0.000779365248111,1.0,0,427,427,6.059123195581797,11.25,37.955555555555556,3.662421395150915,True
232.5,-9.0,0.0019572688809906,0.0019572688809906,0.0027869185432791,0.0011277914745733,0.0019570966251194,0.0006773358004132,1.0,0,419,419,6.040254711277414,11.25,37.24444444444445,3.64399830644122,True
232.5,-8.0,0.000307844466685,0.000307844466685,0.001405315939337,-0.0011264062486588,0.0006446237093769,0.0010606505874631,0.6666666666666666,1,466,466,6.1463292576688975,11.25,41.422222222222224,3.747672333955428,True
232.5,-7.0,0.0043746274895966,0.0043746274895966,0.0039781820960342,0.0052016088739037,0.0039440914988517,0.0005849297391977,1.0,0,514,514,6.244166900663736,11.25,45.68888888888889,3.843506211074681,True
232.5,-6.0,0.0037993192672729,0.0037993192672729,0.0044686975888907,0.0041397176682949,0.0027895425446331,0.000726541450631,1.0,0,469,469,6.152732694704104,11.25,41.68888888888889,3.753938672998237,True
232.5,-5.0,0.0027223526655385,0.0027223526655385,0.0034623469691723,0.0022074212320148,0.0024972897954285,0.0005364697090372,1.0,0,541,541,6.295266001439646,11.25,48.08888888888889,3.8936327136497972,True
232.5,-4.0,0.0034912157958994,0.0034912157958994,0.0046863639727234,0.0031520291231572,0.0026352542918175,0.000871033267639,1.0,0,648,648,6.47543271670409,11.25,57.6,4.070734696582967,True
232.5,-3.0,0.0035267404746264,0.0035267404746264,0.0042797387577593,0.0035722234752029,0.002728259190917,0.0006342048770381,1.0,0,676,676,6.517671272912275,11.25,60.08888888888889,4.112329998394926,True
232.5,-2.0,0.003304586901019,0.003304586901019,0.0039599542506039,0.0035722234752029,0.0023815829772502,0.0006715831896931,1.0,0,857,857,6.754604099487962,11.25,76.17777777777778,4.346111562973754,True
232.5,-1.0,0.0026532539632171,0.0026532539632171,0.0035110088065266,0.0024128768127411,0.0020358762703835,0.0006257474893544,1.0,0,700,700,6.55250788703459,11.25,62.22222222222222,4.146655856790112,True
232.5,0.0,0.0028577813257773,0.0028577813257773,0.0034973912406712,0.0021157208830118,0.002960231853649,0.0005686975337292,1.0,0,1024,1024,6.932447891572509,11.25,91.02222222222223,4.522030093775248,True
232.5,1.0,0.0018844776786863,0.0018844776786863,0.0020023805554956,0.0014805744867771,0.0021704779937863,0.0002937317693812,1.0,0,604,604,6.405228458030842,11.25,53.68888888888889,4.001660560620736,True
232.5,2.0,0.000630666516372,0.000630666516372,0.0010127737186849,-8.458552474621683e-05,0.0009638113551773,0.0005061544164928,0.6666666666666666,1,729,729,6.593044534142437,11.25,64.8,4.186619838331271,True
232.5,3.0,-0.0008009051562112,-0.0008009051562112,-9.15754571906291e-06,-0.0018704545218497,-0.0005231034010648,0.0007848511407522,0.0,0,665,665,6.501289670540389,11.25,59.111111111111114,4.096194701510262,True
232.5,4.0,0.0013338314408125,0.0013338314408125,0.0016790096415206,0.0009317780495621,0.0013907066313549,0.0003076955784317,1.0,0,522,522,6.259581464064923,11.25,46.4,3.858622228701031,True
232.5,5.0,0.0008721121315223,0.0008721121315223,0.0008451258181594,0.000497106811963,0.0012741037644445,0.0003177811216053,1.0,0,525,525,6.26530121273771,11.25,46.666666666666664,3.8642323415917974,True
232.5,6.0,0.0003581895725801,0.0003581895725801,-0.0002790582366287,0.0001075787004083,0.0012460482539609,0.0006473493692732,0.6666666666666666,1,530,530,6.274762021241939,11.25,47.111111111111114,3.8735131506662706,True
232.5,7.0,-0.0003785360701537,-0.0003785360701537,-0.000292034848826,-0.0014660143060609,0.0006224409444257,0.0008547994615853,0.3333333333333333,1,472,472,6.159095388491933,11.25,41.955555555555556,3.7601659894380113,True
232.5,8.0,-0.000601066960371,-0.000601066960371,-0.0005335913738235,-0.0014660143060609,0.0001964047987712,0.0006803548270879,0.3333333333333333,1,479,479,6.173786103901937,11.25,42.577777777777776,3.7745473364260267,True
232.5,9.0,-0.000601066960371,-0.000601066960371,-0.0005335913738235,-0.0014660143060609,0.0001964047987712,0.0006803548270879,0.3333333333333333,1,414,414,6.028278520230698,11.25,36.8,3.632309102625542,True
232.5,10.0,-0.0007067078501374,-0.0007067078501374,-0.0008505140431225,-0.0014660143060609,0.0001964047987712,0.0006862552906333,0.3333333333333333,1,386,386,5.958424693029782,11.25,34.31111111111111,3.5641976767663963,True
243.75,-10.0,0.0029116206957648,0.0029116206957648,0.0040990691632032,0.0020060671959072,0.0026297257281839,0.0008774063628432,1.0,0,367,367,5.908082938168931,11.25,32.62222222222222,3.515187224018036,True
243.75,-9.0,0.0019620385331412,0.0019620385331412,0.0029786934610456,0.0011277914745733,0.0017796306638047,0.0007665568098011,1.0,0,416,416,6.0330862217988015,11.25,36.977777777777774,3.637001193345271,True
243.75,-8.0,0.0003126141479394,0.0003126141479394,0.0015970915555953,-0.0011264062486588,0.0004671571368817,0.0011172205762569,0.6666666666666666,1,447,447,6.104793232414985,11.25,39.733333333333334,3.707046758069385,True
243.75,-7.0,0.0042662687289218,0.0042662687289218,0.0038305702619254,0.0052016088739037,0.0037666270509362,0.0006619003317061,1.0,0,431,431,6.068425588244111,11.25,38.31111111111111,3.6715072043894654,True
243.75,-6.0,0.0040781179753442,0.0040781179753442,0.0043210852891206,0.0041397176682949,0.0037735509686172,0.0002277342744823,1.0,0,532,532,6.278521424165844,11.25,47.28888888888889,3.87720149048611,True
243.75,-5.0,0.0031512562030305,0.0031512562030305,0.0037650491576641,0.0022074212320148,0.0034812982194125,0.0006773708920641,1.0,0,492,492,6.20050917404269,11.25,43.733333333333334,3.8007189358694715,True
243.75,-4.0,0.0041604177094995,0.0041604177094995,0.0053326664492487,0.0035293237306177,0.0036192629486322,0.0008297178623351,1.0,0,516,516,6.248042874508429,11.25,45.86666666666667,3.847306690708455,True
243.75,-3.0,0.0041959426210572,0.0041959426210572,0.0049260416999459,0.003949518315494,0.0037122678477317,0.0005252652947853,1.0,0,602,602,6.401917196727186,11.25,53.51111111111111,3.9984045544881694,True
243.75,-2.0,0.0038592569374789,0.0038592569374789,0.0042626615613698,0.003949518315494,0.0033655909355729,0.0003717474628362,1.0,0,771,771,6.648984550024776,11.25,68.53333333333333,4.241806253898562,True
243.75,-1.0,0.0032079238444566,0.0032079238444566,0.00381371518597,0.002790171187371,0.0030198851600289,0.0004385046479404,1.0,0,637,637,6.45833828334479,11.25,56.62222222222222,4.053908295768345,True
243.75,0.0,0.0035050915709386,0.0035050915709386,0.0040780152194201,0.0024930199142545,0.0039442395791411,0.0007177236047302,1.0,0,1051,1051,6.9584483932976555,11.25,93.42222222222222,4.547776450344491,True
243.75,1.0,0.0025317873029659,0.0025317873029659,0.0025830054655671,0.0018578690942376,0.0031544873490929,0.0005305796828885,1.0,0,554,554,6.318968113746434,11.25,49.24444444444445,3.9168999825076503,True
243.75,2.0,0.0008233861202218,0.0008233861202218,0.0012136381119489,0.0002927088935393,0.0009638113551773,0.0003888590929795,1.0,0,702,702,6.555356891810665,11.25,62.4,4.14946386144318,True
243.75,3.0,-0.0007339501316891,-0.0007339501316891,0.000191707527847,-0.0018704545218497,-0.0005231034010648,0.0008549738154523,0.3333333333333333,1,560,560,6.329720905522696,11.25,49.77777777777778,3.927458813557985,True
243.75,4.0,0.0014007866266183,0.0014007866266183,0.0018798751989379,0.0009317780495621,0.0013907066313549,0.0003871246619992,1.0,0,524,524,6.263398262591624,11.25,46.577777777777776,3.862365798819363,True
243.75,5.0,0.0008332693444875,0.0008332693444875,0.000728597457055,0.000497106811963,0.0012741037644445,0.0003257281269764,1.0,0,459,459,6.131226489483141,11.25,40.8,3.7328963395307104,True
243.75,6.0,0.0003193467564415,0.0003193467564415,-0.0003955866850446,0.0001075787004083,0.0012460482539609,0.0006867195450876,0.6666666666666666,1,423,423,6.049733455231958,11.25,37.6,3.653252276470785,True
243.75,7.0,-0.0004173788862923,-0.0004173788862923,-0.0004085632972419,-0.0014660143060609,0.0006224409444257,0.0008526310727308,0.3333333333333333,1,411,411,6.021023349349527,11.25,36.53333333333333,3.62522942703748,True
243.75,8.0,-0.0006399097668084,-0.0006399097668084,-0.0006501197931356,-0.0014660143060609,0.0001964047987712,0.0006787181562848,0.3333333333333333,1,443,443,6.095824562432225,11.25,39.37777777777778,3.6982795786258515,True
243.75,9.0,-0.0006399097668084,-0.0006399097668084,-0.0006501197931356,-0.0014660143060609,0.0001964047987712,0.0006787181562848,0.3333333333333333,1,388,388,5.963579343618446,11.25,34.48888888888889,3.5692196584446925,True
243.75,10.0,-0.0007455506759773,-0.0007455506759773,-0.0009670425206422,-0.0014660143060609,0.0001964047987712,0.0006965167133518,0.3333333333333333,1,333,333,5.8111409929767,11.25,29.6,3.4210000089583352,True
255.0,-10.0,0.0029495250588903,0.0029495250588903,0.0041564283892512,0.0020060671959072,0.0026860795915126,0.0008974281591196,1.0,0,374,374,5.926926025970411,11.25,33.24444444444445,3.533524345549796,True
255.0,-9.0,0.0019999431679025,0.0019999431679025,0.0030360533855855,0.0011277914745733,0.0018359846435487,0.0007876241398603,1.0,0,419,419,6.040254711277414,11.25,37.24444444444445,3.64399830644122,True
255.0,-8.0,0.0003505187924019,0.0003505187924019,0.001654451014474,-0.0011264062486588,0.0005235116113908,0.0011418513230848,0.6666666666666666,1,421,421,6.045005314036012,11.25,37.422222222222224,3.648635995912971,True
255.0,-7.0,0.0036713783629238,0.0036713783629238,0.0033523449674248,0.004510885104537,0.0031509050168097,0.0005992902415003,1.0,0,453,453,6.118097198041348,11.25,40.266666666666666,3.720055071582386,True
255.0,-6.0,0.0034201078427334,0.0034201078427334,0.0038428611587733,0.0034489929676055,0.0029684694018214,0.0003575527923589,1.0,0,461,461,6.135564891081739,11.25,40.977777777777774,3.7371403777311896,True
255.0,-5.0,0.0024156756699085,0.0024156756699085,0.0032868233975023,0.0015166962984949,0.0024435073137283,0.0007229192840874,1.0,0,517,517,6.249975242259483,11.25,45.955555555555556,3.8492015278457368,True
255.0,-4.0,0.0034248377972592,0.0034248377972592,0.0048544430173933,0.0028385990299284,0.002581471344456,0.0010163191676289,1.0,0,484,484,6.184148890937483,11.25,43.022222222222226,3.784694556928231,True
255.0,-3.0,0.003448551443095,0.003448551443095,0.0044123847037553,0.0032587936148047,0.0026744760107249,0.0007220746412829,1.0,0,564,564,6.336825731146441,11.25,50.13333333333333,3.934436600265046,True
255.0,-2.0,0.0031118656819065,0.0031118656819065,0.0037490034010261,0.0032587936148047,0.0023278000298887,0.0005894322797587,1.0,0,876,876,6.776506992372183,11.25,77.86666666666666,4.367758662876176,True
255.0,-1.0,0.0024605331321557,0.0024605331321557,0.0033000581897795,0.0020994471851736,0.001982094021514,0.0005955639809115,1.0,0,592,592,6.385194398997726,11.25,52.62222222222222,3.981963575854712,True
255.0,0.0,0.0028352711815387,0.0028352711815387,0.0035643586888909,0.0018022956792265,0.0031391591764986,0.0007507673619337,1.0,0,1119,1119,7.02108396428914,11.25,99.46666666666667,4.609825997524285,True
255.0,1.0,0.0022802635794505,0.0022802635794505,0.0024510461371392,0.0011671417159959,0.0032226028852164,0.0008477834495716,1.0,0,566,566,6.340359303727752,11.25,50.31111111111111,3.9379073195841756,True
255.0,2.0,0.0007947703931373,0.0007947703931373,0.0014463871484622,-2.588732422736939e-05,0.0009638113551773,0.0006128236102223,0.6666666666666666,1,618,618,6.428105272684596,11.25,54.93333333333333,4.024160505364996,True
255.0,3.0,-0.0007625676128858,-0.0007625676128858,0.0004244558804202,-0.0021890553180128,-0.0005231034010648,0.001080314006093,0.3333333333333333,1,552,552,6.315358001522335,11.25,49.06666666666667,3.913355450661925,True
255.0,4.0,0.0012510717885258,0.0012510717885258,0.0017493315972387,0.0006131771369837,0.0013907066313549,0.0004742257945945,1.0,0,486,486,6.18826412308259,11.25,43.2,3.7887247890836524,True
255.0,5.0,0.0007897547911852,0.0007897547911852,0.0005980537971481,0.000497106811963,0.0012741037644445,0.000344957020876,1.0,0,472,472,6.159095388491933,11.25,41.955555555555556,3.7601659894380113,True
255.0,6.0,0.000275832232243,0.000275832232243,-0.00052613025764,0.0001075787004083,0.0012460482539609,0.0007332057953381,0.6666666666666666,1,455,455,6.1224928095143865,11.25,40.44444444444444,3.724353842307596,True
255.0,7.0,-0.0004608934007895,-0.0004608934007895,-0.0005391068407334,-0.0014660143060609,0.0006224409444257,0.0008544001170264,0.3333333333333333,1,415,415,6.030685260261263,11.25,36.888888888888886,3.6346578999472974,True
255.0,8.0,-0.0006834242813056,-0.0006834242813056,-0.0007806633366271,-0.0014660143060609,0.0001964047987712,0.0006821538904761,0.3333333333333333,1,414,414,6.028278520230698,11.25,36.8,3.632309102625542,True
255.0,9.0,-0.0006834242813056,-0.0006834242813056,-0.0007806633366271,-0.0014660143060609,0.0001964047987712,0.0006821538904761,0.3333333333333333,1,357,357,5.8805329864007,11.25,31.733333333333334,3.4883939266923107,True
255.0,10.0,-0.000789065209877,-0.000789065209877,-0.0010975861223414,-0.0014660143060609,0.0001964047987712,0.000712880628202,0.3333333333333333,1,372,372,5.921578419643816,11.25,33.06666666666667,3.5283193891014943,True
266.25,-10.0,0.0029550262261182,0.0029550262261182,0.0041729318909347,0.0020060671959072,0.0026860795915126,0.0009048295864741,1.0,0,373,373,5.924255797414532,11.25,33.15555555555556,3.530925253768276,True
266.25,-9.0,0.0020054441799099,0.0020054441799099,0.0030525564216077,0.0011277914745733,0.0018359846435487,0.0007948657858116,1.0,0,381,381,5.945420608606575,11.25,33.86666666666667,3.5515312629627127,True
266.25,-8.0,0.0003560196491889,0.0003560196491889,0.0016709535848349,-0.0011264062486588,0.0005235116113908,0.0011481421739961,0.6666666666666666,1,428,428,6.061456918928017,11.25,38.044444444444444,3.6647005984167773,True
266.25,-7.0,0.0036768796853721,0.0036768796853721,0.0033688489347696,0.004510885104537,0.0031509050168097,0.0005964051571659,1.0,0,437,437,6.082218910376446,11.25,38.84444444444444,3.684982983834813,True
266.25,-6.0,0.0034256090875715,0.0034256090875715,0.0038593648932874,0.0034489929676055,0.0029684694018214,0.0003640822238292,1.0,0,469,469,6.152732694704104,11.25,41.68888888888889,3.753938672998237,True
266.25,-5.0,0.0024211769923567,0.0024211769923567,0.003303327364847,0.0015166962984949,0.0024435073137283,0.0007295599697776,1.0,0,461,461,6.135564891081739,11.25,40.977777777777774,3.7371403777311896,True
266.25,-4.0,0.0034303391197075,0.0034303391197075,0.0048709469847381,0.0028385990299284,0.002581471344456,0.0010240579173888,1.0,0,509,509,6.234410725718371,11.25,45.24444444444445,3.833941336623315,True
266.25,-3.0,0.0034540522998819,0.0034540522998819,0.0044288872741162,0.0032587936148047,0.0026744760107249,0.0007294217736683,1.0,0,577,577,6.359573868672378,11.25,51.28888888888889,3.9567838989570427,True
266.25,-2.0,0.0031948473770171,0.0031948473770171,0.0039979484863579,0.0032587936148047,0.0023278000298887,0.000683332914304,1.0,0,898,898,6.80128303447162,11.25,79.82222222222222,4.392251955216669,True
266.25,-1.0,0.0025435147496561,0.0025435147496561,0.0035490030422806,0.0020994471851736,0.001982094021514,0.0007125999210445,1.0,0,600,600,6.398594934535208,11.25,53.333333333333336,3.9951379121386528,True
266.25,0.0,0.0029182530318697,0.0029182530318697,0.003813304239884,0.0018022956792265,0.0031391591764986,0.0008357186533399,1.0,0,1169,1169,7.064759027791802,11.25,103.91111111111111,4.653113430775967,True
266.25,1.0,0.0023632452745611,0.0023632452745611,0.0026999912224709,0.0011671417159959,0.0032226028852164,0.0008722685097371,1.0,0,583,583,6.369900982828227,11.25,51.82222222222222,3.966931977589874,True
266.25,2.0,0.0008777519718326,0.0008777519718326,0.001695331884548,-2.588732422736939e-05,0.0009638113551773,0.0007053148489672,0.6666666666666666,1,492,492,6.20050917404269,11.25,43.733333333333334,3.8007189358694715,True
266.25,3.0,-0.0007721056075145,-0.0007721056075145,0.0003958418965339,-0.0021890553180128,-0.0005231034010648,0.0010698675857493,0.3333333333333333,1,514,514,6.244166900663736,11.25,45.68888888888889,3.843506211074681,True
266.25,4.0,0.0012415336483779,0.0012415336483779,0.001720717176795,0.0006131771369837,0.0013907066313549,0.0004642920554162,1.0,0,451,451,6.113682179832232,11.25,40.08888888888889,3.715737741616805,True
266.25,5.0,0.0007802167674526,0.0007802167674526,0.0005694397259503,0.000497106811963,0.0012741037644445,0.0003504770909867,1.0,0,489,489,6.194405391104672,11.25,43.46666666666667,3.7947398448134138,True
266.25,6.0,0.0002662941891079,0.0002662941891079,-0.0005547443870455,0.0001075787004083,0.0012460482539609,0.0007436874292965,0.6666666666666666,1,489,489,6.194405391104672,11.25,43.46666666666667,3.7947398448134138,True
266.25,7.0,-0.0004704314439247,-0.0004704314439247,-0.0005677209701389,-0.0014660143060609,0.0006224409444257,0.0008553791643688,0.3333333333333333,1,418,418,6.037870919922137,11.25,37.15555555555556,3.6416713711271558,True
266.25,8.0,-0.0006929623438433,-0.0006929623438433,-0.0008092775242403,-0.0014660143060609,0.0001964047987712,0.0006836452471474,0.3333333333333333,1,398,398,5.988961416889864,11.25,35.37777777777778,3.5939580876008153,True
266.25,9.0,-0.0006929623438433,-0.0006929623438433,-0.0008092775242403,-0.0014660143060609,0.0001964047987712,0.0006836452471474,0.3333333333333333,1,367,367,5.908082938168931,11.25,32.62222222222222,3.515187224018036,True
266.25,10.0,-0.0007986031559994,-0.0007986031559994,-0.0011261999607086,-0.0014660143060609,0.0001964047987712,0.0007171234528166,0.3333333333333333,1,371,371,5.918893854273146,11.25,32.977777777777774,3.5257067161587425,True
277.5,-10.0,0.0029879025338838,0.0029879025338838,0.0042715608142316,0.0020060671959072,0.0026860795915126,0.0009491884779723,1.0,0,458,458,6.129050210060545,11.25,40.71111111111111,3.730767546816189,True
277.5,-9.0,0.0020383209533368,0.0020383209533368,0.0031511867418885,0.0011277914745733,0.0018359846435487,0.0008383464234799,1.0,0,445,445,6.100318952020064,11.25,39.55555555555556,3.7026727762462723,True
277.5,-8.0,0.0003888965778363,0.0003888965778363,0.001769584370777,-0.0011264062486588,0.0005235116113908,0.0011861088545911,0.6666666666666666,1,479,479,6.173786103901937,11.25,42.577777777777776,3.7745473364260267,True
277.5,-7.0,0.0037097565364092,0.0037097565364092,0.003467479487881,0.004510885104537,0.0031509050168097,0.0005810393480286,1.0,0,500,500,6.2166061010848646,11.25,44.44444444444444,3.816490578706582,True
277.5,-6.0,0.0034584855505575,0.0034584855505575,0.0039579942822456,0.0034489929676055,0.0029684694018214,0.000404027601444,1.0,0,505,505,6.226536669287466,11.25,44.888888888888886,3.826223015624813,True
277.5,-5.0,0.0024540536105632,0.0024540536105632,0.0034019572194665,0.0015166962984949,0.0024435073137283,0.0007696906752362,1.0,0,561,561,6.331501849893691,11.25,49.86666666666667,3.929207830182247,True
277.5,-4.0,0.003463215737914,0.003463215737914,0.0049695768393576,0.0028385990299284,0.002581471344456,0.0010703181731353,1.0,0,554,554,6.318968113746434,11.25,49.24444444444445,3.9168999825076503,True
277.5,-3.0,0.0034869290733089,0.0034869290733089,0.004527517594397,0.0032587936148047,0.0026744760107249,0.000773509370025,1.0,0,584,584,6.371611847231857,11.25,51.91111111111111,3.968613356716543,True
277.5,-2.0,0.0032277244608849,0.0032277244608849,0.0040965797379612,0.0032587936148047,0.0023278000298887,0.0007224354103384,1.0,0,617,617,6.42648845745769,11.25,54.84444444444444,4.022570047773272,True
277.5,-1.0,0.0025763917559136,0.0025763917559136,0.0036476340610533,0.0020994471851736,0.001982094021514,0.0007589962663483,1.0,0,603,603,6.403574197934815,11.25,53.6,4.000033882750859,True
277.5,0.0,0.0029511294172455,0.0029511294172455,0.0039119333960115,0.0018022956792265,0.0031391591764986,0.000871458247917,1.0,0,1969,1969,7.585788821732034,11.25,175.0222222222222,5.17061024969396,True
277.5,1.0,0.0023961219703778,0.0023961219703778,0.0027986213099211,0.0011671417159959,0.0032226028852164,0.000886090455613,1.0,0,561,561,6.331501849893691,11.25,49.86666666666667,3.929207830182247,True
277.5,2.0,0.0009106288616749,0.0009106288616749,0.0017939625540748,-2.588732422736939e-05,0.0009638113551773,0.0007439017310104,0.6666666666666666,1,550,550,6.311734809152915,11.25,48.888888888888886,3.909798310406035,True
277.5,3.0,-0.0007392287564774,-0.0007392287564774,0.0004944724496454,-0.0021890553180128,-0.0005231034010648,0.0011061533790234,0.3333333333333333,1,567,567,6.342121418721152,11.25,50.4,3.9396381724611196,True
277.5,4.0,0.0012744105382201,0.0012744105382201,0.0018193478463217,0.0006131771369837,0.0013907066313549,0.0004992364376225,1.0,0,549,549,6.309918278226516,11.25,48.8,3.9080149840306073,True
277.5,5.0,0.0008130936184898,0.0008130936184898,0.0006680702790617,0.000497106811963,0.0012741037644445,0.0003333715572506,1.0,0,499,499,6.214608098422191,11.25,44.355555555555554,3.8145326730395253,True
277.5,6.0,0.0002991710110412,0.0002991710110412,-0.0004561139212455,0.0001075787004083,0.0012460482539609,0.000707987630681,0.6666666666666666,1,458,458,6.129050210060545,11.25,40.71111111111111,3.730767546816189,True
277.5,7.0,-0.0004375545831862,-0.0004375545831862,-0.0004690903879236,-0.0014660143060609,0.0006224409444257,0.0008528998431065,0.3333333333333333,1,464,464,6.142037405587356,11.25,41.24444444444445,3.7434728527181096,True
277.5,8.0,-0.0006600854734036,-0.0006600854734036,-0.0007106469129212,-0.0014660143060609,0.0001964047987712,0.0006796208081974,0.3333333333333333,1,443,443,6.095824562432225,11.25,39.37777777777778,3.6982795786258515,True
277.5,9.0,-0.0006600854734036,-0.0006600854734036,-0.0007106469129212,-0.0014660143060609,0.0001964047987712,0.0006796208081974,0.3333333333333333,1,433,433,6.073044534100405,11.25,38.48888888888889,3.6760193383843314,True
277.5,10.0,-0.0007657263437674,-0.0007657263437674,-0.0010275695240125,-0.0014660143060609,0.0001964047987712,0.0007034821524902,0.3333333333333333,1,372,372,5.921578419643816,11.25,33.06666666666667,3.5283193891014943,True
288.75,-10.0,0.0027647133295734,0.0027647133295734,0.0036019932013005,0.0020060671959072,0.0026860795915126,0.000653902338398,1.0,0,375,375,5.929589143389895,11.25,33.333333333333336,3.5361166995615263,True
288.75,-9.0,0.0018151314385856,0.0018151314385856,0.0024816181976348,0.0011277914745733,0.0018359846435487,0.0005528941074845,1.0,0,398,398,5.988961416889864,11.25,35.37777777777778,3.5939580876008153,True
288.75,-8.0,0.0001657072571106,0.0001657072571106,0.0011000164085999,-0.0011264062486588,0.0005235116113908,0.0009434890669372,0.6666666666666666,1,452,452,6.115892125483034,11.25,40.17777777777778,3.71789873651504,True
288.75,-7.0,0.0033835669358571,0.0033835669358571,0.002797911176458,0.004510885104537,0.0028419045265764,0.0007973366264384,1.0,0,463,463,6.139884552226255,11.25,41.15555555555556,3.7413664801646944,True
288.75,-6.0,0.0031322965708871,0.0031322965708871,0.0032884271349757,0.0034489929676055,0.0026594696100801,0.0003407045130329,1.0,0,448,448,6.1070228877422545,11.25,39.82222222222222,3.709226595444806,True
288.75,-5.0,0.0021278642428418,0.0021278642428418,0.0027323893737047,0.0015166962984949,0.0021345070563256,0.000496326846951,1.0,0,507,507,6.230481447578482,11.25,45.06666666666667,3.8300896226654597,True
288.75,-4.0,0.0031370262149721,0.0031370262149721,0.0043000080622732,0.0028385990299284,0.0022724715527147,0.0008542131517671,1.0,0,519,519,6.253828811575473,11.25,46.13333333333333,3.8529804647943626,True
288.75,-3.0,0.0031607397055874,0.0031607397055874,0.003857949282974,0.0032587936148047,0.0023654762189835,0.0006132318150688,1.0,0,479,479,6.173786103901937,11.25,42.577777777777776,3.7745473364260267,True
288.75,-2.0,0.0029032037903865,0.0029032037903865,0.0034320179838687,0.0032587936148047,0.002018799772486,0.0006293539124468,1.0,0,572,572,6.35088571671474,11.25,50.84444444444444,3.94824778225111,True
288.75,-1.0,0.002251871357051,0.002251871357051,0.0029830732382833,0.0020994471851736,0.001673093647696,0.0005455495566052,1.0,0,541,541,6.295266001439646,11.25,48.08888888888889,3.8936327136497972,True
288.75,0.0,0.0027296094534297,0.0027296094534297,0.0032473735045641,0.0018022956792265,0.0031391591764986,0.0006571964252641,1.0,0,1179,1179,7.07326971745971,11.25,104.8,4.661550519424199,True
288.75,1.0,0.0021746015409007,0.0021746015409007,0.0021340600214898,0.0011671417159959,0.0032226028852164,0.0008396280389317,1.0,0,586,586,6.375024819828097,11.25,52.08888888888889,3.97196765755549,True
288.75,2.0,0.0007752988052137,0.0007752988052137,0.0013879723846912,-2.588732422736939e-05,0.0009638113551773,0.0005923977015745,0.6666666666666666,1,508,508,6.2324480165505225,11.25,45.15555555555556,3.8320173341057924,True
288.75,3.0,-0.0008745588371918,-0.0008745588371918,8.848220750223845e-05,-0.0021890553180128,-0.0005231034010648,0.0009624396042418,0.3333333333333333,1,524,524,6.263398262591624,11.25,46.577777777777776,3.862365798819363,True
288.75,4.0,0.0012063555380639,0.0012063555380639,0.0016151828458532,0.0006131771369837,0.0013907066313549,0.0004293350318418,1.0,0,484,484,6.184148890937483,11.25,43.022222222222226,3.784694556928231,True
288.75,5.0,0.0007450386377361,0.0007450386377361,0.0004639053368009,0.000497106811963,0.0012741037644445,0.0003743510079345,1.0,0,477,477,6.169610732491456,11.25,42.4,3.770459441106359,True
288.75,6.0,0.0002311160981965,0.0002311160981965,-0.0006602786597795,0.0001075787004083,0.0012460482539609,0.0007831418313443,0.6666666666666666,1,705,705,6.559615237493242,11.25,62.666666666666664,4.15366113937852,True
288.75,7.0,-0.0005056095542386,-0.0005056095542386,-0.0006732553010806,-0.0014660143060609,0.0006224409444257,0.0008608097566234,0.3333333333333333,1,440,440,6.089044875446846,11.25,39.111111111111114,3.6916533809966614,True
288.75,8.0,-0.0007281404347547,-0.0007281404347547,-0.0009148117969743,-0.0014660143060609,0.0001964047987712,0.0006913966387597,0.3333333333333333,1,424,424,6.052089168924417,11.25,37.68888888888889,3.6555524499978693,True
288.75,9.0,-0.0007281404347547,-0.0007281404347547,-0.0009148117969743,-0.0014660143060609,0.0001964047987712,0.0006913966387597,0.3333333333333333,1,403,403,6.0014148779611505,11.25,35.82222222222222,3.6061015276562434,True
288.75,10.0,-0.000858406094873,-0.000858406094873,-0.0013056087773293,-0.0014660143060609,0.0001964047987712,0.0007487331520307,0.3333333333333333,1,337,337,5.823045895483019,11.25,29.955555555555556,3.432552484009486,True
300.0,-10.0,0.0026669691627224,0.0026669691627224,0.0033087607007473,0.0020060671959072,0.0026860795915126,0.0005319940464921,1.0,0,220,220,5.3981627015177525,5.625,39.111111111111114,3.6916533809966614,True
300.0,-9.0,0.0017173871941243,0.0017173871941243,0.002188385464251,0.0011277914745733,0.0018359846435487,0.0004410320615651,1.0,0,194,194,5.272999558563747,5.625,34.48888888888889,3.5692196584446925,True
300.0,-8.0,6.796291563659906e-05,6.796291563659906e-05,0.0008067833841778,-0.0011264062486588,0.0005235116113908,0.0008524275139386,0.6666666666666666,1,242,242,5.493061443340548,5.625,43.022222222222226,3.784694556928231,True
300.0,-7.0,0.0032858225361754,0.0032858225361754,0.0025046779774129,0.004510885104537,0.0028419045265764,0.0008771218686384,1.0,0,262,262,5.572154032177765,5.625,46.577777777777776,3.862365798819363,True
300.0,-6.0,0.0030345522488156,0.0030345522488156,0.0029951941687613,0.0034489929676055,0.0026594696100801,0.0003235208152692,1.0,0,212,212,5.3612921657094255,5.625,37.68888888888889,3.6555524499978693,True
300.0,-5.0,0.0020301198431601,0.0020301198431601,0.0024391561746597,0.0015166962984949,0.0021345070563256,0.0003837582342116,1.0,0,269,269,5.598421958998375,5.625,47.82222222222222,3.8881855826142906,True
300.0,-4.0,0.0030392822033415,0.0030392822033415,0.0040067760273814,0.0028385990299284,0.0022724715527147,0.0007221072426265,1.0,0,285,285,5.655991810819852,5.625,50.666666666666664,3.9448128282511368,True
300.0,-3.0,0.0030629955387363,0.0030629955387363,0.0035647167824208,0.0032587936148047,0.0023654762189835,0.0005087875438677,1.0,0,279,279,5.634789603169249,5.625,49.6,3.92395157629342,True
300.0,-2.0,0.0028054596235354,0.0028054596235354,0.0031387854833155,0.0032587936148047,0.002018799772486,0.0005584059328992,1.0,0,268,268,5.594711379601839,5.625,47.644444444444446,3.8845376077525433,True
300.0,-1.0,0.0021541268021489,0.0021541268021489,0.002689839573577,0.0020994471851736,0.001673093647696,0.0004168816497387,1.0,0,304,304,5.720311776607412,5.625,54.044444444444444,4.0081409397190395,True
300.0,0.0,0.0026318651313583,0.0026318651313583,0.0029541405383497,0.0018022956792265,0.0031391591764986,0.0005914372781894,1.0,0,296,296,5.6937321388027,5.625,52.62222222222222,3.981963575854712,True
300.0,1.0,0.0020768574516599,0.0020768574516599,0.0018408277537673,0.0011671417159959,0.0032226028852164,0.000855574921036,1.0,0,343,343,5.840641657373398,5.625,60.977777777777774,4.126775897857169,True
300.0,2.0,0.0006775544443371,0.0006775544443371,0.0010947393020614,-2.588732422736939e-05,0.0009638113551773,0.0005002721080503,0.6666666666666666,1,286,286,5.659482215759621,5.625,50.84444444444444,3.94824778225111,True
300.0,3.0,-0.0009723031592632,-0.0009723031592632,-0.0002047507587121,-0.0021890553180128,-0.0005231034010648,0.0008701346497676,0.0,0,276,276,5.6240175061873385,5.625,49.06666666666667,3.913355450661925,True
300.0,4.0,0.0011086112936027,0.0011086112936027,0.0013219501124694,0.0006131771369837,0.0013907066313549,0.0003514475943683,1.0,0,286,286,5.659482215759621,5.625,50.84444444444444,3.94824778225111,True
300.0,5.0,0.0006472943156647,0.0006472943156647,0.0001706723705865,0.000497106811963,0.0012741037644445,0.0004628228062221,1.0,0,252,252,5.53338948872752,5.625,44.8,3.8242840911201395,True
300.0,6.0,0.0001333717373199,0.0001333717373199,-0.0009535117424093,0.0001075787004083,0.0012460482539609,0.0008981518078709,0.6666666666666666,1,256,256,5.54907608489522,5.625,45.51111111111111,3.83969123267568,True
300.0,7.0,-0.0006033539345177,-0.0006033539345177,-0.000966488441918,-0.0014660143060609,0.0006224409444257,0.0008904348511336,0.3333333333333333,1,252,252,5.53338948872752,5.625,44.8,3.8242840911201395,True
300.0,8.0,-0.0007448876907195,-0.0007448876907195,-0.0009650535648688,-0.0014660143060609,0.0001964047987712,0.0006963064838286,0.3333333333333333,1,236,236,5.4680601411351315,5.625,41.955555555555556,3.7601659894380113,True
300.0,9.0,-0.0007448876907195,-0.0007448876907195,-0.0009650535648688,-0.0014660143060609,0.0001964047987712,0.0006963064838286,0.3333333333333333,1,190,190,5.25227342804663,5.625,33.77777777777778,3.548978613203934,True
300.0,10.0,-0.0008751533702403,-0.0008751533702403,-0.0013558506034314,-0.0014660143060609,0.0001964047987712,0.0007590396092106,0.3333333333333333,1,189,189,5.247024072160486,5.625,33.6,3.543853682063679,True
